#
# There is insufficient memory for the Java Runtime Environment to continue.
# Native memory allocation (mmap) failed to map 65536 bytes. Error detail: Failed to commit metaspace.
# Possible reasons:
#   The system is out of physical RAM or swap space
#   This process is running with CompressedOops enabled, and the Java Heap may be blocking the growth of the native heap
# Possible solutions:
#   Reduce memory load on the system
#   Increase physical memory or swap space
#   Check if swap backing store is full
#   Decrease Java heap size (-Xmx/-Xms)
#   Decrease number of Java threads
#   Decrease Java thread stack sizes (-Xss)
#   Set larger code cache with -XX:ReservedCodeCacheSize=
#   JVM is running with Unscaled Compressed Oops mode in which the Java heap is
#     placed in the first 4GB address space. The Java Heap base address is the
#     maximum limit for the native heap growth. Please use -XX:HeapBaseMinAddress
#     to set the Java Heap base and to place the Java Heap above 4GB virtual address.
# This output file may be truncated or incomplete.
#
#  Out of Memory Error (virtualSpaceNode.cpp:113), pid=20856, tid=8236
#
# JRE version: OpenJDK Runtime Environment (21.0.5) (build 21.0.5+-13047016-b750.29)
# Java VM: OpenJDK 64-Bit Server VM (21.0.5+-13047016-b750.29, mixed mode, tiered, compressed oops, compressed class ptrs, g1 gc, windows-amd64)
# No core dump will be written. Minidumps are not enabled by default on client versions of Windows
#

---------------  S U M M A R Y ------------

Command Line: --add-opens=java.base/java.util=ALL-UNNAMED --add-opens=java.base/java.lang=ALL-UNNAMED --add-opens=java.base/java.lang.invoke=ALL-UNNAMED --add-opens=java.prefs/java.util.prefs=ALL-UNNAMED --add-exports=jdk.compiler/com.sun.tools.javac.api=ALL-UNNAMED --add-exports=jdk.compiler/com.sun.tools.javac.util=ALL-UNNAMED --add-opens=java.base/java.nio.charset=ALL-UNNAMED --add-opens=java.base/java.net=ALL-UNNAMED --add-opens=java.base/java.util.concurrent.atomic=ALL-UNNAMED -XX:MaxMetaspaceSize=384m -XX:+HeapDumpOnOutOfMemoryError -Xms256m -Xmx512m -Dfile.encoding=UTF-8 -Duser.country=IN -Duser.language=en -Duser.variant -javaagent:C:\Users\nihar\.gradle\wrapper\dists\gradle-8.10-bin\deqhafrv1ntovfmgh0nh3npr9\gradle-8.10\lib\agents\gradle-instrumentation-agent-8.10.jar org.gradle.launcher.daemon.bootstrap.GradleDaemon 8.10

Host: AMD Ryzen 5 5600H with Radeon Graphics         , 12 cores, 7G,  Windows 11 , 64 bit Build 26100 (10.0.26100.7920)
Time: Sun Mar 29 10:36:47 2026 India Standard Time elapsed time: 17.970189 seconds (0d 0h 0m 17s)

---------------  T H R E A D  ---------------

Current thread (0x00000285a3ac0440):  JavaThread "Daemon worker"        [_thread_in_vm, id=8236, stack(0x000000edb1300000,0x000000edb1400000) (1024K)]

Stack: [0x000000edb1300000,0x000000edb1400000]
Native frames: (J=compiled Java code, j=interpreted, Vv=VM code, C=native code)
V  [jvm.dll+0x6cfb29]
V  [jvm.dll+0x85df93]
V  [jvm.dll+0x8604ee]
V  [jvm.dll+0x860bd3]
V  [jvm.dll+0x27e6b6]
V  [jvm.dll+0x858e6e]
V  [jvm.dll+0x673d95]
V  [jvm.dll+0x1e3111]
V  [jvm.dll+0x1e2ede]
V  [jvm.dll+0x6766e8]
V  [jvm.dll+0x676522]
V  [jvm.dll+0x67478e]
V  [jvm.dll+0x26ae47]
V  [jvm.dll+0x2108f7]
V  [jvm.dll+0x215964]
V  [jvm.dll+0x20ae29]
V  [jvm.dll+0x5b1d63]
V  [jvm.dll+0x7d5f50]
V  [jvm.dll+0x7d607e]
V  [jvm.dll+0x46ebdd]
V  [jvm.dll+0x474528]
C  [java.dll+0x17ec]

Java frames: (J=compiled Java code, j=interpreted, Vv=VM code)
J 794  java.lang.ClassLoader.defineClass1(Ljava/lang/ClassLoader;Ljava/lang/String;[BIILjava/security/ProtectionDomain;Ljava/lang/String;)Ljava/lang/Class; java.base@21.0.5 (0 bytes) @ 0x00000285921df389 [0x00000285921df2c0+0x00000000000000c9]
J 9622 c2 java.security.SecureClassLoader.defineClass(Ljava/lang/String;[BIILjava/security/CodeSource;)Ljava/lang/Class; java.base@21.0.5 (16 bytes) @ 0x000002859234cff4 [0x000002859234ca40+0x00000000000005b4]
J 3960 c1 java.net.URLClassLoader.defineClass(Ljava/lang/String;Ljdk/internal/loader/Resource;)Ljava/lang/Class; java.base@21.0.5 (224 bytes) @ 0x000002858a7b6a9c [0x000002858a7b5840+0x000000000000125c]
J 8887 c1 java.net.URLClassLoader$1.run()Ljava/lang/Class; java.base@21.0.5 (81 bytes) @ 0x000002858b6428ec [0x000002858b641ce0+0x0000000000000c0c]
J 3542 c2 java.net.URLClassLoader.findClass(Ljava/lang/String;)Ljava/lang/Class; java.base@21.0.5 (47 bytes) @ 0x00000285921ff6a0 [0x00000285921ff5e0+0x00000000000000c0]
J 8245 c1 org.gradle.internal.classloader.VisitableURLClassLoader$InstrumentingVisitableURLClassLoader.findClass(Ljava/lang/String;)Ljava/lang/Class; (36 bytes) @ 0x000002858b502c1c [0x000002858b502b40+0x00000000000000dc]
J 5911 c2 java.lang.ClassLoader.loadClass(Ljava/lang/String;Z)Ljava/lang/Class; java.base@21.0.5 (121 bytes) @ 0x00000285922a2648 [0x00000285922a2320+0x0000000000000328]
J 4160 c2 java.lang.ClassLoader.loadClass(Ljava/lang/String;)Ljava/lang/Class; java.base@21.0.5 (7 bytes) @ 0x00000285923849ec [0x00000285923849a0+0x000000000000004c]
v  ~StubRoutines::call_stub 0x0000028591bf100d
j  com.sun.xml.bind.v2.model.impl.PropertyInfoImpl.<init>(Lcom/sun/xml/bind/v2/model/impl/ClassInfoImpl;Lcom/sun/xml/bind/v2/model/impl/PropertySeed;)V+34
j  com.sun.xml.bind.v2.model.impl.SingleTypePropertyInfoImpl.<init>(Lcom/sun/xml/bind/v2/model/impl/ClassInfoImpl;Lcom/sun/xml/bind/v2/model/impl/PropertySeed;)V+3
j  com.sun.xml.bind.v2.model.impl.AttributePropertyInfoImpl.<init>(Lcom/sun/xml/bind/v2/model/impl/ClassInfoImpl;Lcom/sun/xml/bind/v2/model/impl/PropertySeed;)V+3
j  com.sun.xml.bind.v2.model.impl.RuntimeAttributePropertyInfoImpl.<init>(Lcom/sun/xml/bind/v2/model/impl/RuntimeClassInfoImpl;Lcom/sun/xml/bind/v2/model/impl/PropertySeed;)V+3
j  com.sun.xml.bind.v2.model.impl.RuntimeClassInfoImpl.createAttributeProperty(Lcom/sun/xml/bind/v2/model/impl/PropertySeed;)Lcom/sun/xml/bind/v2/model/impl/AttributePropertyInfoImpl;+6
j  com.sun.xml.bind.v2.model.impl.ClassInfoImpl.addProperty(Lcom/sun/xml/bind/v2/model/impl/PropertySeed;[Ljava/lang/annotation/Annotation;Z)V+1107
j  com.sun.xml.bind.v2.model.impl.ClassInfoImpl.findFieldProperties(Ljava/lang/Object;Ljavax/xml/bind/annotation/XmlAccessType;)V+323
j  com.sun.xml.bind.v2.model.impl.ClassInfoImpl.getProperties()Ljava/util/List;+34
j  com.sun.xml.bind.v2.model.impl.RuntimeClassInfoImpl.getProperties()Ljava/util/List;+1
j  com.sun.xml.bind.v2.model.impl.ModelBuilder.getClassInfo(Ljava/lang/Object;ZLcom/sun/xml/bind/v2/model/annotation/Locatable;)Lcom/sun/xml/bind/v2/model/core/NonElement;+192
j  com.sun.xml.bind.v2.model.impl.RuntimeModelBuilder.getClassInfo(Ljava/lang/Class;ZLcom/sun/xml/bind/v2/model/annotation/Locatable;)Lcom/sun/xml/bind/v2/model/runtime/RuntimeNonElement;+4
j  com.sun.xml.bind.v2.model.impl.RuntimeModelBuilder.getClassInfo(Ljava/lang/Object;ZLcom/sun/xml/bind/v2/model/annotation/Locatable;)Lcom/sun/xml/bind/v2/model/core/NonElement;+7
j  com.sun.xml.bind.v2.model.impl.ModelBuilder.getClassInfo(Ljava/lang/Object;Lcom/sun/xml/bind/v2/model/annotation/Locatable;)Lcom/sun/xml/bind/v2/model/core/NonElement;+4
j  com.sun.xml.bind.v2.model.impl.RuntimeModelBuilder.getClassInfo(Ljava/lang/Class;Lcom/sun/xml/bind/v2/model/annotation/Locatable;)Lcom/sun/xml/bind/v2/model/runtime/RuntimeNonElement;+3
j  com.sun.xml.bind.v2.model.impl.RuntimeModelBuilder.getClassInfo(Ljava/lang/Object;Lcom/sun/xml/bind/v2/model/annotation/Locatable;)Lcom/sun/xml/bind/v2/model/core/NonElement;+6
j  com.sun.xml.bind.v2.model.impl.ModelBuilder.getTypeInfo(Ljava/lang/Object;Lcom/sun/xml/bind/v2/model/annotation/Locatable;)Lcom/sun/xml/bind/v2/model/core/NonElement;+112
j  com.sun.xml.bind.v2.model.impl.RegistryInfoImpl.<init>(Lcom/sun/xml/bind/v2/model/impl/ModelBuilder;Lcom/sun/xml/bind/v2/model/annotation/Locatable;Ljava/lang/Object;)V+202
j  com.sun.xml.bind.v2.model.impl.ModelBuilder.addRegistry(Ljava/lang/Object;Lcom/sun/xml/bind/v2/model/annotation/Locatable;)Lcom/sun/xml/bind/v2/model/core/RegistryInfo;+7
j  com.sun.xml.bind.v2.model.impl.ModelBuilder.getTypeInfo(Lcom/sun/xml/bind/v2/model/core/Ref;)Lcom/sun/xml/bind/v2/model/core/NonElement;+81
j  com.sun.xml.bind.v2.runtime.JAXBContextImpl.getTypeInfoSet()Lcom/sun/xml/bind/v2/model/runtime/RuntimeTypeInfoSet;+104
j  com.sun.xml.bind.v2.runtime.JAXBContextImpl.<init>(Lcom/sun/xml/bind/v2/runtime/JAXBContextImpl$JAXBContextBuilder;)V+258
j  com.sun.xml.bind.v2.runtime.JAXBContextImpl.<init>(Lcom/sun/xml/bind/v2/runtime/JAXBContextImpl$JAXBContextBuilder;Lcom/sun/xml/bind/v2/runtime/JAXBContextImpl$1;)V+2
j  com.sun.xml.bind.v2.runtime.JAXBContextImpl$JAXBContextBuilder.build()Lcom/sun/xml/bind/v2/runtime/JAXBContextImpl;+65
j  com.sun.xml.bind.v2.ContextFactory.createContext([Ljava/lang/Class;Ljava/util/Map;)Ljavax/xml/bind/JAXBContext;+504
j  com.sun.xml.bind.v2.ContextFactory.createContext(Ljava/lang/String;Ljava/lang/ClassLoader;Ljava/util/Map;)Ljavax/xml/bind/JAXBContext;+173
j  java.lang.invoke.DirectMethodHandle$Holder.invokeStatic(Ljava/lang/Object;Ljava/lang/Object;Ljava/lang/Object;Ljava/lang/Object;)Ljava/lang/Object;+14 java.base@21.0.5
j  java.lang.invoke.LambdaForm$MH+0x0000000100e68c00.invoke(Ljava/lang/Object;Ljava/lang/Object;Ljava/lang/Object;Ljava/lang/Object;Ljava/lang/Object;)Ljava/lang/Object;+74 java.base@21.0.5
J 2436 c1 jdk.internal.reflect.DirectMethodHandleAccessor.invoke(Ljava/lang/Object;[Ljava/lang/Object;)Ljava/lang/Object; java.base@21.0.5 (92 bytes) @ 0x000002858ab65f84 [0x000002858ab652c0+0x0000000000000cc4]
J 2435 c1 java.lang.reflect.Method.invoke(Ljava/lang/Object;[Ljava/lang/Object;)Ljava/lang/Object; java.base@21.0.5 (108 bytes) @ 0x000002858ab64a34 [0x000002858ab64540+0x00000000000004f4]
j  javax.xml.bind.ContextFinder.newInstance(Ljava/lang/String;[Ljava/lang/Class;Ljava/lang/Class;Ljava/lang/ClassLoader;Ljava/util/Map;)Ljavax/xml/bind/JAXBContext;+62
j  javax.xml.bind.ContextFinder.newInstance(Ljava/lang/String;[Ljava/lang/Class;Ljava/lang/String;Ljava/lang/ClassLoader;Ljava/util/Map;)Ljavax/xml/bind/JAXBContext;+16
j  javax.xml.bind.ContextFinder.find(Ljava/lang/String;Ljava/lang/String;Ljava/lang/ClassLoader;Ljava/util/Map;)Ljavax/xml/bind/JAXBContext;+156
j  javax.xml.bind.JAXBContext.newInstance(Ljava/lang/String;Ljava/lang/ClassLoader;Ljava/util/Map;)Ljavax/xml/bind/JAXBContext;+5
j  javax.xml.bind.JAXBContext.newInstance(Ljava/lang/String;Ljava/lang/ClassLoader;)Ljavax/xml/bind/JAXBContext;+5
j  com.android.repository.impl.meta.SchemaModuleUtil.getContext(Ljava/util/Collection;)Ljavax/xml/bind/JAXBContext;+125
j  com.android.repository.impl.meta.SchemaModuleUtil.setupUnmarshaller(Ljava/io/InputStream;Ljava/util/Collection;ZLcom/android/repository/api/ProgressIndicator;Ljava/lang/String;)Ljavax/xml/bind/Unmarshaller;+1
j  com.android.repository.impl.meta.SchemaModuleUtil.unmarshal(Ljava/io/InputStream;Ljava/util/Collection;ZLcom/android/repository/api/ProgressIndicator;Ljava/lang/String;)Ljava/lang/Object;+6
j  com.android.build.gradle.internal.SdkParsingUtilsKt.parsePackage(Ljava/io/File;)Lcom/android/repository/api/LocalPackage;+66
j  com.android.build.gradle.internal.SdkParsingUtilsKt.buildBuildTools(Ljava/io/File;Lcom/android/repository/Revision;)Lcom/android/sdklib/BuildToolInfo;+45
j  com.android.build.gradle.internal.SdkDirectLoadingStrategy.loadSdkComponents(Ljava/lang/String;Lcom/android/repository/Revision;)Lcom/android/build/gradle/internal/SdkDirectLoadingStrategy$DirectLoadComponents;+85
j  com.android.build.gradle.internal.SdkDirectLoadingStrategy.init()Lcom/android/build/gradle/internal/SdkDirectLoadingStrategy$DirectLoadComponents;+69
j  com.android.build.gradle.internal.SdkDirectLoadingStrategy.access$init(Lcom/android/build/gradle/internal/SdkDirectLoadingStrategy;)Lcom/android/build/gradle/internal/SdkDirectLoadingStrategy$DirectLoadComponents;+1
j  com.android.build.gradle.internal.SdkDirectLoadingStrategy$components$2.invoke()Lcom/android/build/gradle/internal/SdkDirectLoadingStrategy$DirectLoadComponents;+4
j  com.android.build.gradle.internal.SdkDirectLoadingStrategy$components$2.invoke()Ljava/lang/Object;+1
J 9637 c1 kotlin.SynchronizedLazyImpl.getValue()Ljava/lang/Object; (92 bytes) @ 0x000002858a7cd7f4 [0x000002858a7cd3e0+0x0000000000000414]
j  com.android.build.gradle.internal.SdkDirectLoadingStrategy.getComponents()Lcom/android/build/gradle/internal/SdkDirectLoadingStrategy$DirectLoadComponents;+6
j  com.android.build.gradle.internal.SdkDirectLoadingStrategy.loadedSuccessfully()Z+1
j  com.android.build.gradle.internal.SdkLoadingStrategy.getAndroidJar()Ljava/io/File;+4
j  com.android.build.gradle.internal.SdkComponentsBuildService$VersionedSdkLoader$sdkSetupCorrectly$1.call()Ljava/lang/Boolean;+7
j  com.android.build.gradle.internal.SdkComponentsBuildService$VersionedSdkLoader$sdkSetupCorrectly$1.call()Ljava/lang/Object;+1
J 8620 c1 org.gradle.api.internal.provider.DefaultProvider.calculateOwnValue(Lorg/gradle/api/internal/provider/ValueSupplier$ValueConsumer;)Lorg/gradle/api/internal/provider/ValueSupplier$Value; (60 bytes) @ 0x000002858b5c619c [0x000002858b5c5d20+0x000000000000047c]
j  org.gradle.api.internal.provider.AbstractMinimalProvider.calculateOwnPresentValue()Lorg/gradle/api/internal/provider/ValueSupplier$Value;+4
j  org.gradle.api.internal.provider.AbstractMinimalProvider.get()Ljava/lang/Object;+1
j  com.android.build.gradle.internal.ide.v2.ModelBuilder.buildBasicAndroidProjectModel(Lorg/gradle/api/Project;)Lcom/android/builder/model/v2/models/BasicAndroidProject;+56
j  com.android.build.gradle.internal.ide.v2.ModelBuilder.buildAll(Ljava/lang/String;Lorg/gradle/api/Project;)Ljava/lang/Object;+75
j  org.gradle.tooling.provider.model.internal.DefaultToolingModelBuilderRegistry$BuilderWithParameter.build(Ljava/lang/Object;)Ljava/lang/Object;+16
j  org.gradle.tooling.provider.model.internal.DefaultToolingModelBuilderRegistry$UserCodeAssigningBuilder.lambda$build$0(Ljava/lang/Object;)Ljava/lang/Object;+5
j  org.gradle.tooling.provider.model.internal.DefaultToolingModelBuilderRegistry$UserCodeAssigningBuilder$$Lambda+0x0000000100d3b5f0.get()Ljava/lang/Object;+8
j  org.gradle.internal.code.DefaultUserCodeApplicationContext$CurrentApplication.reapply(Ljava/util/function/Supplier;)Ljava/lang/Object;+26
j  org.gradle.tooling.provider.model.internal.DefaultToolingModelBuilderRegistry$UserCodeAssigningBuilder.build(Ljava/lang/Object;)Ljava/lang/Object;+11
j  org.gradle.tooling.provider.model.internal.DefaultToolingModelBuilderRegistry$LockSingleProjectBuilder.lambda$build$0(Ljava/lang/Object;Lorg/gradle/api/internal/project/ProjectInternal;)Ljava/lang/Object;+5
j  org.gradle.tooling.provider.model.internal.DefaultToolingModelBuilderRegistry$LockSingleProjectBuilder$$Lambda+0x0000000100d397b8.apply(Ljava/lang/Object;)Ljava/lang/Object;+12
j  org.gradle.api.internal.project.DefaultProjectStateRegistry$ProjectStateImpl.lambda$fromMutableState$2(Ljava/util/function/Function;)Ljava/lang/Object;+5
j  org.gradle.api.internal.project.DefaultProjectStateRegistry$ProjectStateImpl$$Lambda+0x000000010090f670.create()Ljava/lang/Object;+8
j  org.gradle.internal.work.DefaultWorkerLeaseService.withReplacedLocks(Ljava/util/Collection;Lorg/gradle/internal/resources/ResourceLock;Lorg/gradle/internal/Factory;)Ljava/lang/Object;+40
j  org.gradle.api.internal.project.DefaultProjectStateRegistry$ProjectStateImpl.fromMutableState(Ljava/util/function/Function;)Ljava/lang/Object;+132
j  org.gradle.tooling.provider.model.internal.DefaultToolingModelBuilderRegistry$LockSingleProjectBuilder.build(Ljava/lang/Object;)Ljava/lang/Object;+11
j  org.gradle.tooling.provider.model.internal.DefaultToolingModelBuilderRegistry$BuildOperationWrappingBuilder$1.call(Lorg/gradle/internal/operations/BuildOperationContext;)Ljava/lang/Object;+11
J 7547 c1 org.gradle.internal.operations.DefaultBuildOperationRunner$CallableBuildOperationWorker.execute(Lorg/gradle/internal/operations/BuildOperation;Lorg/gradle/internal/operations/BuildOperationContext;)V (10 bytes) @ 0x000002858b382324 [0x000002858b3820e0+0x0000000000000244]
J 7239 c1 org.gradle.internal.operations.DefaultBuildOperationRunner$2.execute(Lorg/gradle/internal/operations/BuildOperationDescriptor;Lorg/gradle/internal/operations/BuildOperationState;Lorg/gradle/internal/operations/BuildOperationState;Lorg/gradle/internal/operations/DefaultBuildOperationRunner$ReadableBuildOperationContext;Lorg/gradle/internal/operations/DefaultBuildOperationRunner$BuildOperationExecutionListener;)Lorg/gradle/internal/operations/BuildOperation; (110 bytes) @ 0x000002858b2ea1b4 [0x000002858b2e9fc0+0x00000000000001f4]
J 7359 c1 org.gradle.internal.operations.DefaultBuildOperationRunner$2.execute(Lorg/gradle/internal/operations/BuildOperationDescriptor;Lorg/gradle/internal/operations/BuildOperationState;Lorg/gradle/internal/operations/BuildOperationState;Lorg/gradle/internal/operations/DefaultBuildOperationRunner$ReadableBuildOperationContext;Lorg/gradle/internal/operations/DefaultBuildOperationRunner$BuildOperationExecutionListener;)Ljava/lang/Object; (12 bytes) @ 0x000002858b314abc [0x000002858b314a40+0x000000000000007c]
J 7083 c1 org.gradle.internal.operations.DefaultBuildOperationRunner.execute(Lorg/gradle/internal/operations/BuildOperationDescriptor$Builder;Lorg/gradle/internal/operations/BuildOperationState;Lorg/gradle/internal/operations/DefaultBuildOperationRunner$BuildOperationExecution;)Ljava/lang/Object; (147 bytes) @ 0x000002858b28582c [0x000002858b284d00+0x0000000000000b2c]
J 7355 c1 org.gradle.internal.operations.DefaultBuildOperationRunner.execute(Lorg/gradle/internal/operations/BuildOperation;Lorg/gradle/internal/operations/BuildOperationWorker;Lorg/gradle/internal/operations/BuildOperationState;)V (23 bytes) @ 0x000002858b3150fc [0x000002858b314e60+0x000000000000029c]
J 7568 c1 org.gradle.internal.operations.DefaultBuildOperationRunner.call(Lorg/gradle/internal/operations/CallableBuildOperation;)Ljava/lang/Object; (24 bytes) @ 0x000002858b388cb4 [0x000002858b388820+0x0000000000000494]
j  org.gradle.tooling.provider.model.internal.DefaultToolingModelBuilderRegistry$BuildOperationWrappingBuilder.build(Ljava/lang/Object;)Ljava/lang/Object;+13
j  org.gradle.internal.build.DefaultBuildToolingModelController$AbstractToolingScope.getModel(Ljava/lang/String;Lorg/gradle/tooling/provider/model/internal/ToolingModelParameterCarrier;)Ljava/lang/Object;+11
j  org.gradle.tooling.internal.provider.runner.DefaultBuildController.getModel(Ljava/lang/Object;Lorg/gradle/tooling/internal/protocol/ModelIdentifier;Ljava/lang/Object;)Lorg/gradle/tooling/internal/protocol/BuildResult;+72
j  org.gradle.tooling.internal.consumer.connection.ParameterAwareBuildControllerAdapter.getModel(Ljava/lang/Object;Lorg/gradle/tooling/internal/protocol/ModelIdentifier;Ljava/lang/Object;)Lorg/gradle/tooling/internal/protocol/BuildResult;+7
j  org.gradle.tooling.internal.consumer.connection.UnparameterizedBuildController.getModel(Lorg/gradle/tooling/model/Model;Ljava/lang/Class;Ljava/lang/Class;Lorg/gradle/api/Action;)Ljava/lang/Object;+44
j  org.gradle.tooling.internal.consumer.connection.NestedActionAwareBuildControllerAdapter.getModel(Lorg/gradle/tooling/model/Model;Ljava/lang/Class;Ljava/lang/Class;Lorg/gradle/api/Action;)Ljava/lang/Object;+6
j  org.gradle.tooling.internal.consumer.connection.UnparameterizedBuildController.findModel(Lorg/gradle/tooling/model/Model;Ljava/lang/Class;Ljava/lang/Class;Lorg/gradle/api/Action;)Ljava/lang/Object;+6
j  org.gradle.tooling.internal.consumer.connection.NestedActionAwareBuildControllerAdapter.findModel(Lorg/gradle/tooling/model/Model;Ljava/lang/Class;Ljava/lang/Class;Lorg/gradle/api/Action;)Ljava/lang/Object;+6
j  org.gradle.tooling.internal.consumer.connection.UnparameterizedBuildController.findModel(Lorg/gradle/tooling/model/Model;Ljava/lang/Class;)Ljava/lang/Object;+5
j  org.gradle.tooling.internal.consumer.connection.NestedActionAwareBuildControllerAdapter.findModel(Lorg/gradle/tooling/model/Model;Ljava/lang/Class;)Ljava/lang/Object;+3
j  com.android.tools.idea.gradle.project.sync.SyncActionRunnerKt$toMeasuringController$1.findModel$lambda$5(Lorg/gradle/tooling/BuildController;Lorg/gradle/tooling/model/Model;Ljava/lang/Class;)Ljava/lang/Object;+3
j  com.android.tools.idea.gradle.project.sync.SyncActionRunnerKt$toMeasuringController$1$$Lambda+0x0000000100e26e08.invoke()Ljava/lang/Object;+12
j  com.android.tools.idea.projectsystem.gradle.sync.Counter.invoke(Lkotlin/jvm/functions/Function0;)Ljava/lang/Object;+22
j  com.android.tools.idea.gradle.project.sync.SyncActionRunnerKt.measure(Lcom/android/tools/idea/gradle/project/sync/SyncCounters;Ljava/lang/Class;Lkotlin/jvm/functions/Function0;)Ljava/lang/Object;+432
j  com.android.tools.idea.gradle.project.sync.SyncActionRunnerKt.access$measure(Lcom/android/tools/idea/gradle/project/sync/SyncCounters;Ljava/lang/Class;Lkotlin/jvm/functions/Function0;)Ljava/lang/Object;+3
j  com.android.tools.idea.gradle.project.sync.SyncActionRunnerKt$toMeasuringController$1.findModel(Lorg/gradle/tooling/model/Model;Ljava/lang/Class;)Ljava/lang/Object;+22
j  com.android.tools.idea.gradle.project.sync.ActionToRun$toSafeController$1.findModel(Lorg/gradle/tooling/model/Model;Ljava/lang/Class;)Ljava/lang/Object;+20
j  com.android.tools.idea.gradle.project.sync.ModelFetchersKt.findNonParameterizedV2Model(Lorg/gradle/tooling/BuildController;Lorg/gradle/tooling/model/gradle/BasicGradleProject;Ljava/lang/Class;)Ljava/lang/Object;+24
j  com.android.tools.idea.gradle.project.sync.BasicV2AndroidModuleGradleProject.getGradleModuleAction$lambda$2(Lcom/android/tools/idea/gradle/project/sync/BasicV2AndroidModuleGradleProject;Lcom/android/tools/idea/gradle/project/sync/InternedModels;Lcom/android/tools/idea/gradle/project/sync/BuildInfo;Lorg/gradle/tooling/BuildController;)Lcom/android/tools/idea/gradle/project/sync/GradleModule;+7
j  com.android.tools.idea.gradle.project.sync.BasicV2AndroidModuleGradleProject$$Lambda+0x0000000100e458a8.invoke(Ljava/lang/Object;)Ljava/lang/Object;+16
j  com.android.tools.idea.gradle.project.sync.ActionToRun.run$intellij_android_projectSystem_gradle_sync(Lorg/gradle/tooling/BuildController;)Ljava/lang/Object;+15
j  com.android.tools.idea.gradle.project.sync.SyncActionRunner.runActions$lambda$5$lambda$4(Ljava/util/Map$Entry;Lcom/android/tools/idea/gradle/project/sync/SyncActionRunner;Lorg/gradle/tooling/BuildController;)Ljava/lang/Object;+21
j  com.android.tools.idea.gradle.project.sync.SyncActionRunner$$Lambda+0x0000000100e45ae0.execute(Lorg/gradle/tooling/BuildController;)Ljava/lang/Object;+9
j  org.gradle.tooling.internal.consumer.connection.NestedActionAwareBuildControllerAdapter$1.get()Ljava/lang/Object;+8
j  org.gradle.internal.buildtree.IntermediateBuildActionRunner$NestedAction.run(Lorg/gradle/internal/operations/BuildOperationContext;)V+4
j  org.gradle.internal.buildtree.IntermediateBuildActionRunner.runActions(Ljava/util/Collection;)V+53
j  org.gradle.internal.buildtree.IntermediateBuildActionRunner.run(Ljava/util/List;)Ljava/util/List;+66
j  org.gradle.internal.buildtree.DefaultBuildTreeModelCreator$DefaultBuildTreeModelController.runQueryModelActions(Ljava/util/List;)Ljava/util/List;+8
j  org.gradle.tooling.internal.provider.runner.DefaultBuildController.run(Ljava/util/List;)Ljava/util/List;+9
j  org.gradle.tooling.internal.consumer.connection.NestedActionAwareBuildControllerAdapter.run(Ljava/util/Collection;)Ljava/util/List;+66
j  org.jetbrains.plugins.gradle.model.DefaultBuildController.run(Ljava/util/Collection;)Ljava/util/List;+12
j  com.android.tools.idea.gradle.project.sync.SyncActionRunner.runActions(Ljava/util/List;)Ljava/util/List;+568
j  com.android.tools.idea.gradle.project.sync.SyncProjectActionWorker.fetchGradleModulesAction(Ljava/util/List;)Ljava/util/List;+119
j  com.android.tools.idea.gradle.project.sync.SyncProjectActionWorker.populateAndroidModels$lambda$0(Lcom/android/tools/idea/gradle/project/sync/SyncProjectActionWorker;Ljava/util/List;)Ljava/util/List;+2
j  com.android.tools.idea.gradle.project.sync.SyncProjectActionWorker$$Lambda+0x0000000100e45208.invoke()Ljava/lang/Object;+8
j  com.android.tools.idea.projectsystem.gradle.sync.Counter.invoke(Lkotlin/jvm/functions/Function0;)Ljava/lang/Object;+22
j  com.android.tools.idea.gradle.project.sync.SyncProjectActionWorker.populateAndroidModels(Ljava/util/List;Z)Ljava/util/List;+20
j  com.android.tools.idea.gradle.project.sync.AndroidExtraModelProviderWorker.populateBuildModels()V+574
j  com.android.tools.idea.gradle.project.sync.AndroidExtraModelProviderImpl.populateBuildModels(Lorg/gradle/tooling/BuildController;Lorg/gradle/tooling/model/gradle/GradleBuild;Lorg/jetbrains/plugins/gradle/model/ProjectImportModelProvider$GradleModelConsumer;)V+250
j  com.android.tools.idea.gradle.project.sync.AndroidExtraModelProvider.populateBuildModels(Lorg/gradle/tooling/BuildController;Lorg/gradle/tooling/model/gradle/GradleBuild;Lorg/jetbrains/plugins/gradle/model/ProjectImportModelProvider$GradleModelConsumer;)V+25
j  com.intellij.gradle.toolingExtension.impl.modelAction.GradleModelFetchAction.lambda$populateModels$13(Lorg/gradle/tooling/model/gradle/GradleBuild;Lorg/jetbrains/plugins/gradle/model/ProjectImportModelProvider;Lorg/gradle/tooling/BuildController;Lorg/jetbrains/plugins/gradle/model/ProjectImportModelProvider$GradleModelConsumer;Lio/opentelemetry/api/trace/Span;)V+43
j  com.intellij.gradle.toolingExtension.impl.modelAction.GradleModelFetchAction$$Lambda+0x0000000100d6a240.accept(Ljava/lang/Object;)V+20
j  com.intellij.gradle.toolingExtension.impl.telemetry.GradleOpenTelemetry.lambda$runWithSpan$1(Ljava/util/function/Consumer;Lio/opentelemetry/api/trace/Span;)Ljava/lang/Object;+2
j  com.intellij.gradle.toolingExtension.impl.telemetry.GradleOpenTelemetry$$Lambda+0x0000000100d65e08.apply(Ljava/lang/Object;)Ljava/lang/Object;+8
j  com.intellij.gradle.toolingExtension.impl.telemetry.GradleOpenTelemetry.callWithSpan(Ljava/lang/String;Ljava/util/function/Consumer;Ljava/util/function/Function;)Ljava/lang/Object;+67
j  com.intellij.gradle.toolingExtension.impl.telemetry.GradleOpenTelemetry.callWithSpan(Ljava/lang/String;Ljava/util/function/Function;)Ljava/lang/Object;+24
j  com.intellij.gradle.toolingExtension.impl.telemetry.GradleOpenTelemetry.runWithSpan(Ljava/lang/String;Ljava/util/function/Consumer;)V+26
j  com.intellij.gradle.toolingExtension.impl.modelAction.GradleModelFetchAction.lambda$populateModels$15(Ljava/util/Collection;Ljava/util/Collection;Lcom/intellij/gradle/toolingExtension/impl/telemetry/GradleOpenTelemetry;Lorg/gradle/tooling/BuildController;Lorg/jetbrains/plugins/gradle/model/ProjectImportModelProvider$GradleModelConsumer;Lio/opentelemetry/api/trace/Span;)V+177
j  com.intellij.gradle.toolingExtension.impl.modelAction.GradleModelFetchAction$$Lambda+0x0000000100d66060.accept(Ljava/lang/Object;)V+24
j  com.intellij.gradle.toolingExtension.impl.telemetry.GradleOpenTelemetry.lambda$runWithSpan$1(Ljava/util/function/Consumer;Lio/opentelemetry/api/trace/Span;)Ljava/lang/Object;+2
j  com.intellij.gradle.toolingExtension.impl.telemetry.GradleOpenTelemetry$$Lambda+0x0000000100d65e08.apply(Ljava/lang/Object;)Ljava/lang/Object;+8
j  com.intellij.gradle.toolingExtension.impl.telemetry.GradleOpenTelemetry.callWithSpan(Ljava/lang/String;Ljava/util/function/Consumer;Ljava/util/function/Function;)Ljava/lang/Object;+67
j  com.intellij.gradle.toolingExtension.impl.telemetry.GradleOpenTelemetry.callWithSpan(Ljava/lang/String;Ljava/util/function/Function;)Ljava/lang/Object;+24
j  com.intellij.gradle.toolingExtension.impl.telemetry.GradleOpenTelemetry.runWithSpan(Ljava/lang/String;Ljava/util/function/Consumer;)V+26
j  com.intellij.gradle.toolingExtension.impl.modelAction.GradleModelFetchAction.populateModels(Lorg/gradle/tooling/BuildController;Lcom/intellij/gradle/toolingExtension/impl/telemetry/GradleOpenTelemetry;Lorg/jetbrains/plugins/gradle/model/ProjectImportModelProvider$GradleModelConsumer;Ljava/util/Collection;Ljava/util/Collection;)V+61
j  com.intellij.gradle.toolingExtension.impl.modelAction.GradleModelFetchAction.lambda$executeAction$10(Lcom/intellij/gradle/toolingExtension/modelAction/GradleModelFetchPhase;Lorg/gradle/tooling/BuildController;Lcom/intellij/gradle/toolingExtension/impl/telemetry/GradleOpenTelemetry;Lorg/jetbrains/plugins/gradle/model/ProjectImportModelProvider$GradleModelConsumer;Ljava/util/Collection;Lcom/intellij/gradle/toolingExtension/impl/modelAction/GradleDaemonModelHolder;Lio/opentelemetry/api/trace/Span;)V+26
j  com.intellij.gradle.toolingExtension.impl.modelAction.GradleModelFetchAction$$Lambda+0x0000000100d65980.accept(Ljava/lang/Object;)V+32
j  com.intellij.gradle.toolingExtension.impl.telemetry.GradleOpenTelemetry.lambda$runWithSpan$1(Ljava/util/function/Consumer;Lio/opentelemetry/api/trace/Span;)Ljava/lang/Object;+2
j  com.intellij.gradle.toolingExtension.impl.telemetry.GradleOpenTelemetry$$Lambda+0x0000000100d65e08.apply(Ljava/lang/Object;)Ljava/lang/Object;+8
j  com.intellij.gradle.toolingExtension.impl.telemetry.GradleOpenTelemetry.callWithSpan(Ljava/lang/String;Ljava/util/function/Consumer;Ljava/util/function/Function;)Ljava/lang/Object;+67
j  com.intellij.gradle.toolingExtension.impl.telemetry.GradleOpenTelemetry.callWithSpan(Ljava/lang/String;Ljava/util/function/Function;)Ljava/lang/Object;+24
j  com.intellij.gradle.toolingExtension.impl.telemetry.GradleOpenTelemetry.runWithSpan(Ljava/lang/String;Ljava/util/function/Consumer;)V+26
j  com.intellij.gradle.toolingExtension.impl.modelAction.GradleModelFetchAction.lambda$executeAction$11(Lcom/intellij/gradle/toolingExtension/impl/telemetry/GradleOpenTelemetry;Lorg/gradle/tooling/BuildController;Lorg/jetbrains/plugins/gradle/model/ProjectImportModelProvider$GradleModelConsumer;Ljava/util/Collection;Lcom/intellij/gradle/toolingExtension/impl/modelAction/GradleDaemonModelHolder;Lcom/intellij/gradle/toolingExtension/modelAction/GradleModelFetchPhase;)V+21
j  com.intellij.gradle.toolingExtension.impl.modelAction.GradleModelFetchAction$$Lambda+0x0000000100d65738.accept(Ljava/lang/Object;)V+28
j  java.lang.Iterable.forEach(Ljava/util/function/Consumer;)V+30 java.base@21.0.5
j  com.intellij.gradle.toolingExtension.impl.modelAction.GradleModelFetchAction.executeAction(Lorg/gradle/tooling/BuildController;Ljava/util/concurrent/ExecutorService;Lcom/intellij/gradle/toolingExtension/impl/telemetry/GradleOpenTelemetry;Lcom/intellij/gradle/toolingExtension/impl/modelAction/GradleDaemonModelHolder;)V+79
j  com.intellij.gradle.toolingExtension.impl.modelAction.GradleModelFetchAction.doExecute(Lorg/gradle/tooling/BuildController;Ljava/util/concurrent/ExecutorService;Lcom/intellij/gradle/toolingExtension/impl/telemetry/GradleOpenTelemetry;)Lcom/intellij/gradle/toolingExtension/impl/modelAction/GradleModelHolderState;+103
j  com.intellij.gradle.toolingExtension.impl.modelAction.GradleModelFetchAction.lambda$execute$1(Lorg/gradle/tooling/BuildController;Ljava/util/concurrent/ExecutorService;Lcom/intellij/gradle/toolingExtension/impl/telemetry/GradleOpenTelemetry;Lio/opentelemetry/api/trace/Span;)Lcom/intellij/gradle/toolingExtension/impl/modelAction/GradleModelHolderState;+4
j  com.intellij.gradle.toolingExtension.impl.modelAction.GradleModelFetchAction$$Lambda+0x0000000100525858.apply(Ljava/lang/Object;)Ljava/lang/Object;+20
j  com.intellij.gradle.toolingExtension.impl.telemetry.GradleOpenTelemetry.callWithSpan(Ljava/lang/String;Ljava/util/function/Consumer;Ljava/util/function/Function;)Ljava/lang/Object;+67
j  com.intellij.gradle.toolingExtension.impl.telemetry.GradleOpenTelemetry.callWithSpan(Ljava/lang/String;Ljava/util/function/Function;)Ljava/lang/Object;+24
j  com.intellij.gradle.toolingExtension.impl.modelAction.GradleModelFetchAction.lambda$execute$2(Lorg/gradle/tooling/BuildController;Ljava/util/concurrent/ExecutorService;Lcom/intellij/gradle/toolingExtension/impl/telemetry/GradleOpenTelemetry;)Lcom/intellij/gradle/toolingExtension/impl/modelAction/GradleModelHolderState;+13
j  com.intellij.gradle.toolingExtension.impl.modelAction.GradleModelFetchAction$$Lambda+0x0000000100524238.apply(Ljava/lang/Object;)Ljava/lang/Object;+16
j  com.intellij.gradle.toolingExtension.impl.modelAction.GradleModelFetchAction.withOpenTelemetry(Ljava/util/function/Function;)Lcom/intellij/gradle/toolingExtension/impl/modelAction/GradleModelHolderState;+27
j  com.intellij.gradle.toolingExtension.impl.modelAction.GradleModelFetchAction.lambda$execute$3(Lorg/gradle/tooling/BuildController;Ljava/util/concurrent/ExecutorService;)Lcom/intellij/gradle/toolingExtension/impl/modelAction/GradleModelHolderState;+9
j  com.intellij.gradle.toolingExtension.impl.modelAction.GradleModelFetchAction$$Lambda+0x0000000100518a18.apply(Ljava/lang/Object;)Ljava/lang/Object;+12
j  com.intellij.gradle.toolingExtension.impl.util.GradleExecutorServiceUtil.withSingleThreadExecutor(Ljava/lang/String;Ljava/util/function/Function;)Ljava/lang/Object;+31
j  com.intellij.gradle.toolingExtension.impl.modelAction.GradleModelFetchAction.execute(Lorg/gradle/tooling/BuildController;)Lcom/intellij/gradle/toolingExtension/impl/modelAction/GradleModelHolderState;+22
j  com.intellij.gradle.toolingExtension.impl.modelAction.GradleModelFetchAction.execute(Lorg/gradle/tooling/BuildController;)Ljava/lang/Object;+2
j  org.gradle.tooling.internal.consumer.connection.InternalBuildActionAdapter.execute(Lorg/gradle/tooling/internal/protocol/InternalBuildControllerVersion2;)Ljava/lang/Object;+11
j  org.gradle.tooling.internal.provider.runner.AbstractClientProvidedBuildActionRunner$ActionAdapter.executeAction(Ljava/lang/Object;Lorg/gradle/tooling/internal/provider/runner/DefaultBuildController;)Ljava/lang/Object;+12
j  org.gradle.tooling.internal.provider.runner.AbstractClientProvidedBuildActionRunner$ActionAdapter.runAction(Lorg/gradle/internal/buildtree/BuildTreeModelController;Ljava/lang/Object;Lorg/gradle/tooling/internal/protocol/PhasedActionResult$Phase;)V+29
j  org.gradle.tooling.internal.provider.runner.AbstractClientProvidedBuildActionRunner$ActionAdapter.fromBuildModel(Lorg/gradle/internal/buildtree/BuildTreeModelController;)Lorg/gradle/tooling/internal/provider/serialization/SerializedPayload;+14
j  org.gradle.tooling.internal.provider.runner.AbstractClientProvidedBuildActionRunner$ActionAdapter.fromBuildModel(Lorg/gradle/internal/buildtree/BuildTreeModelController;)Ljava/lang/Object;+2
j  org.gradle.internal.buildtree.DefaultBuildTreeModelCreator.fromBuildModel(Lorg/gradle/internal/buildtree/BuildTreeModelAction;)Ljava/lang/Object;+10
j  org.gradle.internal.buildtree.DefaultBuildTreeLifecycleController.lambda$fromBuildModel$2(Lorg/gradle/internal/buildtree/BuildTreeModelAction;Z)Lorg/gradle/internal/build/ExecutionResult;+57
j  org.gradle.internal.buildtree.DefaultBuildTreeLifecycleController$$Lambda+0x00000001004e9e00.get()Ljava/lang/Object;+12
j  org.gradle.internal.buildtree.DefaultBuildTreeLifecycleController.lambda$runBuild$4(Ljava/util/function/Supplier;)Ljava/lang/Object;+1
j  org.gradle.internal.buildtree.DefaultBuildTreeLifecycleController$$Lambda+0x00000001004ea038.get()Ljava/lang/Object;+8
j  org.gradle.internal.model.StateTransitionController.lambda$transition$6(Ljava/util/function/Supplier;)Lorg/gradle/internal/build/ExecutionResult;+1
j  org.gradle.internal.model.StateTransitionController$$Lambda+0x00000001004ea4a8.get()Ljava/lang/Object;+4
j  org.gradle.internal.model.StateTransitionController.doTransition(Lorg/gradle/internal/model/StateTransitionController$State;Lorg/gradle/internal/model/StateTransitionController$State;Ljava/util/function/Supplier;)Lorg/gradle/internal/build/ExecutionResult;+24
j  org.gradle.internal.model.StateTransitionController.lambda$transition$7(Lorg/gradle/internal/model/StateTransitionController$State;Lorg/gradle/internal/model/StateTransitionController$State;Ljava/util/function/Supplier;)Ljava/lang/Object;+9
j  org.gradle.internal.model.StateTransitionController$$Lambda+0x00000001004ea270.create()Ljava/lang/Object;+16
j  org.gradle.internal.work.DefaultSynchronizer.withLock(Lorg/gradle/internal/Factory;)Ljava/lang/Object;+6
j  org.gradle.internal.model.StateTransitionController.transition(Lorg/gradle/internal/model/StateTransitionController$State;Lorg/gradle/internal/model/StateTransitionController$State;Ljava/util/function/Supplier;)Ljava/lang/Object;+13
j  org.gradle.internal.buildtree.DefaultBuildTreeLifecycleController.runBuild(Ljava/util/function/Supplier;)Ljava/lang/Object;+17
j  org.gradle.internal.buildtree.DefaultBuildTreeLifecycleController.fromBuildModel(ZLorg/gradle/internal/buildtree/BuildTreeModelAction;)Ljava/lang/Object;+9
j  org.gradle.tooling.internal.provider.runner.AbstractClientProvidedBuildActionRunner.runClientAction(Lorg/gradle/tooling/internal/provider/runner/AbstractClientProvidedBuildActionRunner$ClientAction;Lorg/gradle/internal/buildtree/BuildTreeLifecycleController;)Lorg/gradle/internal/buildtree/BuildActionRunner$Result;+22
j  org.gradle.tooling.internal.provider.runner.ClientProvidedPhasedActionRunner.run(Lorg/gradle/internal/invocation/BuildAction;Lorg/gradle/internal/buildtree/BuildTreeLifecycleController;)Lorg/gradle/internal/buildtree/BuildActionRunner$Result;+45
j  org.gradle.launcher.exec.ChainingBuildActionRunner.run(Lorg/gradle/internal/invocation/BuildAction;Lorg/gradle/internal/buildtree/BuildTreeLifecycleController;)Lorg/gradle/internal/buildtree/BuildActionRunner$Result;+34
j  org.gradle.internal.buildtree.ProblemReportingBuildActionRunner.run(Lorg/gradle/internal/invocation/BuildAction;Lorg/gradle/internal/buildtree/BuildTreeLifecycleController;)Lorg/gradle/internal/buildtree/BuildActionRunner$Result;+12
j  org.gradle.launcher.exec.BuildOutcomeReportingBuildActionRunner.run(Lorg/gradle/internal/invocation/BuildAction;Lorg/gradle/internal/buildtree/BuildTreeLifecycleController;)Lorg/gradle/internal/buildtree/BuildActionRunner$Result;+69
j  org.gradle.tooling.internal.provider.FileSystemWatchingBuildActionRunner.run(Lorg/gradle/internal/invocation/BuildAction;Lorg/gradle/internal/buildtree/BuildTreeLifecycleController;)Lorg/gradle/internal/buildtree/BuildActionRunner$Result;+335
j  org.gradle.launcher.exec.BuildCompletionNotifyingBuildActionRunner.run(Lorg/gradle/internal/invocation/BuildAction;Lorg/gradle/internal/buildtree/BuildTreeLifecycleController;)Lorg/gradle/internal/buildtree/BuildActionRunner$Result;+6
j  org.gradle.launcher.exec.RootBuildLifecycleBuildActionExecutor.lambda$execute$0(Lorg/gradle/internal/invocation/BuildAction;Lorg/gradle/internal/buildtree/BuildTreeLifecycleController;)Lorg/gradle/internal/buildtree/BuildActionRunner$Result;+6
j  org.gradle.launcher.exec.RootBuildLifecycleBuildActionExecutor$$Lambda+0x00000001004b7bf8.apply(Ljava/lang/Object;)Ljava/lang/Object;+12
j  org.gradle.composite.internal.DefaultRootBuildState.run(Ljava/util/function/Function;)Ljava/lang/Object;+87
j  org.gradle.launcher.exec.RootBuildLifecycleBuildActionExecutor.execute(Lorg/gradle/internal/invocation/BuildAction;Lorg/gradle/internal/buildtree/BuildTreeContext;)Lorg/gradle/internal/buildtree/BuildActionRunner$Result;+75
j  org.gradle.internal.buildtree.InitDeprecationLoggingActionExecutor.execute(Lorg/gradle/internal/invocation/BuildAction;Lorg/gradle/internal/buildtree/BuildTreeContext;)Lorg/gradle/internal/buildtree/BuildActionRunner$Result;+83
j  org.gradle.internal.buildtree.InitProblems.execute(Lorg/gradle/internal/invocation/BuildAction;Lorg/gradle/internal/buildtree/BuildTreeContext;)Lorg/gradle/internal/buildtree/BuildActionRunner$Result;+13
j  org.gradle.internal.buildtree.DefaultBuildTreeContext.execute(Lorg/gradle/internal/invocation/BuildAction;)Lorg/gradle/internal/buildtree/BuildActionRunner$Result;+64
j  org.gradle.launcher.exec.BuildTreeLifecycleBuildActionExecutor.lambda$execute$0(Lorg/gradle/internal/invocation/BuildAction;Lorg/gradle/internal/buildtree/BuildTreeContext;)Lorg/gradle/internal/buildtree/BuildActionRunner$Result;+2
j  org.gradle.launcher.exec.BuildTreeLifecycleBuildActionExecutor$$Lambda+0x00000001003b3340.apply(Ljava/lang/Object;)Ljava/lang/Object;+8
j  org.gradle.internal.buildtree.BuildTreeState.run(Ljava/util/function/Function;)Ljava/lang/Object;+47
j  org.gradle.launcher.exec.BuildTreeLifecycleBuildActionExecutor.execute(Lorg/gradle/internal/invocation/BuildAction;Lorg/gradle/internal/session/BuildSessionContext;)Lorg/gradle/internal/buildtree/BuildActionRunner$Result;+74
j  org.gradle.launcher.exec.RunAsBuildOperationBuildActionExecutor$3.call(Lorg/gradle/internal/operations/BuildOperationContext;)Lorg/gradle/internal/buildtree/BuildActionRunner$Result;+25
j  org.gradle.launcher.exec.RunAsBuildOperationBuildActionExecutor$3.call(Lorg/gradle/internal/operations/BuildOperationContext;)Ljava/lang/Object;+2
j  org.gradle.internal.operations.DefaultBuildOperationRunner$CallableBuildOperationWorker.execute(Lorg/gradle/internal/operations/CallableBuildOperation;Lorg/gradle/internal/operations/BuildOperationContext;)V+3
j  org.gradle.internal.operations.DefaultBuildOperationRunner$CallableBuildOperationWorker.execute(Lorg/gradle/internal/operations/BuildOperation;Lorg/gradle/internal/operations/BuildOperationContext;)V+6
j  org.gradle.internal.operations.DefaultBuildOperationRunner$2.execute(Lorg/gradle/internal/operations/BuildOperationDescriptor;Lorg/gradle/internal/operations/BuildOperationState;Lorg/gradle/internal/operations/BuildOperationState;Lorg/gradle/internal/operations/DefaultBuildOperationRunner$ReadableBuildOperationContext;Lorg/gradle/internal/operations/DefaultBuildOperationRunner$BuildOperationExecutionListener;)Lorg/gradle/internal/operations/BuildOperation;+22
j  org.gradle.internal.operations.DefaultBuildOperationRunner$2.execute(Lorg/gradle/internal/operations/BuildOperationDescriptor;Lorg/gradle/internal/operations/BuildOperationState;Lorg/gradle/internal/operations/BuildOperationState;Lorg/gradle/internal/operations/DefaultBuildOperationRunner$ReadableBuildOperationContext;Lorg/gradle/internal/operations/DefaultBuildOperationRunner$BuildOperationExecutionListener;)Ljava/lang/Object;+8
j  org.gradle.internal.operations.DefaultBuildOperationRunner.execute(Lorg/gradle/internal/operations/BuildOperationDescriptor$Builder;Lorg/gradle/internal/operations/BuildOperationState;Lorg/gradle/internal/operations/DefaultBuildOperationRunner$BuildOperationExecution;)Ljava/lang/Object;+141
j  org.gradle.internal.operations.DefaultBuildOperationRunner.execute(Lorg/gradle/internal/operations/BuildOperation;Lorg/gradle/internal/operations/BuildOperationWorker;Lorg/gradle/internal/operations/BuildOperationState;)V+18
j  org.gradle.internal.operations.DefaultBuildOperationRunner.call(Lorg/gradle/internal/operations/CallableBuildOperation;)Ljava/lang/Object;+16
j  org.gradle.launcher.exec.RunAsBuildOperationBuildActionExecutor.execute(Lorg/gradle/internal/invocation/BuildAction;Lorg/gradle/internal/session/BuildSessionContext;)Lorg/gradle/internal/buildtree/BuildActionRunner$Result;+23
j  org.gradle.launcher.exec.RunAsWorkerThreadBuildActionExecutor.lambda$execute$0(Lorg/gradle/internal/invocation/BuildAction;Lorg/gradle/internal/session/BuildSessionContext;)Lorg/gradle/internal/buildtree/BuildActionRunner$Result;+6
j  org.gradle.launcher.exec.RunAsWorkerThreadBuildActionExecutor$$Lambda+0x0000000100385c20.create()Ljava/lang/Object;+12
j  org.gradle.internal.work.DefaultWorkerLeaseService.withLocks(Ljava/util/Collection;Lorg/gradle/internal/Factory;)Ljava/lang/Object;+28
j  org.gradle.internal.work.DefaultWorkerLeaseService.runAsWorkerThread(Lorg/gradle/internal/Factory;)Ljava/lang/Object;+33
j  org.gradle.launcher.exec.RunAsWorkerThreadBuildActionExecutor.execute(Lorg/gradle/internal/invocation/BuildAction;Lorg/gradle/internal/session/BuildSessionContext;)Lorg/gradle/internal/buildtree/BuildActionRunner$Result;+12
j  org.gradle.tooling.internal.provider.continuous.ContinuousBuildActionExecutor.execute(Lorg/gradle/internal/invocation/BuildAction;Lorg/gradle/internal/session/BuildSessionContext;)Lorg/gradle/internal/buildtree/BuildActionRunner$Result;+58
j  org.gradle.tooling.internal.provider.SubscribableBuildActionExecutor.execute(Lorg/gradle/internal/invocation/BuildAction;Lorg/gradle/internal/session/BuildSessionContext;)Lorg/gradle/internal/buildtree/BuildActionRunner$Result;+30
j  org.gradle.internal.session.DefaultBuildSessionContext.execute(Lorg/gradle/internal/invocation/BuildAction;)Lorg/gradle/internal/buildtree/BuildActionRunner$Result;+64
j  org.gradle.internal.buildprocess.execution.BuildSessionLifecycleBuildActionExecutor$ActionImpl.apply(Lorg/gradle/internal/session/BuildSessionContext;)Lorg/gradle/launcher/exec/BuildActionResult;+6
j  org.gradle.internal.buildprocess.execution.BuildSessionLifecycleBuildActionExecutor$ActionImpl.apply(Ljava/lang/Object;)Ljava/lang/Object;+5
j  org.gradle.internal.session.BuildSessionState.run(Ljava/util/function/Function;)Ljava/lang/Object;+5
j  org.gradle.internal.buildprocess.execution.BuildSessionLifecycleBuildActionExecutor.execute(Lorg/gradle/internal/invocation/BuildAction;Lorg/gradle/launcher/exec/BuildActionParameters;Lorg/gradle/initialization/BuildRequestContext;)Lorg/gradle/launcher/exec/BuildActionResult;+95
j  org.gradle.internal.buildprocess.execution.BuildSessionLifecycleBuildActionExecutor.execute(Lorg/gradle/internal/invocation/BuildAction;Ljava/lang/Object;Ljava/lang/Object;)Lorg/gradle/launcher/exec/BuildActionResult;+10
j  org.gradle.internal.buildprocess.execution.StartParamsValidatingActionExecutor.execute(Lorg/gradle/internal/invocation/BuildAction;Lorg/gradle/launcher/exec/BuildActionParameters;Lorg/gradle/initialization/BuildRequestContext;)Lorg/gradle/launcher/exec/BuildActionResult;+203
j  org.gradle.internal.buildprocess.execution.StartParamsValidatingActionExecutor.execute(Lorg/gradle/internal/invocation/BuildAction;Ljava/lang/Object;Ljava/lang/Object;)Lorg/gradle/launcher/exec/BuildActionResult;+10
j  org.gradle.internal.buildprocess.execution.SessionFailureReportingActionExecutor.execute(Lorg/gradle/internal/invocation/BuildAction;Lorg/gradle/launcher/exec/BuildActionParameters;Lorg/gradle/initialization/BuildRequestContext;)Lorg/gradle/launcher/exec/BuildActionResult;+7
j  org.gradle.internal.buildprocess.execution.SessionFailureReportingActionExecutor.execute(Lorg/gradle/internal/invocation/BuildAction;Ljava/lang/Object;Ljava/lang/Object;)Lorg/gradle/launcher/exec/BuildActionResult;+10
j  org.gradle.internal.buildprocess.execution.SetupLoggingActionExecutor.execute(Lorg/gradle/internal/invocation/BuildAction;Lorg/gradle/launcher/exec/BuildActionParameters;Lorg/gradle/initialization/BuildRequestContext;)Lorg/gradle/launcher/exec/BuildActionResult;+50
j  org.gradle.internal.buildprocess.execution.SetupLoggingActionExecutor.execute(Lorg/gradle/internal/invocation/BuildAction;Ljava/lang/Object;Ljava/lang/Object;)Lorg/gradle/launcher/exec/BuildActionResult;+10
j  org.gradle.launcher.daemon.server.exec.ExecuteBuild.doBuild(Lorg/gradle/launcher/daemon/server/api/DaemonCommandExecution;Lorg/gradle/launcher/daemon/protocol/Build;)V+147
j  org.gradle.launcher.daemon.server.exec.BuildCommandOnly.execute(Lorg/gradle/launcher/daemon/server/api/DaemonCommandExecution;)V+49
j  org.gradle.launcher.daemon.server.api.DaemonCommandExecution.proceed()Z+23
j  org.gradle.launcher.daemon.server.exec.WatchForDisconnection.execute(Lorg/gradle/launcher/daemon/server/api/DaemonCommandExecution;)V+19
j  org.gradle.launcher.daemon.server.api.DaemonCommandExecution.proceed()Z+23
j  org.gradle.launcher.daemon.server.exec.ResetDeprecationLogger.execute(Lorg/gradle/launcher/daemon/server/api/DaemonCommandExecution;)V+7
j  org.gradle.launcher.daemon.server.api.DaemonCommandExecution.proceed()Z+23
j  org.gradle.launcher.daemon.server.exec.RequestStopIfSingleUsedDaemon.execute(Lorg/gradle/launcher/daemon/server/api/DaemonCommandExecution;)V+33
j  org.gradle.launcher.daemon.server.api.DaemonCommandExecution.proceed()Z+23
j  org.gradle.launcher.daemon.server.exec.ForwardClientInput.lambda$execute$0(Lorg/gradle/launcher/daemon/server/api/DaemonCommandExecution;Lorg/gradle/internal/daemon/clientinput/StdinHandler;)Ljava/lang/Object;+11
j  org.gradle.launcher.daemon.server.exec.ForwardClientInput$$Lambda+0x0000000100282d60.apply(Ljava/lang/Object;)Ljava/lang/Object;+8
j  org.gradle.internal.daemon.clientinput.ClientInputForwarder.forwardInput(Ljava/util/function/Function;)Ljava/lang/Object;+46
j  org.gradle.launcher.daemon.server.exec.ForwardClientInput.execute(Lorg/gradle/launcher/daemon/server/api/DaemonCommandExecution;)V+10
j  org.gradle.launcher.daemon.server.api.DaemonCommandExecution.proceed()Z+23
j  org.gradle.launcher.daemon.server.exec.LogAndCheckHealth.execute(Lorg/gradle/launcher/daemon/server/api/DaemonCommandExecution;)V+51
j  org.gradle.launcher.daemon.server.api.DaemonCommandExecution.proceed()Z+23
j  org.gradle.launcher.daemon.server.exec.LogToClient.doBuild(Lorg/gradle/launcher/daemon/server/api/DaemonCommandExecution;Lorg/gradle/launcher/daemon/protocol/Build;)V+87
j  org.gradle.launcher.daemon.server.exec.BuildCommandOnly.execute(Lorg/gradle/launcher/daemon/server/api/DaemonCommandExecution;)V+49
j  org.gradle.launcher.daemon.server.api.DaemonCommandExecution.proceed()Z+23
j  org.gradle.launcher.daemon.server.exec.EstablishBuildEnvironment.doBuild(Lorg/gradle/launcher/daemon/server/api/DaemonCommandExecution;Lorg/gradle/launcher/daemon/protocol/Build;)V+356
j  org.gradle.launcher.daemon.server.exec.BuildCommandOnly.execute(Lorg/gradle/launcher/daemon/server/api/DaemonCommandExecution;)V+49
j  org.gradle.launcher.daemon.server.api.DaemonCommandExecution.proceed()Z+23
j  org.gradle.launcher.daemon.server.exec.StartBuildOrRespondWithBusy$1.run()V+44
j  org.gradle.launcher.daemon.server.DaemonStateCoordinator.lambda$runCommand$0(Ljava/lang/Runnable;)V+1
j  org.gradle.launcher.daemon.server.DaemonStateCoordinator$$Lambda+0x0000000100281648.run()V+8
j  org.gradle.internal.concurrent.ExecutorPolicy$CatchAndRecordFailures.onExecute(Ljava/lang/Runnable;)V+1
j  org.gradle.internal.concurrent.AbstractManagedExecutor$1.run()V+25
j  java.util.concurrent.ThreadPoolExecutor.runWorker(Ljava/util/concurrent/ThreadPoolExecutor$Worker;)V+92 java.base@21.0.5
j  java.util.concurrent.ThreadPoolExecutor$Worker.run()V+5 java.base@21.0.5
j  java.lang.Thread.runWith(Ljava/lang/Object;Ljava/lang/Runnable;)V+5 java.base@21.0.5
j  java.lang.Thread.run()V+19 java.base@21.0.5
v  ~StubRoutines::call_stub 0x0000028591bf100d

Compiled method (n/a) 18018  794     n 0       java.lang.ClassLoader::defineClass1 (native)
 total in heap  [0x00000285921df110,0x00000285921df768] = 1624
 relocation     [0x00000285921df270,0x00000285921df2a8] = 56
 main code      [0x00000285921df2c0,0x00000285921df767] = 1191
 stub code      [0x00000285921df767,0x00000285921df768] = 1

[Constant Pool (empty)]

[MachCode]
[Entry Point]
  # {method} {0x000002859e025018} 'defineClass1' '(Ljava/lang/ClassLoader;Ljava/lang/String;[BIILjava/security/ProtectionDomain;Ljava/lang/String;)Ljava/lang/Class;' in 'java/lang/ClassLoader'
  # parm0:    rdx:rdx   = 'java/lang/ClassLoader'
  # parm1:    r8:r8     = 'java/lang/String'
  # parm2:    r9:r9     = '[B'
  # parm3:    rdi       = int
  # parm4:    rsi       = int
  # parm5:    rcx:rcx   = 'java/security/ProtectionDomain'
  # parm6:    [sp+0xa0]   = 'java/lang/String'  (sp of caller)
  0x00000285921df2c0: 448b 5208 | 49c1 e203 | 493b c20f | 8407 0000 

  0x00000285921df2d0: ;   {runtime_call ic_miss_stub}
  0x00000285921df2d0: 00e9 aaf4 | a5ff 6690 
[Verified Entry Point]
  0x00000285921df2d8: 8984 2400 | 80ff ff55 | 488b ec48 | 81ec 9000 | 0000 6690 | 4181 7f20 | 0900 0000 

  0x00000285921df2f4: ;   {runtime_call StubRoutines (final stubs)}
  0x00000285921df2f4: 7405 e825 | a8a4 ff48 | 837d 1000 | 488d 4510 | 480f 4445 | 1048 8944 | 2440 4889 | 4c24 7048 
  0x00000285921df314: 83f9 0048 | 8d44 2470 | 480f 4444 | 2470 4889 | 4424 3848 | 8974 2430 | 4889 7c24 | 284c 894c 
  0x00000285921df334: 2458 4983 | f900 488d | 4424 5848 | 0f44 4424 | 5848 8944 | 2420 4c89 | 4424 5049 | 83f8 004c 
  0x00000285921df354: 8d4c 2450 | 4c0f 444c | 2450 4889 | 5424 4848 | 83fa 004c | 8d44 2448 | 4c0f 4444 

  0x00000285921df370: ;   {oop(a 'java/lang/Class'{0x00000000e2225000} = 'java/lang/ClassLoader')}
  0x00000285921df370: 2448 49be | 0050 22e2 | 0000 0000 | 4c89 7424 | 784c 8d74 | 2478 498b | d6c5 f877 

  0x00000285921df38c: ;   {internal_word}
  0x00000285921df38c: 49ba 89f3 | 1d92 8502 | 0000 4d89 | 97a0 0300 | 0049 89a7 | 9803 0000 

  0x00000285921df3a4: ;   {external_word}
  0x00000285921df3a4: 49ba 4047 | fe54 fd7f | 0000 4180 | 3a00 0f84 | 4e00 0000 | 5241 5041 

  0x00000285921df3bc: ;   {metadata({method} {0x000002859e025018} 'defineClass1' '(Ljava/lang/ClassLoader;Ljava/lang/String;[BIILjava/security/ProtectionDomain;Ljava/lang/String;)Ljava/lang/Class;' in 'java/lang/ClassLoader')}
  0x00000285921df3bc: 5148 ba10 | 5002 9e85 | 0200 0049 | 8bcf 4883 | ec20 40f6 | c40f 0f84 | 1900 0000 | 4883 ec08 
  0x00000285921df3dc: ;   {runtime_call}
  0x00000285921df3dc: 48b8 d06b | b854 fd7f | 0000 ffd0 | 4883 c408 | e90c 0000 

  0x00000285921df3f0: ;   {runtime_call}
  0x00000285921df3f0: 0048 b8d0 | 6bb8 54fd | 7f00 00ff | d048 83c4 | 2041 5941 | 585a 498d | 8fb8 0300 | 0041 c787 
  0x00000285921df410: 4404 0000 | 0400 0000 

  0x00000285921df418: ;   {runtime_call}
  0x00000285921df418: 48b8 ac16 | 6121 fe7f | 0000 ffd0 | c5f8 7741 | c787 4404 | 0000 0500 | 0000 f083 | 4424 c000 
  0x00000285921df438: 493b af48 | 0400 000f | 870e 0000 | 0041 83bf | 4004 0000 | 000f 842b | 0000 00c5 | f877 4889 
  0x00000285921df458: 45f8 498b | cf4c 8be4 | 4883 ec20 | 4883 e4f0 

  0x00000285921df468: ;   {runtime_call}
  0x00000285921df468: 48b8 70da | 8354 fd7f | 0000 ffd0 | 498b e44d | 33e4 488b | 45f8 41c7 | 8744 0400 | 0008 0000 
  0x00000285921df488: 0041 83bf | c004 0000 | 020f 84a3 

  0x00000285921df494: ;   {external_word}
  0x00000285921df494: 0200 0049 | ba40 47fe | 54fd 7f00 | 0041 803a | 000f 844c | 0000 0048 

  0x00000285921df4ac: ;   {metadata({method} {0x000002859e025018} 'defineClass1' '(Ljava/lang/ClassLoader;Ljava/lang/String;[BIILjava/security/ProtectionDomain;Ljava/lang/String;)Ljava/lang/Class;' in 'java/lang/ClassLoader')}
  0x00000285921df4ac: 8945 f848 | ba10 5002 | 9e85 0200 | 0049 8bcf | 4883 ec20 | 40f6 c40f | 0f84 1900 | 0000 4883 
  0x00000285921df4cc: ;   {runtime_call}
  0x00000285921df4cc: ec08 48b8 | d06b b854 | fd7f 0000 | ffd0 4883 | c408 e90c 

  0x00000285921df4e0: ;   {runtime_call}
  0x00000285921df4e0: 0000 0048 | b8d0 6bb8 | 54fd 7f00 | 00ff d048 | 83c4 2048 | 8b45 f849 | c787 9803 | 0000 0000 
  0x00000285921df500: 0000 49c7 | 87a0 0300 | 0000 0000 | 00c5 f877 | 4885 c00f | 84fe 0100 | 00a8 030f | 8508 0000 
  0x00000285921df520: 0048 8b00 | e9ee 0100 | 00a8 010f | 8509 0000 | 0048 8b40 | fee9 dd01 | 0000 488b | 40ff 4180 
  0x00000285921df540: 7f40 000f | 84ce 0100 | 0048 83f8 | 000f 84c4 | 0100 0049 | 8b4f 2848 | 83f9 000f | 8414 0000 
  0x00000285921df560: 0048 83e9 | 0849 894f | 2849 034f | 3848 8901 | e9a2 0100 | 0048 81ec | d000 0000 | 4889 0424 
  0x00000285921df580: 4889 4c24 | 0848 8954 | 2410 4889 | 7424 1848 | 897c 2420 | 4c89 4424 | 284c 894c | 2430 4c89 
  0x00000285921df5a0: 5424 384c | 895c 2440 | c5fb 1144 | 2450 c5fb | 114c 2458 | c5fb 1154 | 2460 c5fb | 115c 2468 
  0x00000285921df5c0: c5fb 1164 | 2470 c5fb | 116c 2478 | c5fb 11b4 | 2480 0000 | 00c5 fb11 | bc24 8800 | 0000 c57b 
  0x00000285921df5e0: ;   {no_reloc}
  0x00000285921df5e0: 1184 2490 | 0000 00c5 | 7b11 8c24 | 9800 0000 | c57b 1194 | 24a0 0000 | 00c5 7b11 | 9c24 a800 
  0x00000285921df600: 0000 c57b | 11a4 24b0 | 0000 00c5 | 7b11 ac24 | b800 0000 | c57b 11b4 | 24c0 0000 | 00c5 7b11 
  0x00000285921df620: bc24 c800 | 0000 498b | d748 8bc8 | 4883 ec20 | 40f6 c40f | 0f84 1900 | 0000 4883 

  0x00000285921df63c: ;   {runtime_call}
  0x00000285921df63c: ec08 48b8 | 70ed 7654 | fd7f 0000 | ffd0 4883 | c408 e90c 

  0x00000285921df650: ;   {runtime_call}
  0x00000285921df650: 0000 0048 | b870 ed76 | 54fd 7f00 | 00ff d048 | 83c4 20c5 | 7b10 bc24 | c800 0000 | c57b 10b4 
  0x00000285921df670: 24c0 0000 | 00c5 7b10 | ac24 b800 | 0000 c57b | 10a4 24b0 | 0000 00c5 | 7b10 9c24 | a800 0000 
  0x00000285921df690: c57b 1094 | 24a0 0000 | 00c5 7b10 | 8c24 9800 | 0000 c57b | 1084 2490 | 0000 00c5 | fb10 bc24 
  0x00000285921df6b0: 8800 0000 | c5fb 10b4 | 2480 0000 | 00c5 fb10 | 6c24 78c5 | fb10 6424 | 70c5 fb10 | 5c24 68c5 
  0x00000285921df6d0: fb10 5424 | 60c5 fb10 | 4c24 58c5 | fb10 4424 | 504c 8b5c | 2440 4c8b | 5424 384c | 8b4c 2430 
  0x00000285921df6f0: 4c8b 4424 | 2848 8b7c | 2420 488b | 7424 1848 | 8b54 2410 | 488b 4c24 | 0848 8b04 | 2448 81c4 
  0x00000285921df710: d000 0000 | c5f8 7749 | 8b8f 2804 | 0000 c781 | 0001 0000 | 0000 0000 | c949 837f | 0800 0f85 
  0x00000285921df730: 0100 0000 

  0x00000285921df734: ;   {runtime_call StubRoutines (initial stubs)}
  0x00000285921df734: c3e9 c617 | a1ff c5f8 | 7748 8945 | f84c 8be4 | 4883 ec20 | 4883 e4f0 

  0x00000285921df74c: ;   {runtime_call}
  0x00000285921df74c: 48b8 70a3 | b854 fd7f | 0000 ffd0 | 498b e44d | 33e4 488b | 45f8 e930 | fdff fff4 
[/MachCode]


Compiled method (c2) 18026 9622       4       java.security.SecureClassLoader::defineClass (16 bytes)
 total in heap  [0x000002859234c710,0x000002859234f8d8] = 12744
 relocation     [0x000002859234c870,0x000002859234ca28] = 440
 main code      [0x000002859234ca40,0x000002859234e5a0] = 7008
 stub code      [0x000002859234e5a0,0x000002859234e640] = 160
 oops           [0x000002859234e640,0x000002859234e658] = 24
 metadata       [0x000002859234e658,0x000002859234e890] = 568
 scopes data    [0x000002859234e890,0x000002859234f270] = 2528
 scopes pcs     [0x000002859234f270,0x000002859234f640] = 976
 dependencies   [0x000002859234f640,0x000002859234f6d0] = 144
 handler table  [0x000002859234f6d0,0x000002859234f880] = 432
 nul chk table  [0x000002859234f880,0x000002859234f8d8] = 88

[Constant Pool (empty)]

[MachCode]
[Entry Point]
  # {method} {0x000002859e03d470} 'defineClass' '(Ljava/lang/String;[BIILjava/security/CodeSource;)Ljava/lang/Class;' in 'java/security/SecureClassLoader'
  # this:     rdx:rdx   = 'java/security/SecureClassLoader'
  # parm0:    r8:r8     = 'java/lang/String'
  # parm1:    r9:r9     = '[B'
  # parm2:    rdi       = int
  # parm3:    rsi       = int
  # parm4:    rcx:rcx   = 'java/security/CodeSource'
  #           [sp+0xe0]  (sp of caller)
  0x000002859234ca40: 448b 5208 | 49c1 e203 

  0x000002859234ca48: ;   {runtime_call ic_miss_stub}
  0x000002859234ca48: 493b c20f | 852f 1d8f | ff66 6690 | 660f 1f44 | 0000 660f | 1f44 0000 
[Verified Entry Point]
  0x000002859234ca60: 8984 2400 | 80ff ff55 | 4881 ecd0 | 0000 0090 | 4181 7f20 | 0900 0000 | 0f85 121b | 0000 8974 
  0x000002859234ca80: 2444 897c | 2440 4c89 | 4c24 384c | 8944 2430 | 4889 5424 | 2848 8be9 | 4885 c90f | 848b 1200 
  0x000002859234caa0: 004d 8b87 | b801 0000 | 4d8b d049 | 83c2 104d | 3b97 c801 | 0000 0f83 | 450e 0000 | 4d89 97b8 
  0x000002859234cac0: 0100 0041 | 0f18 8200 | 0100 0049 | c700 0100 

  0x000002859234cad0: ;   {metadata('java/security/SecureClassLoader$CodeSourceKey')}
  0x000002859234cad0: 0000 41c7 | 4008 6120 | 0120 4c8b | d545 8950 | 0c4d 8b8f | b801 0000 | 4c8b 5424 | 2841 8b6a 
  0x000002859234caf0: 504d 8bd1 | 4983 c210 | 4d3b 97c8 | 0100 000f | 83ce 0d00 | 004d 8997 | b801 0000 | 410f 1882 
  0x000002859234cb10: 0001 0000 | 49c7 0101 

  0x000002859234cb18: ;   {metadata('java/security/SecureClassLoader$1')}
  0x000002859234cb18: 0000 0041 | c741 08a5 | 2001 204c | 8b54 2428 | 4589 510c 

  0x000002859234cb2c: ; implicit exception: dispatches to 0x000002859234e2ec
  0x000002859234cb2c: 448b 5508 

  0x000002859234cb30: ;   {metadata('java/util/concurrent/ConcurrentHashMap')}
  0x000002859234cb30: 4181 fa11 | ab00 200f | 85a7 1000 | 0048 8bd5 

  0x000002859234cb40: ;   {optimized virtual_call}
  0x000002859234cb40: c5f8 77e8 

  0x000002859234cb44: ; ImmutableOopMap {[40]=Oop [48]=Oop [56]=Oop }
                      ;*invokeinterface computeIfAbsent {reexecute=0 rethrow=0 return_oop=1}
                      ; - java.security.SecureClassLoader::getProtectionDomain@28
                      ; - java.security.SecureClassLoader::defineClass@9
  0x000002859234cb44: 58ac ffff 

  0x000002859234cb48: ;   {other}
  0x000002859234cb48: 0f1f 8400 | 3804 0000 

  0x000002859234cb50: ; implicit exception: dispatches to 0x000002859234e30c
  0x000002859234cb50: 448b 5808 

  0x000002859234cb54: ;   {metadata('java/security/ProtectionDomain')}
  0x000002859234cb54: 4181 fb57 | 8800 200f | 85db 1600 | 0048 8984 | 2490 0000 | 004c 8b54 | 2430 458b | 5214 458b 
  0x000002859234cb74: 5a0c 4585 | db0f 86c9 | 1000 004c | 8b44 2430 | 450f be40 | 1045 85c0 | 0f85 1e11 | 0000 c4c2 
  0x000002859234cb94: 3af7 f341 | 3bf3 448b | c645 0f4f | c34d 8bca | c4c1 f96e | c94d 8d4a | 1045 85c0 | 0f8e d000 
  0x000002859234cbb4: 0000 453b | d80f 82c9 | 1000 00b8 | 2f00 0000 | 498b f941 | 8bd0 488b | df83 fa10 | 0f8c 7900 
  0x000002859234cbd4: 0000 83fa | 200f 8c36 | 0000 00c5 | f96e c0c4 | e27d 78c0 | c5e5 efdb | 8bca 83e1 | e083 e21f 
  0x000002859234cbf4: c5fe 6f13 | c5ed 74d0 | c4e2 7d17 | da0f 8369 | 0000 0048 | 83c3 2083 | e920 75e4 | e90d 0000 
  0x000002859234cc14: 00c5 f96e | c0c5 e1ef | dbc4 e279 | 00c3 83fa | 100f 8c24 | 0000 008b | ca83 e1f0 | 83e2 0fc5 
  0x000002859234cc34: fa6f 13c5 | e974 d0c4 | e279 17da | 0f83 2a00 | 0000 4883 | c310 83e9 | 1075 e485 

  0x000002859234cc50: ;   {no_reloc}
  0x000002859234cc50: d20f 8412 | 0000 000f | b60b 3bc1 | 741c 4883 | c301 83ea | 0174 02eb | eebb ffff | ffff eb0d 
  0x000002859234cc70: c5fd d7ca | 0fbc c148 | 03d8 482b | df83 fbff | 0f85 8610 | 0000 410f | b629 83fd | 5b0f 84cd 
  0x000002859234cc90: 1000 008d | 4efb 85c9 | 7c0e 450f | be01 4183 | f86a 0f84 | 9403 0000 | 48ff 7424 | 2848 8f84 
  0x000002859234ccb0: 2498 0000 | 004c 8b84 | 2490 0000 | 0045 8b70 | 1045 8d43 | ff8d 4eff | 413b c841 | 0f4f c885 
  0x000002859234ccd0: c90f 8cba | 0400 0041 | 3bcb 0f83 | e00e 0000 | 85c9 0f8e | 7c0f 0000 | 8d59 ff45 | 33ed 410f 
  0x000002859234ccf0: be7c 0a10 | 83ff 2e0f | 847d 0400 | 00ff c93b | cb7f eb83 | f902 7e77 | bfa0 0f00 | 0044 8d41 
  0x000002859234cd10: fe83 f902 | 450f 4cc5 | 4181 f8a0 | 0f00 0044 | 0f47 c78b | c141 2bc0 | 0f1f 8400 | 0000 0000 
  0x000002859234cd30: 4863 d945 | 0fbe 441a | 1041 83f8 | 2e74 6545 | 0fbe 441a | 0f41 83f8 | 2e74 5e44 | 8d41 fe43 
  0x000002859234cd50: ;   {no_reloc}
  0x000002859234cd50: 0fbe 5c02 | 1083 fb2e | 7453 448d | 41fd 430f | be5c 0210 | 83fb 2e74 | 4483 c1fc | 3bc8 7fc0 
  0x000002859234cd70: 498b af50 

  0x000002859234cd74: ; ImmutableOopMap {r10=NarrowOop r14=NarrowOop xmm1=Oop r9=Derived_oop_xmm1 [40]=Oop [48]=Oop [56]=Oop [144]=Oop [152]=Oop }
                      ;*goto {reexecute=1 rethrow=0 return_oop=0}
                      ; - (reexecute) java.lang.StringLatin1::lastIndexOf@35
                      ; - java.lang.String::lastIndexOf@13
                      ; - java.lang.String::lastIndexOf@8
                      ; - java.lang.ClassLoader::checkCerts@3
                      ; - java.lang.ClassLoader::preDefineClass@113
                      ; - java.lang.ClassLoader::defineClass@4
                      ; - java.security.SecureClassLoader::defineClass@12
                      ;   {poll}
  0x000002859234cd74: 0400 0085 | 4500 83f9 | 027f 8e83 | f9ff 0f8e | 0c04 0000 | 450f be44 | 0a10 4183 | f82e 0f84 
  0x000002859234cd94: 100f 0000 | ffc9 83f9 | ff7f e9e9 | f003 0000 | 448b c1eb | 0444 8d41 | ff41 83f8 | ff0f 84cb 
  0x000002859234cdb4: 0300 0045 | 85c0 0f8c | 240f 0000 | 443b c60f | 8fef 0f00 | 0044 3bc6 | 0f84 c502 | 0000 4585 
  0x000002859234cdd4: c00f 8417 | 0800 0049 | 8b9f b801 | 0000 488b | cb48 83c1 | 1849 3b8f | c801 0000 | 0f83 d80b 
  0x000002859234cdf4: 0000 4989 | 8fb8 0100 | 000f 1881 | 0001 0000 | 48c7 0301 

  0x000002859234ce08: ;   {metadata('java/lang/String')}
  0x000002859234ce08: 0000 00c7 | 4308 d683 | 0020 4489 | 630c 4c89 | 6310 453b | c30f 857e | 0200 004d | 63c3 4181 
  0x000002859234ce28: fb00 0010 | 000f 8724 | 0c00 0049 | 8bb7 b801 | 0000 498d | 4817 4883 | e1f8 488b | fe48 03f9 
  0x000002859234ce48: 493b bfc8 | 0100 000f | 8302 0c00 | 0049 89bf | b801 0000 | 0f18 8700 | 0100 0048 | c706 0100 
  0x000002859234ce68: 0000 0f18 | 8740 0100 

  0x000002859234ce70: ;   {metadata({type array byte})}
  0x000002859234ce70: 00c7 4608 | 4581 0020 | 4489 5e0c | 0f18 8780 | 0100 0048 | 8bd6 4883 | c210 4983 | c007 49c1 
  0x000002859234ce90: e803 498b | c9c5 f877 | 49ba 6081 | c291 8502 | 0000 41ff 

  0x000002859234cea4: ;   {other}
  0x000002859234cea4: d20f 1f84 | 0000 0000 | 0041 807f | 4000 0f85 | e702 0000 | 4c8b d34c | 8bc6 4489 | 4314 4c8b 
  0x000002859234cec4: de4d 33da | 49c1 eb14 | 4d85 db74 | 1a49 c1ea | 0948 b900 | 0061 9985 | 0200 0049 | 03ca 8039 
  0x000002859234cee4: 020f 85e7 | 0200 0044 | 8863 1045 | 85f6 741a | 458b 4614 | 4585 c00f | 8522 0300 | 0045 8b56 
  0x000002859234cf04: 1045 85d2 | 0f85 b703 

  0x000002859234cf0c: ;   {oop(a 'java/security/cert/Certificate'[0] {0x00000000e22357f0})}
  0x000002859234cf0c: 0000 49ba | f057 23e2 | 0000 0000 | 4c89 5424 | 204c 8b94 | 2498 0000 | 0045 8b52 | 2c45 85d2 
  0x000002859234cf2c: 0f84 5b0c | 0000 498b | d2bf 0100 | 0000 4c8b | c34c 8b4c | 2420 6690 

  0x000002859234cf44: ;   {optimized virtual_call}
  0x000002859234cf44: c5f8 77e8 

  0x000002859234cf48: ; ImmutableOopMap {[32]=Oop [40]=Oop [48]=Oop [56]=Oop [144]=Oop [152]=Oop }
                      ;*invokevirtual putVal {reexecute=0 rethrow=0 return_oop=1}
                      ; - java.util.concurrent.ConcurrentHashMap::putIfAbsent@4
                      ; - java.lang.ClassLoader::checkCerts@62
                      ; - java.lang.ClassLoader::preDefineClass@113
                      ; - java.lang.ClassLoader::defineClass@4
                      ; - java.security.SecureClassLoader::defineClass@12
  0x000002859234cf48: 9468 1c00 

  0x000002859234cf4c: ;   {other}
  0x000002859234cf4c: 0f1f 8400 | 3c08 0002 | 4885 c074 | 3244 8b50 

  0x000002859234cf5c: ;   {metadata('java/security/cert/Certificate'[])}
  0x000002859234cf5c: 0841 81fa | e651 0020 | 0f85 0613 | 0000 4c8b | c84c 8b54 | 2420 418b | 5a0c 458b | 510c 85db 
  0x000002859234cf7c: 0f87 7f06 | 0000 4585 | d20f 87ed | 0d00 004c | 8b94 2490 | 0000 0045 | 8b52 1045 | 85d2 0f84 
  0x000002859234cf9c: 2c09 0000 | 418b 6a0c 

  0x000002859234cfa4: ; implicit exception: dispatches to 0x000002859234e36c
  0x000002859234cfa4: 448b 5538 | 4585 d20f | 84f7 0b00 | 0049 8bd2 | 4c8b c590 

  0x000002859234cfb8: ;   {optimized virtual_call}
  0x000002859234cfb8: c5f8 77e8 

  0x000002859234cfbc: ; ImmutableOopMap {[40]=Oop [48]=Oop [56]=Oop [144]=Oop }
                      ;*invokevirtual toExternalForm {reexecute=0 rethrow=0 return_oop=1}
                      ; - java.net.URL::toExternalForm@5
                      ; - java.net.URL::toString@1
                      ; - java.lang.ClassLoader::defineClassSourceLocation@22
                      ; - java.lang.ClassLoader::defineClass@12
                      ; - java.security.SecureClassLoader::defineClass@12
  0x000002859234cfbc: e005 ecff 

  0x000002859234cfc0: ;   {other}
  0x000002859234cfc0: 0f1f 8400 | b008 0003 | 488b 5424 | 284c 8b44 | 2430 4c8b | 4c24 388b | 7c24 408b | 7424 4448 
  0x000002859234cfe0: 8b8c 2490 | 0000 0048 | 8904 2490 

  0x000002859234cfec: ;   {static_call}
  0x000002859234cfec: c5f8 77e8 

  0x000002859234cff0: ; ImmutableOopMap {[40]=Oop [144]=Oop }
                      ;*invokestatic defineClass1 {reexecute=0 rethrow=0 return_oop=1}
                      ; - java.lang.ClassLoader::defineClass@27
                      ; - java.security.SecureClassLoader::defineClass@12
  0x000002859234cff0: e422 e9ff 

  0x000002859234cff4: ;   {other}
  0x000002859234cff4: 0f1f 8400 | e408 0004 | 488b e848 | 8b54 2428 | 4c8b c04c | 8b8c 2490 | 0000 0090 

  0x000002859234d010: ;   {optimized virtual_call}
  0x000002859234d010: c5f8 77e8 

  0x000002859234d014: ; ImmutableOopMap {rbp=Oop }
                      ;*invokevirtual postDefineClass {reexecute=0 rethrow=0 return_oop=0}
                      ; - java.lang.ClassLoader::defineClass@37
                      ; - java.security.SecureClassLoader::defineClass@12
  0x000002859234d014: 6867 0a00 

  0x000002859234d018: ;   {other}
  0x000002859234d018: 0f1f 8400 | 0809 0005 | 488b c5c5 | f877 4881 | c4d0 0000 

  0x000002859234d02c: ;   {poll_return}
  0x000002859234d02c: 005d 493b | a748 0400 | 000f 873f | 1500 00c3 | 4183 fb04 | 0f86 530e | 0000 4180 | 7a11 610f 
  0x000002859234d04c: 8557 fcff | ff41 807a | 1276 0f85 | 4cfc ffff | 4180 7a13 | 610f 8541 | fcff ff41 | 807a 142e 
  0x000002859234d06c: 0f85 36fc 

  0x000002859234d070: ;   {oop(a 'jdk/internal/loader/ClassLoaders$PlatformClassLoader'{0x00000000e0dcbee0})}
  0x000002859234d070: ffff 49b8 | e0be dce0 | 0000 0000 | 488b 4c24 | 2849 3bc8 | 0f85 7611 | 0000 4c89 | 8424 9800 
  0x000002859234d090: 0000 e91e | fcff ff48 | 8b5c 2430 | e94e feff | ff41 81f8 | 0000 1000 | 0f87 120e | 0000 4963 
  0x000002859234d0b0: c045 3bd8 | 418b eb41 | 0f4f e844 | 3bdd 0f82 | 700e 0000 | 443b c50f | 8267 0e00 | 0048 83c0 
  0x000002859234d0d0: 174c 8bd8 | 4983 e3f8 | 4181 f800 | 0010 000f | 87e6 0900 | 0049 8bb7 | b801 0000 | 4c8b d64d 
  0x000002859234d0f0: 03d3 4d3b | 97c8 0100 | 000f 83cc | 0900 004d | 8997 b801 | 0000 410f | 1882 0001 | 0000 48c7 
  0x000002859234d110: 0601 0000 | 0041 0f18 | 8240 0100 

  0x000002859234d11c: ;   {metadata({type array byte})}
  0x000002859234d11c: 00c7 4608 | 4581 0020 | 4489 460c | 410f 1882 | 8001 0000 | 4c8b d649 | 83c2 1048 | c1e8 0385 
  0x000002859234d13c: ed0f 8485 | 0d00 0041 | 3be8 0f8c | e407 0000 | 4983 c3f0 | 49c1 eb03 | 498b c949 | 8bd2 4d8b 
  0x000002859234d15c: c3c5 f877 | 49ba 6081 | c291 8502 | 0000 41ff 

  0x000002859234d16c: ;   {other}
  0x000002859234d16c: d20f 1f84 | 0000 0000 | 00e9 33fd | ffff 448b | c1e9 2bfc 

  0x000002859234d180: ;   {oop(""{0x00000000e0d67918})}
  0x000002859234d180: ffff 48bb | 1879 d6e0 | 0000 0000 | e95e fdff | ff45 33ed | 41b8 ffff | ffff e90e | fcff ff44 
  0x000002859234d1a0: 8b53 1445 | 85d2 0f84 | 0cfd ffff | 4d8b 5f28 | 498b ca4d | 85db 0f84 | 280c 0000 | 4d8b 5738 
  0x000002859234d1c0: 4b89 4c1a | f849 83c3 | f84d 895f | 28e9 e6fc | ffff 4d8b | 5748 4d8b | 5f58 f083 | 4424 c000 
  0x000002859234d1e0: 8039 000f | 8402 fdff | ff44 8821 | 4d85 d275 | 2049 8bd7 | c5f8 7749 | ba50 ed76 | 54fd 7f00 
  0x000002859234d200: 0041 ffd2 

  0x000002859234d204: ;   {other}
  0x000002859234d204: 0f1f 8400 | 0000 0000 | e9da fcff | ff4b 894c | 13f8 4983 | c2f8 4d89 | 5748 e9c8 | fcff ff45 
  0x000002859234d224: 8b48 0c45 | 8b50 0849 | 8be8 4963 | f148 c1e6 | 0241 81f9 | 0000 0400 | 0f87 1a0d | 0000 498b 
  0x000002859234d244: bfb8 0100 | 004c 8d5e | 1749 83e3 | f848 8bcf | 4903 cb49 | 3b8f c801 | 0000 0f83 | f80c 0000 
  0x000002859234d264: 4989 8fb8 | 0100 000f | 1881 0001 | 0000 48c7 | 0701 0000 | 0044 8957 | 0844 894f | 0c0f 1881 
  0x000002859234d284: 4001 0000 | 0f18 8180 | 0100 0049 | 8d48 1048 | 8bd7 4883 | c210 4883 | c607 48c1 | ee03 4c8b 
  0x000002859234d2a4: c6c5 f877 | 49ba 6081 | c291 8502 | 0000 41ff 

  0x000002859234d2b4: ;   {other}
  0x000002859234d2b4: d20f 1f84 | 0000 0000 | 0048 8bf7 | e923 0300 | 0049 8b87 | b801 0000 | 4c8b d849 | 83c3 184d 
  0x000002859234d2d4: 8bce 4d3b | 9fc8 0100 | 000f 83ce | 0c00 004d | 899f b801 | 0000 410f | 1883 0001 | 0000 48c7 
  0x000002859234d2f4: 0001 0000 

  0x000002859234d2f8: ;   {metadata('java/util/ArrayList')}
  0x000002859234d2f8: 00c7 4008 | 45ae 0020 | 4489 600c | 4489 6010 | 458b 5a0c 

  0x000002859234d30c: ;   {oop(a 'java/lang/Object'[0] {0x00000000e2230fd0})}
  0x000002859234d30c: c740 14d0 | 0f23 e24c | 8bc0 4585 | db76 0f48 | b900 0061 | 9985 0200 | 0045 33db | eb3e 49ba 
  0x000002859234d32c: 0000 6199 | 8502 0000 | e9ea 0000 | 000f 1f80 | 0000 0000 | 4889 6c24 | 2848 ff74 | 2420 488f 
  0x000002859234d34c: 4424 3044 | 8b6c 2450 | 488b 4c24 | 6048 8b5c | 2468 4c8b | 4c24 704c | 8b44 2478 

  0x000002859234d368: ; implicit exception: dispatches to 0x000002859234e3c4
  0x000002859234d368: 418b 7a0c | 443b df0f | 8349 0d00 | 0047 8b54 | 9a10 418b | 7a10 448b | 5710 4489 | 9c24 8000 
  0x000002859234d388: 0000 4c89 | 4424 784c | 894c 2470 | 4889 5c24 | 6848 894c | 2460 4489 | 7424 5444 | 896c 2450 
  0x000002859234d3a8: 48ff 7424 | 3048 8f44 | 2420 488b | 6c24 284d | 8bc2 488b | 5424 7890 

  0x000002859234d3c0: ;   {optimized virtual_call}
  0x000002859234d3c0: c5f8 77e8 

  0x000002859234d3c4: ; ImmutableOopMap {rbp=Oop [32]=Oop [56]=Oop [84]=NarrowOop [104]=Oop [112]=Oop [120]=Oop [144]=Oop [152]=Oop }
                      ;*invokevirtual addAll {reexecute=0 rethrow=0 return_oop=0}
                      ; - java.security.CodeSource::getCertificates@57
                      ; - java.lang.ClassLoader::checkCerts@34
                      ; - java.lang.ClassLoader::preDefineClass@113
                      ; - java.lang.ClassLoader::defineClass@4
                      ; - java.security.SecureClassLoader::defineClass@12
  0x000002859234d3c4: b816 8fff 

  0x000002859234d3c8: ;   {other}
  0x000002859234d3c8: 0f1f 8400 | b80c 0006 | 4d8b 8750 | 0400 0044 | 8b74 2454 | 458b 5610 | 448b 9c24 | 8000 0000 
  0x000002859234d3e8: ; ImmutableOopMap {r10=NarrowOop rbp=Oop r14=NarrowOop [32]=Oop [56]=Oop [104]=Oop [112]=Oop [120]=Oop [144]=Oop [152]=Oop }
                      ;*goto {reexecute=1 rethrow=0 return_oop=0}
                      ; - (reexecute) java.security.CodeSource::getCertificates@64
                      ; - java.lang.ClassLoader::checkCerts@34
                      ; - java.lang.ClassLoader::preDefineClass@113
                      ; - java.lang.ClassLoader::defineClass@4
                      ; - java.security.SecureClassLoader::defineClass@12
                      ;   {poll}
  0x000002859234d3e8: 41ff c341 | 8500 458b | 420c 453b | d80f 8c45 | ffff ff48 | 896c 2428 | 48ff 7424 | 2048 8f44 
  0x000002859234d408: 2430 448b | 6c24 504c | 8b54 2460 | 488b 5c24 | 684c 8b4c | 2470 4c8b | 4424 7849 | 8b87 b801 
  0x000002859234d428: 0000 4c8b | d849 83c3 | 104d 3b9f | c801 0000 | 0f83 e30b | 0000 4d89 | 9fb8 0100 | 0041 0f18 
  0x000002859234d448: 8300 0100 | 0048 c700 | 0100 0000 | 410f 1883 | 4001 0000 

  0x000002859234d45c: ;   {metadata('java/security/cert/Certificate'[])}
  0x000002859234d45c: c740 08e6 | 5100 2041 | 0f18 8380 | 0100 0044 | 8960 0c48 | 8b6c 2428 | 48ff 7424 | 3048 8f44 
  0x000002859234d47c: 2420 48ff | b424 9000 | 0000 488f | 4424 4848 | ffb4 2498 | 0000 0048 | 8f44 2450 | 4489 7424 
  0x000002859234d49c: 584c 8954 | 2460 4889 | 5c24 684c | 894c 2470 | 4c89 4424 | 784c 8bc0 | 488b 5424 | 7866 6690 
  0x000002859234d4bc: ;   {optimized virtual_call}
  0x000002859234d4bc: c5f8 77e8 

  0x000002859234d4c0: ; ImmutableOopMap {rbp=Oop [32]=Oop [56]=Oop [72]=Oop [80]=Oop [88]=NarrowOop [104]=Oop [112]=Oop }
                      ;*invokevirtual toArray {reexecute=0 rethrow=0 return_oop=1}
                      ; - java.security.CodeSource::getCertificates@73
                      ; - java.lang.ClassLoader::checkCerts@34
                      ; - java.lang.ClassLoader::preDefineClass@113
                      ; - java.lang.ClassLoader::defineClass@4
                      ; - java.security.SecureClassLoader::defineClass@12
  0x000002859234d4c0: bc15 8fff 

  0x000002859234d4c4: ;   {other}
  0x000002859234d4c4: 0f1f 8400 | b40d 0008 | 488b f844 

  0x000002859234d4d0: ;   {metadata('java/security/cert/Certificate'[])}
  0x000002859234d4d0: 8b50 0841 | 81fa e651 | 0020 0f85 | b00d 0000 | 4180 7f40 | 000f 8519 | 0900 008b | 5c24 584c 
  0x000002859234d4f0: 8b54 2470 | 4d8b da4c | 8bd7 4489 | 5314 4c8b | d74d 33d3 | 49c1 ea14 | 4d85 d274 | 1649 c1eb 
  0x000002859234d510: 094c 8b44 | 2460 4d03 | c341 8038 | 020f 8518 | 0900 0044 | 8b5f 0c44 | 8b57 084d | 63c3 49c1 
  0x000002859234d530: e002 4181 | fb00 0004 | 000f 8746 | 0b00 0049 | 8bb7 b801 | 0000 4d8d | 4817 4983 | e1f8 488b 
  0x000002859234d550: ce49 03c9 | 493b 8fc8 | 0100 000f | 8324 0b00 | 0049 898f | b801 0000 | 0f18 8100 | 0100 0048 
  0x000002859234d570: c706 0100 | 0000 4489 | 5608 4489 | 5e0c 0f18 | 8140 0100 | 000f 1881 | 8001 0000 | 488b cf48 
  0x000002859234d590: 83c1 1048 | 8bd6 4883 | c210 4983 | c007 49c1 | e803 c5f8 | 7749 ba60 | 81c2 9185 | 0200 0041 
  0x000002859234d5b0: ;   {other}
  0x000002859234d5b0: ffd2 0f1f | 8400 0000 | 0000 4889 | 6c24 2848 | ff74 2420 | 488f 4424 | 3048 ff74 | 2448 488f 
  0x000002859234d5d0: 8424 9000 | 0000 48ff | 7424 5048 | 8f84 2498 | 0000 0048 | 8b5c 2468 | 4889 7424 | 20e9 2bf9 
  0x000002859234d5f0: ;   {oop(""{0x00000000e0d67918})}
  0x000002859234d5f0: ffff 48bb | 1879 d6e0 | 0000 0000 | e9ee f8ff | ff41 3bda | 0f85 5402 | 0000 8d4b | ff3b cb0f 
  0x000002859234d610: 83c7 0b00 | 0045 85d2 | 0f86 be0b | 0000 418d | 7aff 33c9 | eb5f 8b4c | 2474 ffc1 | 3b8c 24a8 
  0x000002859234d630: 0000 000f | 8d5f 0200 | 0048 ffb4 | 2488 0000 | 0048 8f44 | 2428 48ff | b424 9800 | 0000 488f 
  0x000002859234d650: 4424 3048 | ff74 2450 | 488f 8424 | 9000 0000 | 48ff 7424 | 6848 8f44 | 2420 4c8b | 4c24 488b 
  0x000002859234d670: 9c24 a800 | 0000 448b | 9424 ac00 | 0000 8bbc | 24b0 0000 | 004c 8b5c | 2420 418b | 748b 1041 
  0x000002859234d690: 3bfa 0f83 | 780a 0000 | 85f6 0f84 | 700a 0000 | 4c8b de33 | ed48 ff74 | 2428 488f | 8424 8800 
  0x000002859234d6b0: 0000 48ff | 7424 3048 | 8f84 2498 | 0000 0048 | ffb4 2490 | 0000 0048 | 8f44 2450 | 48ff 7424 
  0x000002859234d6d0: 2048 8f84 | 24a0 0000 | 0089 9c24 | a800 0000 | 4489 9424 | ac00 0000 | 89bc 24b0 | 0000 0089 
  0x000002859234d6f0: ;   {no_reloc}
  0x000002859234d6f0: 4c24 7489 | 7424 784c | 899c 2490 | 0000 00eb | 140f 1f84 | 0000 0000 | 000f 1f80 | 0000 0000 
  0x000002859234d710: 4c8b 4c24 | 4845 8b54 | a910 4c89 | 4c24 484d | 8bc2 488b | 9424 9000 | 0000 48ff | b424 9800 
  0x000002859234d730: 0000 488f | 4424 284c | 8b94 24a0 | 0000 004c | 8954 2468 

  0x000002859234d744: ;   {optimized virtual_call}
  0x000002859234d744: c5f8 77e8 

  0x000002859234d748: ; ImmutableOopMap {[40]=Oop [56]=Oop [72]=Oop [80]=Oop [104]=Oop [120]=NarrowOop [136]=Oop [144]=Oop [152]=Oop [160]=Oop }
                      ;*invokevirtual equals {reexecute=0 rethrow=0 return_oop=0}
                      ; - java.lang.ClassLoader::compareCerts@81
                      ; - java.lang.ClassLoader::checkCerts@80
                      ; - java.lang.ClassLoader::preDefineClass@113
                      ; - java.lang.ClassLoader::defineClass@4
                      ; - java.security.SecureClassLoader::defineClass@12
  0x000002859234d748: 3413 8fff 

  0x000002859234d74c: ;   {other}
  0x000002859234d74c: 0f1f 8400 | 3c10 0009 | 85c0 0f85 | cafe ffff | ffc5 3bac | 24ac 0000 | 007c a948 | ffb4 2488 
  0x000002859234d76c: 0000 0048 | 8f44 2428 | 48ff b424 | 9800 0000 | 488f 4424 | 3048 ff74 | 2450 488f | 8424 9000 
  0x000002859234d78c: 0000 e9cb | 0000 0044 | 8b44 246c | 41ff c044 | 3b84 24ac | 0000 000f | 8df7 0000 | 004c 8b54 
  0x000002859234d7ac: 2448 478b | 5c82 1045 | 85db 0f84 | 8409 0000 | 4d8b cb33 | ed44 8944 | 246c 4489 | 5c24 704c 
  0x000002859234d7cc: 898c 2480 | 0000 000f | 1f80 0000 | 0000 660f | 1f44 0000 | 4c8b 9424 | a000 0000 | 458b 54aa 
  0x000002859234d7ec: 104d 8bc2 | 488b 9424 | 8000 0000 | 48ff b424 | 9800 0000 | 488f 4424 | 284c 8b94 | 24a0 0000 
  0x000002859234d80c: 004c 8954 | 2460 6690 

  0x000002859234d814: ;   {optimized virtual_call}
  0x000002859234d814: c5f8 77e8 

  0x000002859234d818: ; ImmutableOopMap {[40]=Oop [56]=Oop [72]=Oop [80]=Oop [96]=Oop [112]=NarrowOop [128]=Oop [136]=Oop [152]=Oop [160]=Oop }
                      ;*invokevirtual equals {reexecute=0 rethrow=0 return_oop=0}
                      ; - java.lang.ClassLoader::compareCerts@166
                      ; - java.lang.ClassLoader::checkCerts@80
                      ; - java.lang.ClassLoader::preDefineClass@113
                      ; - java.lang.ClassLoader::defineClass@4
                      ; - java.security.SecureClassLoader::defineClass@12
  0x000002859234d818: 6412 8fff 

  0x000002859234d81c: ;   {other}
  0x000002859234d81c: 0f1f 8400 | 0c11 000a | 85c0 0f85 | 67ff ffff | ffc5 3bac | 24a8 0000 | 007c a948 | ffb4 2488 
  0x000002859234d83c: 0000 0048 | 8f44 2428 | 48ff b424 | 9800 0000 | 488f 4424 | 3048 ff74 | 2450 488f | 8424 9000 
  0x000002859234d85c: 0000 ba45 | ffff ff48 | 8b6c 2428 | 4c8b 5424 | 384c 8954 | 2428 448b | 5424 4044 | 8954 2438 
  0x000002859234d87c: 448b 5c24 | 4444 895c | 243c 6690 

  0x000002859234d888: ;   {runtime_call UncommonTrapBlob}
  0x000002859234d888: c5f8 77e8 

  0x000002859234d88c: ; ImmutableOopMap {rbp=Oop [40]=Oop [48]=Oop [144]=Oop }
                      ;*ifne {reexecute=1 rethrow=0 return_oop=0}
                      ; - (reexecute) java.lang.ClassLoader::checkCerts@83
                      ; - java.lang.ClassLoader::preDefineClass@113
                      ; - java.lang.ClassLoader::defineClass@4
                      ; - java.security.SecureClassLoader::defineClass@12
  0x000002859234d88c: 706d 8fff 

  0x000002859234d890: ;   {other}
  0x000002859234d890: 0f1f 8400 | 8011 000b | 4533 c0e9 | 09ff ffff | 48ff b424 | 8800 0000 | 488f 4424 | 2848 ffb4 
  0x000002859234d8b0: 2498 0000 | 0048 8f44 | 2430 48ff | 7424 5048 | 8f84 2490 | 0000 00e9 | bff6 ffff | 33c0 e9f5 
  0x000002859234d8d0: ;   {metadata('java/security/SecureClassLoader$1')}
  0x000002859234d8d0: f6ff ff48 | ba28 0509 | 0001 0000 | 004c 8944 | 2450 6690 

  0x000002859234d8e4: ;   {runtime_call _new_instance_Java}
  0x000002859234d8e4: c5f8 77e8 

  0x000002859234d8e8: ; ImmutableOopMap {rbp=NarrowOop [40]=Oop [48]=Oop [56]=Oop [80]=Oop }
                      ;*new {reexecute=0 rethrow=0 return_oop=1}
                      ; - java.security.SecureClassLoader::getProtectionDomain@20
                      ; - java.security.SecureClassLoader::defineClass@9
  0x000002859234d8e8: 94b9 9bff 

  0x000002859234d8ec: ;   {other}
  0x000002859234d8ec: 0f1f 8400 | dc11 000c | 4c8b c84c | 8b44 2450 | e922 f2ff 

  0x000002859234d900: ;   {metadata('java/security/SecureClassLoader$CodeSourceKey')}
  0x000002859234d900: ff48 ba08 | 0309 0001 | 0000 0048 | ff74 2428 | 488f 4424 | 2066 6690 

  0x000002859234d918: ;   {runtime_call _new_instance_Java}
  0x000002859234d918: c5f8 77e8 

  0x000002859234d91c: ; ImmutableOopMap {rbp=Oop [32]=Oop [40]=Oop [48]=Oop [56]=Oop }
                      ;*new {reexecute=0 rethrow=0 return_oop=1}
                      ; - java.security.SecureClassLoader::getProtectionDomain@6
                      ; - java.security.SecureClassLoader::defineClass@9
  0x000002859234d91c: 60b9 9bff 

  0x000002859234d920: ;   {other}
  0x000002859234d920: 0f1f 8400 | 1012 000d | 4c8b c0e9 | aaf1 ffff | 4c63 c54d | 8d58 1049 | 8bcb 4883 | e1f8 488b 
  0x000002859234d940: fe48 03f9 | 49c1 eb03 | 492b c348 | 8bc8 4833 | c048 83f9 | 087f 1048 | ffc9 784f | 4889 04cf 
  0x000002859234d960: 48ff c97d | f7eb 44c5 | fdef c0e9 | 0d00 0000 | c5fe 7f07 | c5fe 7f47 | 2048 83c7 | 4048 83e9 
  0x000002859234d980: 087d ed48 | 83c1 047c | 0cc5 fe7f | 0748 83c7 | 2048 83e9 | 0448 83c1 | 047e 1048 | ffc9 c5f9 
  0x000002859234d9a0: d607 4883 | c708 48ff | c97d f349 | 8bc9 498b | d2c5 f877 | 49ba c07a | c291 8502 | 0000 41ff 
  0x000002859234d9c0: ;   {other}
  0x000002859234d9c0: d20f 1f84 | 0000 0000 | 00e9 a7f7 | ffff 4489 | 4424 7844 | 8974 245c | 4c89 4c24 | 68c5 fb11 
  0x000002859234d9e0: 4c24 6044 | 896c 2458 | 4489 5c24 | 5444 8954 | 2450 48ff | 7424 3048 | 8f44 2420 | 488b 6c24 
  0x000002859234da00: ;   {metadata('java/lang/String')}
  0x000002859234da00: 2848 bab0 | 1e04 0001 | 0000 0090 

  0x000002859234da0c: ;   {runtime_call _new_instance_Java}
  0x000002859234da0c: c5f8 77e8 

  0x000002859234da10: ; ImmutableOopMap {rbp=Oop [32]=Oop [56]=Oop [80]=NarrowOop [92]=NarrowOop [96]=Oop [104]=Derived_oop_[96] [144]=Oop [152]=Oop }
                      ;*new {reexecute=0 rethrow=0 return_oop=1}
                      ; - java.lang.StringLatin1::newString@7
                      ; - java.lang.String::substring@41
                      ; - java.lang.ClassLoader::checkCerts@21
                      ; - java.lang.ClassLoader::preDefineClass@113
                      ; - java.lang.ClassLoader::defineClass@4
                      ; - java.security.SecureClassLoader::defineClass@12
  0x000002859234da10: 6cb8 9bff 

  0x000002859234da14: ;   {other}
  0x000002859234da14: 0f1f 8400 | 0413 000e | 4889 6c24 | 2848 ff74 | 2420 488f | 4424 3044 | 8b54 2450 | 448b 5c24 
  0x000002859234da34: 5444 8b6c | 2458 c5fb | 104c 2460 | 4c8b 4c24 | 6844 8b74 | 245c 448b | 4424 7848 | 8bd8 e9c3 
  0x000002859234da54: f3ff ff4c | 8944 2478 | 4889 5c24 | 7044 8974 | 2454 4c89 | 4c24 60c5 | fb11 4c24 | 5844 896c 
  0x000002859234da74: 2450 418b | ea48 ff74 | 2428 488f 

  0x000002859234da80: ;   {metadata({type array byte})}
  0x000002859234da80: 4424 2048 | ba28 0a04 | 0001 0000 | 0045 8bc3 

  0x000002859234da90: ;   {runtime_call _new_array_nozero_Java}
  0x000002859234da90: c5f8 77e8 

  0x000002859234da94: ; ImmutableOopMap {rbp=NarrowOop [32]=Oop [48]=Oop [56]=Oop [84]=NarrowOop [88]=Oop [96]=Derived_oop_[88] [112]=Oop [144]=Oop [152]=Oop }
                      ;*invokevirtual clone {reexecute=1 rethrow=0 return_oop=1}
                      ; - (reexecute) java.util.Arrays::copyOfRange@18
                      ; - java.lang.StringLatin1::newString@16
                      ; - java.lang.String::substring@41
                      ; - java.lang.ClassLoader::checkCerts@21
                      ; - java.lang.ClassLoader::preDefineClass@113
                      ; - java.lang.ClassLoader::defineClass@4
                      ; - java.security.SecureClassLoader::defineClass@12
  0x000002859234da94: e8bd 9bff 

  0x000002859234da98: ;   {other}
  0x000002859234da98: 0f1f 8400 | 8813 000f | 48ff 7424 | 2048 8f44 | 2428 448b | 6c24 504c | 8b4c 2460 | 448b 7424 
  0x000002859234dab8: 5448 8b5c | 2470 4c8b | 4424 7848 | 8bf0 e9b8 | f3ff ff4c | 899c 2488 | 0000 0048 | 8984 2480 
  0x000002859234dad8: 0000 0048 | 895c 2478 | 4489 4424 | 7044 8974 | 2454 48ff | b424 9800 | 0000 488f | 4424 684c 
  0x000002859234daf8: 894c 2460 | c5fb 114c | 2458 4489 | 6c24 5048 | ffb4 2490 | 0000 0048 | 8f44 2448 | 48ff 7424 
  0x000002859234db18: 2848 8f44 

  0x000002859234db1c: ;   {metadata({type array byte})}
  0x000002859234db1c: 2420 48ba | 280a 0400 | 0100 0000 

  0x000002859234db28: ;   {runtime_call _new_array_nozero_Java}
  0x000002859234db28: c5f8 77e8 

  0x000002859234db2c: ; ImmutableOopMap {[32]=Oop [48]=Oop [56]=Oop [72]=Oop [84]=NarrowOop [88]=Oop [96]=Derived_oop_[88] [104]=Oop [120]=Oop }
                      ;*newarray {reexecute=0 rethrow=0 return_oop=1}
                      ; - java.util.Arrays::copyOfRangeByte@10
                      ; - java.util.Arrays::copyOfRange@13
                      ; - java.lang.StringLatin1::newString@16
                      ; - java.lang.String::substring@41
                      ; - java.lang.ClassLoader::checkCerts@21
                      ; - java.lang.ClassLoader::preDefineClass@113
                      ; - java.lang.ClassLoader::defineClass@4
                      ; - java.security.SecureClassLoader::defineClass@12
  0x000002859234db2c: 50bd 9bff 

  0x000002859234db30: ;   {other}
  0x000002859234db30: 0f1f 8400 | 2014 0010 | 48ff 7424 | 2048 8f44 | 2428 48ff | 7424 4848 | 8f84 2490 | 0000 0044 
  0x000002859234db50: 8b6c 2450 | 4c8b 4c24 | 6048 ff74 | 2468 488f | 8424 9800 | 0000 448b | 7424 5444 | 8b44 2470 
  0x000002859234db70: 488b 5c24 | 7848 8bf0 | 488b 8424 | 8000 0000 | 4c8b 9c24 | 8800 0000 | e9a3 f5ff | ffba f6ff 
  0x000002859234db90: ffff 488b | eb66 6690 

  0x000002859234db98: ;   {runtime_call UncommonTrapBlob}
  0x000002859234db98: c5f8 77e8 

  0x000002859234db9c: ; ImmutableOopMap {rbp=Oop [32]=Oop }
                      ;*invokevirtual putIfAbsent {reexecute=0 rethrow=0 return_oop=0}
                      ; - java.lang.ClassLoader::checkCerts@62
                      ; - java.lang.ClassLoader::preDefineClass@113
                      ; - java.lang.ClassLoader::defineClass@4
                      ; - java.security.SecureClassLoader::defineClass@12
  0x000002859234db9c: 606a 8fff 

  0x000002859234dba0: ;   {other}
  0x000002859234dba0: 0f1f 8400 | 9014 0011 | baf6 ffff | ff66 6690 

  0x000002859234dbb0: ;   {runtime_call UncommonTrapBlob}
  0x000002859234dbb0: c5f8 77e8 

  0x000002859234dbb4: ; ImmutableOopMap {rbp=NarrowOop }
                      ;*invokevirtual toExternalForm {reexecute=0 rethrow=0 return_oop=0}
                      ; - java.net.URL::toExternalForm@5
                      ; - java.net.URL::toString@1
                      ; - java.lang.ClassLoader::defineClassSourceLocation@22
                      ; - java.lang.ClassLoader::defineClass@12
                      ; - java.security.SecureClassLoader::defineClass@12
  0x000002859234dbb4: 486a 8fff 

  0x000002859234dbb8: ;   {other}
  0x000002859234dbb8: 0f1f 8400 | a814 0012 | ba76 ffff | ff41 8bea | 894c 2424 | 4489 7424 | 6066 6690 

  0x000002859234dbd4: ;   {runtime_call UncommonTrapBlob}
  0x000002859234dbd4: c5f8 77e8 

  0x000002859234dbd8: ; ImmutableOopMap {rbp=NarrowOop [40]=Oop [48]=Oop [56]=Oop [96]=NarrowOop [144]=Oop [152]=Oop }
                      ;*iflt {reexecute=1 rethrow=0 return_oop=0}
                      ; - (reexecute) java.lang.StringLatin1::lastIndexOf@19
                      ; - java.lang.String::lastIndexOf@13
                      ; - java.lang.String::lastIndexOf@8
                      ; - java.lang.ClassLoader::checkCerts@3
                      ; - java.lang.ClassLoader::preDefineClass@113
                      ; - java.lang.ClassLoader::defineClass@4
                      ; - java.security.SecureClassLoader::defineClass@12
  0x000002859234dbd8: 246a 8fff 

  0x000002859234dbdc: ;   {other}
  0x000002859234dbdc: 0f1f 8400 | cc14 0013 | bade ffff | ff48 ff74 | 2428 488f | 4424 2048 | ff74 2430 | 488f 4424 
  0x000002859234dbfc: 2848 ff74 | 2438 488f | 4424 3048 | 8944 24f8 | 8b44 2440 | 8944 2438 | 488b 4424 | f848 8944 
  0x000002859234dc1c: 24f8 8b44 | 2444 8944 | 243c 488b | 4424 f84c | 8944 2440 | 4c89 4c24 | 4866 6690 

  0x000002859234dc38: ;   {runtime_call UncommonTrapBlob}
  0x000002859234dc38: c5f8 77e8 

  0x000002859234dc3c: ; ImmutableOopMap {rbp=NarrowOop [32]=Oop [40]=Oop [48]=Oop [64]=Oop [72]=Oop }
                      ;*invokeinterface computeIfAbsent {reexecute=0 rethrow=0 return_oop=0}
                      ; - java.security.SecureClassLoader::getProtectionDomain@28
                      ; - java.security.SecureClassLoader::defineClass@9
  0x000002859234dc3c: c069 8fff 

  0x000002859234dc40: ;   {other}
  0x000002859234dc40: 0f1f 8400 | 3015 0014 | ba45 ffff | ff48 8b6c | 2428 6690 

  0x000002859234dc54: ;   {runtime_call UncommonTrapBlob}
  0x000002859234dc54: c5f8 77e8 

  0x000002859234dc58: ; ImmutableOopMap {rbp=Oop [48]=Oop [56]=Oop [144]=Oop }
                      ;*ifeq {reexecute=1 rethrow=0 return_oop=0}
                      ; - (reexecute) java.lang.ClassLoader::checkName@8
                      ; - java.lang.ClassLoader::preDefineClass@1
                      ; - java.lang.ClassLoader::defineClass@4
                      ; - java.security.SecureClassLoader::defineClass@12
  0x000002859234dc58: a469 8fff 

  0x000002859234dc5c: ;   {other}
  0x000002859234dc5c: 0f1f 8400 | 4c15 0015 | ba6e ffff | ff41 8bea | 894c 2424 | 4489 7424 | 6066 6690 

  0x000002859234dc78: ;   {runtime_call UncommonTrapBlob}
  0x000002859234dc78: c5f8 77e8 

  0x000002859234dc7c: ; ImmutableOopMap {rbp=NarrowOop [40]=Oop [48]=Oop [56]=Oop [96]=NarrowOop [144]=Oop [152]=Oop }
                      ;*iflt {reexecute=1 rethrow=0 return_oop=0}
                      ; - (reexecute) java.lang.StringLatin1::lastIndexOf@19
                      ; - java.lang.String::lastIndexOf@13
                      ; - java.lang.String::lastIndexOf@8
                      ; - java.lang.ClassLoader::checkCerts@3
                      ; - java.lang.ClassLoader::preDefineClass@113
                      ; - java.lang.ClassLoader::defineClass@4
                      ; - java.security.SecureClassLoader::defineClass@12
  0x000002859234dc7c: 8069 8fff 

  0x000002859234dc80: ;   {other}
  0x000002859234dc80: 0f1f 8400 | 7015 0016 | bace ffff | ff41 8bea | 4489 4424 | 6066 6690 

  0x000002859234dc98: ;   {runtime_call UncommonTrapBlob}
  0x000002859234dc98: c5f8 77e8 

  0x000002859234dc9c: ; ImmutableOopMap {rbp=NarrowOop [40]=Oop [48]=Oop [56]=Oop [144]=Oop }
                      ;*invokestatic indexOfChar {reexecute=0 rethrow=0 return_oop=0}
                      ; - java.lang.StringLatin1::indexOf@33
                      ; - java.lang.String::indexOf@17
                      ; - java.lang.String::indexOf@3
                      ; - java.lang.ClassLoader::checkName@16
                      ; - java.lang.ClassLoader::preDefineClass@1
                      ; - java.lang.ClassLoader::defineClass@4
                      ; - java.security.SecureClassLoader::defineClass@12
  0x000002859234dc9c: 6069 8fff 

  0x000002859234dca0: ;   {other}
  0x000002859234dca0: 0f1f 8400 | 9015 0017 | 448b c1e9 | fdf0 ffff | 4533 d245 | 85c0 410f | 94c2 ba45 | ffff ff48 
  0x000002859234dcc0: 8b6c 2428 | 48ff 7424 | 3048 8f44 | 2420 4489 | 5424 6090 

  0x000002859234dcd4: ;   {runtime_call UncommonTrapBlob}
  0x000002859234dcd4: c5f8 77e8 

  0x000002859234dcd8: ; ImmutableOopMap {rbp=Oop [32]=Oop [56]=Oop [144]=Oop }
                      ;*ifeq {reexecute=1 rethrow=0 return_oop=0}
                      ; - (reexecute) java.lang.String::indexOf@4
                      ; - java.lang.String::indexOf@3
                      ; - java.lang.ClassLoader::checkName@16
                      ; - java.lang.ClassLoader::preDefineClass@1
                      ; - java.lang.ClassLoader::defineClass@4
                      ; - java.security.SecureClassLoader::defineClass@12
  0x000002859234dcd8: 2469 8fff 

  0x000002859234dcdc: ;   {other}
  0x000002859234dcdc: 0f1f 8400 | cc15 0018 | ba45 ffff | ff44 8944 | 2420 4489 | 4424 2444 | 8974 2460 | 8974 2470 
  0x000002859234dcfc: ;   {runtime_call UncommonTrapBlob}
  0x000002859234dcfc: c5f8 77e8 

  0x000002859234dd00: ; ImmutableOopMap {[40]=Oop [48]=Oop [56]=Oop [96]=NarrowOop [144]=Oop [152]=Oop }
                      ;*if_icmpgt {reexecute=1 rethrow=0 return_oop=0}
                      ; - (reexecute) jdk.internal.util.Preconditions::checkFromToIndex@6
                      ; - java.lang.String::checkBoundsBeginEnd@6
                      ; - java.lang.String::substring@8
                      ; - java.lang.ClassLoader::checkCerts@21
                      ; - java.lang.ClassLoader::preDefineClass@113
                      ; - java.lang.ClassLoader::defineClass@4
                      ; - java.security.SecureClassLoader::defineClass@12
  0x000002859234dd00: fc68 8fff 

  0x000002859234dd04: ;   {other}
  0x000002859234dd04: 0f1f 8400 | f415 0019 | ba45 ffff | ff48 8b6c | 2428 895c | 2450 6690 

  0x000002859234dd1c: ;   {runtime_call UncommonTrapBlob}
  0x000002859234dd1c: c5f8 77e8 

  0x000002859234dd20: ; ImmutableOopMap {rbp=Oop [48]=Oop [56]=Oop [144]=Oop }
                      ;*if_icmpne {reexecute=1 rethrow=0 return_oop=0}
                      ; - (reexecute) java.lang.ClassLoader::checkName@20
                      ; - java.lang.ClassLoader::preDefineClass@1
                      ; - java.lang.ClassLoader::defineClass@4
                      ; - java.security.SecureClassLoader::defineClass@12
  0x000002859234dd20: dc68 8fff 

  0x000002859234dd24: ;   {other}
  0x000002859234dd24: 0f1f 8400 | 1416 001a | ba45 ffff | ff48 ff74 | 2428 488f | 4424 204c | 8944 2428 | 4c89 4c24 
  0x000002859234dd44: 3089 7c24 | 3889 7424 | 3c66 6690 

  0x000002859234dd50: ;   {runtime_call UncommonTrapBlob}
  0x000002859234dd50: c5f8 77e8 

  0x000002859234dd54: ; ImmutableOopMap {rbp=Oop [32]=Oop [40]=Oop [48]=Oop }
                      ;*ifnonnull {reexecute=1 rethrow=0 return_oop=0}
                      ; - (reexecute) java.security.SecureClassLoader::getProtectionDomain@1
                      ; - java.security.SecureClassLoader::defineClass@9
  0x000002859234dd54: a868 8fff 

  0x000002859234dd58: ;   {other}
  0x000002859234dd58: 0f1f 8400 | 4816 001b | ba45 ffff | ff66 6690 

  0x000002859234dd68: ;   {runtime_call UncommonTrapBlob}
  0x000002859234dd68: c5f8 77e8 

  0x000002859234dd6c: ; ImmutableOopMap {[40]=Oop [48]=Oop [56]=Oop [144]=Oop }
                      ;*if_icmpne {reexecute=1 rethrow=0 return_oop=0}
                      ; - (reexecute) java.lang.ClassLoader::checkName@30
                      ; - java.lang.ClassLoader::preDefineClass@1
                      ; - java.lang.ClassLoader::defineClass@4
                      ; - java.security.SecureClassLoader::defineClass@12
  0x000002859234dd6c: 9068 8fff 

  0x000002859234dd70: ;   {other}
  0x000002859234dd70: 0f1f 8400 | 6016 001c | ba45 ffff | ff48 8b6c | 2428 4c8b | 5c24 384c | 895c 2428 | 448b 4424 
  0x000002859234dd90: 4044 8944 | 2438 448b | 5c24 4444 | 895c 243c | 4489 5424 | 4866 6690 

  0x000002859234dda8: ;   {runtime_call UncommonTrapBlob}
  0x000002859234dda8: c5f8 77e8 

  0x000002859234ddac: ; ImmutableOopMap {rbp=Oop [40]=Oop [48]=Oop [144]=Oop }
                      ;*ifne {reexecute=1 rethrow=0 return_oop=0}
                      ; - (reexecute) java.lang.ClassLoader::compareCerts@7
                      ; - java.lang.ClassLoader::checkCerts@80
                      ; - java.lang.ClassLoader::preDefineClass@113
                      ; - java.lang.ClassLoader::defineClass@4
                      ; - java.security.SecureClassLoader::defineClass@12
  0x000002859234ddac: 5068 8fff 

  0x000002859234ddb0: ;   {other}
  0x000002859234ddb0: 0f1f 8400 | a016 001d | ba45 ffff | ff44 8944 | 2420 4489 | 4424 2444 | 8974 2460 | 8974 2470 
  0x000002859234ddd0: 8974 2474 

  0x000002859234ddd4: ;   {runtime_call UncommonTrapBlob}
  0x000002859234ddd4: c5f8 77e8 

  0x000002859234ddd8: ; ImmutableOopMap {[40]=Oop [48]=Oop [56]=Oop [96]=NarrowOop [144]=Oop [152]=Oop }
                      ;*if_icmple {reexecute=1 rethrow=0 return_oop=0}
                      ; - (reexecute) jdk.internal.util.Preconditions::checkFromToIndex@11
                      ; - java.lang.String::checkBoundsBeginEnd@6
                      ; - java.lang.String::substring@8
                      ; - java.lang.ClassLoader::checkCerts@21
                      ; - java.lang.ClassLoader::preDefineClass@113
                      ; - java.lang.ClassLoader::defineClass@4
                      ; - java.security.SecureClassLoader::defineClass@12
  0x000002859234ddd8: 2468 8fff 

  0x000002859234dddc: ;   {other}
  0x000002859234dddc: 0f1f 8400 | cc16 001e | 498b d7c5 | f877 49ba | 70ed 7654 | fd7f 0000 

  0x000002859234ddf4: ;   {other}
  0x000002859234ddf4: 41ff d20f | 1f84 0000 | 0000 00e9 | b4f0 ffff | 8b5c 2458 | 448b 5314 | 4585 d20f | 84da f6ff 
  0x000002859234de14: ff4d 8b5f | 2849 8bca | 4d85 db0f | 8497 0300 | 004d 8b57 | 384b 894c | 1af8 4983 | c3f8 4d89 
  0x000002859234de34: 5f28 e9b4 | f6ff ff4d | 8b57 484d | 8b5f 58f0 | 8344 24c0 | 0041 8038 | 0074 3545 | 8820 4d85 
  0x000002859234de54: d274 0f4f | 8944 13f8 | 4983 c2f8 | 4d89 5748 | eb1e 498b | c849 8bd7 | c5f8 7749 | ba50 ed76 
  0x000002859234de74: 54fd 7f00 | 0041 ffd2 

  0x000002859234de7c: ;   {other}
  0x000002859234de7c: 0f1f 8400 | 0000 0000 | 448b 5314 | 4585 d20f | 8493 0300 | 0049 8bfa | e98a f6ff | ffba e4ff 
  0x000002859234de9c: ffff 4489 | 5424 2044 | 8b5c 2440 | 4489 5c24 | 2466 6690 

  0x000002859234deb0: ;   {runtime_call UncommonTrapBlob}
  0x000002859234deb0: c5f8 77e8 

  0x000002859234deb4: ; ImmutableOopMap {[32]=NarrowOop [40]=Oop [48]=Oop [56]=Oop [144]=Oop }
                      ;*baload {reexecute=0 rethrow=0 return_oop=0}
                      ; - jdk.internal.util.ArraysSupport::mismatch@82
                      ; - java.lang.String::startsWith@70
                      ; - java.lang.String::startsWith@3
                      ; - java.lang.ClassLoader::preDefineClass@43
                      ; - java.lang.ClassLoader::defineClass@4
                      ; - java.security.SecureClassLoader::defineClass@12
  0x000002859234deb4: 4867 8fff 

  0x000002859234deb8: ;   {other}
  0x000002859234deb8: 0f1f 8400 | a817 001f | 4963 c0e9 | e9f1 ffff | 4883 c0fe | 488b c849 | 8bfa 4833 | c048 83f9 
  0x000002859234ded8: 087f 1048 | ffc9 784f | 4889 04cf | 48ff c97d | f7eb 44c5 | fdef c0e9 | 0d00 0000 | c5fe 7f07 
  0x000002859234def8: c5fe 7f47 | 2048 83c7 | 4048 83e9 | 087d ed48 | 83c1 047c | 0cc5 fe7f | 0748 83c7 | 2048 83e9 
  0x000002859234df18: 0448 83c1 | 047e 1048 | ffc9 c5f9 | d607 4883 | c708 48ff | c97d f3e9 | 41f2 ffff | bacc ffff 
  0x000002859234df38: ff41 8bea | 4489 4424 | 2444 8974 | 2460 4889 | 5c24 7090 

  0x000002859234df4c: ;   {runtime_call UncommonTrapBlob}
  0x000002859234df4c: c5f8 77e8 

  0x000002859234df50: ; ImmutableOopMap {rbp=NarrowOop [40]=Oop [48]=Oop [56]=Oop [96]=NarrowOop [112]=Oop [144]=Oop [152]=Oop }
                      ;*newarray {reexecute=1 rethrow=0 return_oop=0}
                      ; - (reexecute) java.util.Arrays::copyOfRangeByte@10
                      ; - java.util.Arrays::copyOfRange@13
                      ; - java.lang.StringLatin1::newString@16
                      ; - java.lang.String::substring@41
                      ; - java.lang.ClassLoader::checkCerts@21
                      ; - java.lang.ClassLoader::preDefineClass@113
                      ; - java.lang.ClassLoader::defineClass@4
                      ; - java.security.SecureClassLoader::defineClass@12
  0x000002859234df50: ac66 8fff 

  0x000002859234df54: ;   {other}
  0x000002859234df54: 0f1f 8400 | 4418 0020 | 4889 7424 | 6844 8944 | 2460 4889 | 5c24 5848 | ff74 2428 | 488f 4424 
  0x000002859234df74: 2048 33d2 | 4a8d 14d2 | 458b c190 

  0x000002859234df80: ;   {runtime_call _new_array_Java}
  0x000002859234df80: c5f8 77e8 

  0x000002859234df84: ; ImmutableOopMap {rbp=Oop [32]=Oop [48]=Oop [56]=Oop [88]=Oop [96]=NarrowOop [144]=Oop [152]=Oop }
                      ;*invokevirtual clone {reexecute=1 rethrow=0 return_oop=1}
                      ; - (reexecute) java.security.CodeSource::getCertificates@11
                      ; - java.lang.ClassLoader::checkCerts@34
                      ; - java.lang.ClassLoader::preDefineClass@113
                      ; - java.lang.ClassLoader::defineClass@4
                      ; - java.security.SecureClassLoader::defineClass@12
  0x000002859234df84: f8b5 9bff 

  0x000002859234df88: ;   {other}
  0x000002859234df88: 0f1f 8400 | 7818 0021 | 48ff 7424 | 2048 8f44 | 2428 488b | 5c24 5844 | 8b44 2460 | 488b 7424 
  0x000002859234dfa8: 6848 8bf8 | e9de f2ff | ff4c 894c | 2470 4489 | 5424 6848 | 895c 2460 | 4489 7424 | 5444 896c 
  0x000002859234dfc8: 2450 48ff | 7424 3048 | 8f44 2420 | 488b 6c24 

  0x000002859234dfd8: ;   {metadata('java/util/ArrayList')}
  0x000002859234dfd8: 2848 ba28 | 7205 0001 | 0000 0090 

  0x000002859234dfe4: ;   {runtime_call _new_instance_Java}
  0x000002859234dfe4: c5f8 77e8 

  0x000002859234dfe8: ; ImmutableOopMap {rbp=Oop [32]=Oop [56]=Oop [84]=NarrowOop [96]=Oop [104]=NarrowOop [112]=Oop [144]=Oop [152]=Oop }
                      ;*new {reexecute=0 rethrow=0 return_oop=1}
                      ; - java.security.CodeSource::getCertificates@25
                      ; - java.lang.ClassLoader::checkCerts@34
                      ; - java.lang.ClassLoader::preDefineClass@113
                      ; - java.lang.ClassLoader::defineClass@4
                      ; - java.security.SecureClassLoader::defineClass@12
  0x000002859234dfe8: 94b2 9bff 

  0x000002859234dfec: ;   {other}
  0x000002859234dfec: 0f1f 8400 | dc18 0022 | 4889 6c24 | 2848 ff74 | 2420 488f | 4424 3044 | 8b6c 2450 | 448b 7424 
  0x000002859234e00c: 5448 8b5c | 2460 448b | 5424 684c | 8b4c 2470 | e9e7 f2ff | ff4c 8944 | 2478 4c89 | 4c24 7048 
  0x000002859234e02c: 895c 2468 | 4c89 5424 | 6044 8974 | 2458 48ff | b424 9800 | 0000 488f | 4424 5048 | ffb4 2490 
  0x000002859234e04c: 0000 0048 | 8f44 2448 | 48ff 7424 | 3048 8f44 | 2420 488b 

  0x000002859234e060: ;   {metadata('java/security/cert/Certificate'[])}
  0x000002859234e060: 6c24 2848 | ba30 8f02 | 0001 0000 | 0045 8bc5 

  0x000002859234e070: ;   {runtime_call _new_array_Java}
  0x000002859234e070: c5f8 77e8 

  0x000002859234e074: ; ImmutableOopMap {rbp=Oop [32]=Oop [56]=Oop [72]=Oop [80]=Oop [88]=NarrowOop [104]=Oop [112]=Oop [120]=Oop [144]=Oop [152]=Oop }
                      ;*anewarray {reexecute=0 rethrow=0 return_oop=1}
                      ; - java.security.CodeSource::getCertificates@70
                      ; - java.lang.ClassLoader::checkCerts@34
                      ; - java.lang.ClassLoader::preDefineClass@113
                      ; - java.lang.ClassLoader::defineClass@4
                      ; - java.security.SecureClassLoader::defineClass@12
  0x000002859234e074: 08b5 9bff 

  0x000002859234e078: ;   {other}
  0x000002859234e078: 0f1f 8400 | 6819 0023 | e92c f4ff | ff4c 8944 | 2430 4889 | 7c24 2848 | 33d2 4a8d | 14d2 458b 
  0x000002859234e098: c366 6690 

  0x000002859234e09c: ;   {runtime_call _new_array_Java}
  0x000002859234e09c: c5f8 77e8 

  0x000002859234e0a0: ; ImmutableOopMap {rbp=Oop [32]=Oop [40]=Oop [56]=Oop [72]=Oop [80]=Oop [104]=Oop }
                      ;*invokevirtual clone {reexecute=1 rethrow=0 return_oop=1}
                      ; - (reexecute) java.security.CodeSource::getCertificates@86
                      ; - java.lang.ClassLoader::checkCerts@34
                      ; - java.lang.ClassLoader::preDefineClass@113
                      ; - java.lang.ClassLoader::defineClass@4
                      ; - java.security.SecureClassLoader::defineClass@12
  0x000002859234e0a0: dcb4 9bff 

  0x000002859234e0a4: ;   {other}
  0x000002859234e0a4: 0f1f 8400 | 9419 0024 | 488b 7c24 | 284c 8b44 | 2430 488b | f0e9 cef4 | ffff bae4 | ffff ff48 
  0x000002859234e0c4: 8b6c 2428 | 4c8b 4c24 | 384c 894c | 2428 448b | 4c24 4044 | 894c 2438 | 8b4c 2444 | 894c 243c 
  0x000002859234e0e4: 4889 5c24 | 5044 8974 | 2458 4c89 | 4424 6844 | 8954 2470 | 4489 5c24 | 7466 6690 

  0x000002859234e100: ;   {runtime_call UncommonTrapBlob}
  0x000002859234e100: c5f8 77e8 

  0x000002859234e104: ; ImmutableOopMap {rbp=Oop [40]=Oop [48]=Oop [80]=Oop [88]=NarrowOop [104]=Oop [112]=NarrowOop [144]=Oop [152]=Oop }
                      ;*aaload {reexecute=0 rethrow=0 return_oop=0}
                      ; - java.security.CodeSource::getCertificates@50
                      ; - java.lang.ClassLoader::checkCerts@34
                      ; - java.lang.ClassLoader::preDefineClass@113
                      ; - java.lang.ClassLoader::defineClass@4
                      ; - java.security.SecureClassLoader::defineClass@12
  0x000002859234e104: f864 8fff 

  0x000002859234e108: ;   {other}
  0x000002859234e108: 0f1f 8400 | f819 0025 | ba76 ffff | ff48 8b6c | 2428 895c | 2460 894c | 2464 8974 | 2468 4c89 
  0x000002859234e128: 4c24 7044 | 8954 2478 

  0x000002859234e130: ;   {runtime_call UncommonTrapBlob}
  0x000002859234e130: c5f8 77e8 

  0x000002859234e134: ; ImmutableOopMap {rbp=Oop [32]=Oop [48]=Oop [56]=Oop [104]=NarrowOop [112]=Oop [144]=Oop }
                      ;*if_icmpge {reexecute=1 rethrow=0 return_oop=0}
                      ; - (reexecute) java.lang.ClassLoader::compareCerts@67
                      ; - java.lang.ClassLoader::checkCerts@80
                      ; - java.lang.ClassLoader::preDefineClass@113
                      ; - java.lang.ClassLoader::defineClass@4
                      ; - java.security.SecureClassLoader::defineClass@12
  0x000002859234e134: c864 8fff 

  0x000002859234e138: ;   {other}
  0x000002859234e138: 0f1f 8400 | 281a 0026 | ba76 ffff | ff48 8bac | 2488 0000 | 004c 8b8c | 2498 0000 | 004c 894c 
  0x000002859234e158: 2420 4c8b | 4c24 384c | 894c 2428 | 448b 4c24 | 4044 894c | 2430 8b4c | 2444 894c | 2434 4c8b 
  0x000002859234e178: 4c24 504c | 894c 2438 | 4c8b 8c24 | a000 0000 | 4c89 5424 | 5044 8944 | 245c 4489 | 5c24 604c 
  0x000002859234e198: 894c 2468 | 448b 9c24 | a800 0000 | 4489 5c24 | 7066 6690 

  0x000002859234e1ac: ;   {runtime_call UncommonTrapBlob}
  0x000002859234e1ac: c5f8 77e8 

  0x000002859234e1b0: ; ImmutableOopMap {rbp=Oop [32]=Oop [40]=Oop [56]=Oop [80]=Oop [96]=NarrowOop [104]=Oop [160]=Oop }
                      ;*if_icmpge {reexecute=1 rethrow=0 return_oop=0}
                      ; - (reexecute) java.lang.ClassLoader::compareCerts@152
                      ; - java.lang.ClassLoader::checkCerts@80
                      ; - java.lang.ClassLoader::preDefineClass@113
                      ; - java.lang.ClassLoader::defineClass@4
                      ; - java.security.SecureClassLoader::defineClass@12
  0x000002859234e1b0: 4c64 8fff 

  0x000002859234e1b4: ;   {other}
  0x000002859234e1b4: 0f1f 8400 | a41a 0027 | 498b d7c5 | f877 49ba | 70ed 7654 | fd7f 0000 

  0x000002859234e1cc: ;   {other}
  0x000002859234e1cc: 41ff d20f | 1f84 0000 | 0000 00e9 | 13f3 ffff | ba76 ffff | ff48 8b6c | 2428 4c89 | 4c24 5089 
  0x000002859234e1ec: 5c24 6490 

  0x000002859234e1f0: ;   {runtime_call UncommonTrapBlob}
  0x000002859234e1f0: c5f8 77e8 

  0x000002859234e1f4: ; ImmutableOopMap {rbp=Oop [32]=Oop [48]=Oop [56]=Oop [80]=Oop [144]=Oop }
                      ;*if_icmpge {reexecute=1 rethrow=0 return_oop=0}
                      ; - (reexecute) java.lang.ClassLoader::compareCerts@40
                      ; - java.lang.ClassLoader::checkCerts@80
                      ; - java.lang.ClassLoader::preDefineClass@113
                      ; - java.lang.ClassLoader::defineClass@4
                      ; - java.security.SecureClassLoader::defineClass@12
  0x000002859234e1f4: 0864 8fff 

  0x000002859234e1f8: ;   {other}
  0x000002859234e1f8: 0f1f 8400 | e81a 0028 | ba37 0100 | 0048 8be9 | 4c8b 5424 | 384c 8954 | 2428 6690 

  0x000002859234e214: ;   {runtime_call UncommonTrapBlob}
  0x000002859234e214: c5f8 77e8 

  0x000002859234e218: ; ImmutableOopMap {rbp=Oop [40]=Oop [48]=Oop }
                      ;*new {reexecute=0 rethrow=0 return_oop=0}
                      ; - java.lang.ClassLoader::preDefineClass@56
                      ; - java.lang.ClassLoader::defineClass@4
                      ; - java.security.SecureClassLoader::defineClass@12
  0x000002859234e218: e463 8fff 

  0x000002859234e21c: ;   {other}
  0x000002859234e21c: 0f1f 8400 | 0c1b 0029 | baf6 ffff | ff66 6690 

  0x000002859234e22c: ;   {runtime_call UncommonTrapBlob}
  0x000002859234e22c: c5f8 77e8 

  0x000002859234e230: ; ImmutableOopMap {}
                      ;*invokevirtual clone {reexecute=1 rethrow=0 return_oop=0}
                      ; - (reexecute) java.security.CodeSource::getCertificates@86
                      ; - java.lang.ClassLoader::checkCerts@34
                      ; - java.lang.ClassLoader::preDefineClass@113
                      ; - java.lang.ClassLoader::defineClass@4
                      ; - java.security.SecureClassLoader::defineClass@12
  0x000002859234e230: cc63 8fff 

  0x000002859234e234: ;   {other}
  0x000002859234e234: 0f1f 8400 | 241b 002a | bade ffff | ff48 8b6c | 2428 4c8b | 5424 304c | 8954 2420 | 4c8b 5424 
  0x000002859234e254: 384c 8954 | 2428 4889 | 4424 3890 

  0x000002859234e260: ;   {runtime_call UncommonTrapBlob}
  0x000002859234e260: c5f8 77e8 

  0x000002859234e264: ; ImmutableOopMap {rbp=Oop [32]=Oop [40]=Oop [56]=Oop }
                      ;*checkcast {reexecute=0 rethrow=0 return_oop=0}
                      ; - java.security.SecureClassLoader::getProtectionDomain@33
                      ; - java.security.SecureClassLoader::defineClass@9
  0x000002859234e264: 9863 8fff 

  0x000002859234e268: ;   {other}
  0x000002859234e268: 0f1f 8400 | 581b 002b | bade ffff | ff48 8b6c | 2428 4889 | 4424 5890 

  0x000002859234e280: ;   {runtime_call UncommonTrapBlob}
  0x000002859234e280: c5f8 77e8 

  0x000002859234e284: ; ImmutableOopMap {rbp=Oop [32]=Oop [48]=Oop [56]=Oop [88]=Oop [144]=Oop [152]=Oop }
                      ;*checkcast {reexecute=0 rethrow=0 return_oop=0}
                      ; - java.lang.ClassLoader::checkCerts@65
                      ; - java.lang.ClassLoader::preDefineClass@113
                      ; - java.lang.ClassLoader::defineClass@4
                      ; - java.security.SecureClassLoader::defineClass@12
  0x000002859234e284: 7863 8fff 

  0x000002859234e288: ;   {other}
  0x000002859234e288: 0f1f 8400 | 781b 002c | bade ffff | ff48 ff74 | 2438 488f | 4424 2848 | 8944 24f8 | 8b44 2440 
  0x000002859234e2a8: 8944 2430 | 488b 4424 | f848 8944 | 24f8 8b44 | 2444 8944 | 2434 488b | 4424 f848 | ff74 2448 
  0x000002859234e2c8: 488f 4424 | 3848 ff74 | 2450 488f | 4424 4048 | 8944 2460 

  0x000002859234e2dc: ;   {runtime_call UncommonTrapBlob}
  0x000002859234e2dc: c5f8 77e8 

  0x000002859234e2e0: ; ImmutableOopMap {rbp=Oop [32]=Oop [40]=Oop [56]=Oop [64]=Oop [88]=NarrowOop [96]=Oop [104]=Oop }
                      ;*checkcast {reexecute=0 rethrow=0 return_oop=0}
                      ; - java.security.CodeSource::getCertificates@76
                      ; - java.lang.ClassLoader::checkCerts@34
                      ; - java.lang.ClassLoader::preDefineClass@113
                      ; - java.lang.ClassLoader::defineClass@4
                      ; - java.security.SecureClassLoader::defineClass@12
  0x000002859234e2e0: 1c63 8fff 

  0x000002859234e2e4: ;   {other}
  0x000002859234e2e4: 0f1f 8400 | d41b 002d | baf6 ffff | ff49 8be8 | 4c89 4c24 | 2066 6690 

  0x000002859234e2fc: ;   {runtime_call UncommonTrapBlob}
  0x000002859234e2fc: c5f8 77e8 

  0x000002859234e300: ; ImmutableOopMap {rbp=Oop [32]=Oop }
                      ;*invokeinterface computeIfAbsent {reexecute=0 rethrow=0 return_oop=0}
                      ; - java.security.SecureClassLoader::getProtectionDomain@28
                      ; - java.security.SecureClassLoader::defineClass@9
  0x000002859234e300: fc62 8fff 

  0x000002859234e304: ;   {other}
  0x000002859234e304: 0f1f 8400 | f41b 002e | baf4 ffff | ff48 8b6c | 2428 4c8b | 5424 304c | 8954 2420 

  0x000002859234e320: ;   {runtime_call UncommonTrapBlob}
  0x000002859234e320: c5f8 77e8 

  0x000002859234e324: ; ImmutableOopMap {rbp=Oop [32]=Oop [56]=Oop }
                      ;*checkcast {reexecute=0 rethrow=0 return_oop=0}
                      ; - java.security.SecureClassLoader::getProtectionDomain@33
                      ; - java.security.SecureClassLoader::defineClass@9
  0x000002859234e324: d862 8fff 

  0x000002859234e328: ;   {other}
  0x000002859234e328: 0f1f 8400 | 181c 002f | baf6 ffff | ff66 6690 

  0x000002859234e338: ;   {runtime_call UncommonTrapBlob}
  0x000002859234e338: c5f8 77e8 

  0x000002859234e33c: ; ImmutableOopMap {}
                      ;*arraylength {reexecute=0 rethrow=0 return_oop=0}
                      ; - java.lang.String::isEmpty@4
                      ; - java.lang.ClassLoader::checkName@5
                      ; - java.lang.ClassLoader::preDefineClass@1
                      ; - java.lang.ClassLoader::defineClass@4
                      ; - java.security.SecureClassLoader::defineClass@12
  0x000002859234e33c: c062 8fff 

  0x000002859234e340: ;   {other}
  0x000002859234e340: 0f1f 8400 | 301c 0030 | ba45 ffff | ff48 8b6c | 2428 48ff | 7424 3048 | 8f44 2420 

  0x000002859234e35c: ;   {runtime_call UncommonTrapBlob}
  0x000002859234e35c: c5f8 77e8 

  0x000002859234e360: ; ImmutableOopMap {rbp=Oop [32]=Oop [56]=Oop [144]=Oop }
                      ;*ifnull {reexecute=1 rethrow=0 return_oop=0}
                      ; - (reexecute) java.lang.ClassLoader::checkName@1
                      ; - java.lang.ClassLoader::preDefineClass@1
                      ; - java.lang.ClassLoader::defineClass@4
                      ; - java.security.SecureClassLoader::defineClass@12
  0x000002859234e360: 9c62 8fff 

  0x000002859234e364: ;   {other}
  0x000002859234e364: 0f1f 8400 | 541c 0031 | ba45 ffff | ff48 ff74 | 2428 488f | 4424 2048 | ff74 2430 | 488f 4424 
  0x000002859234e384: 2848 ff74 | 2438 488f | 4424 3048 | 8944 24f8 | 8b44 2440 | 8944 2438 | 488b 4424 | f848 8944 
  0x000002859234e3a4: 24f8 8b44 | 2444 8944 | 243c 488b | 4424 f890 

  0x000002859234e3b4: ;   {runtime_call UncommonTrapBlob}
  0x000002859234e3b4: c5f8 77e8 

  0x000002859234e3b8: ; ImmutableOopMap {rbp=NarrowOop [32]=Oop [40]=Oop [48]=Oop [144]=Oop }
                      ;*ifnull {reexecute=1 rethrow=0 return_oop=0}
                      ; - (reexecute) java.lang.ClassLoader::defineClassSourceLocation@15
                      ; - java.lang.ClassLoader::defineClass@12
                      ; - java.security.SecureClassLoader::defineClass@12
  0x000002859234e3b8: 4462 8fff 

  0x000002859234e3bc: ;   {other}
  0x000002859234e3bc: 0f1f 8400 | ac1c 0032 | baf6 ffff | ff41 8beb 

  0x000002859234e3cc: ;   {runtime_call UncommonTrapBlob}
  0x000002859234e3cc: c5f8 77e8 

  0x000002859234e3d0: ; ImmutableOopMap {}
                      ;*aaload {reexecute=0 rethrow=0 return_oop=0}
                      ; - java.security.CodeSource::getCertificates@50
                      ; - java.lang.ClassLoader::checkCerts@34
                      ; - java.lang.ClassLoader::preDefineClass@113
                      ; - java.lang.ClassLoader::defineClass@4
                      ; - java.security.SecureClassLoader::defineClass@12
  0x000002859234e3d0: 2c62 8fff 

  0x000002859234e3d4: ;   {other}
  0x000002859234e3d4: 0f1f 8400 | c41c 0033 | baf6 ffff | ff66 6690 

  0x000002859234e3e4: ;   {runtime_call UncommonTrapBlob}
  0x000002859234e3e4: c5f8 77e8 

  0x000002859234e3e8: ; ImmutableOopMap {}
                      ;*invokevirtual getSignerCertPath {reexecute=0 rethrow=0 return_oop=0}
                      ; - java.security.CodeSource::getCertificates@51
                      ; - java.lang.ClassLoader::checkCerts@34
                      ; - java.lang.ClassLoader::preDefineClass@113
                      ; - java.lang.ClassLoader::defineClass@4
                      ; - java.security.SecureClassLoader::defineClass@12
  0x000002859234e3e8: 1462 8fff 

  0x000002859234e3ec: ;   {other}
  0x000002859234e3ec: 0f1f 8400 | dc1c 0034 | baf6 ffff | ff66 6690 

  0x000002859234e3fc: ;   {runtime_call UncommonTrapBlob}
  0x000002859234e3fc: c5f8 77e8 

  0x000002859234e400: ; ImmutableOopMap {}
                      ;*invokevirtual getCertificates {reexecute=0 rethrow=0 return_oop=0}
                      ; - java.security.CodeSource::getCertificates@54
                      ; - java.lang.ClassLoader::checkCerts@34
                      ; - java.lang.ClassLoader::preDefineClass@113
                      ; - java.lang.ClassLoader::defineClass@4
                      ; - java.security.SecureClassLoader::defineClass@12
  0x000002859234e400: fc61 8fff 

  0x000002859234e404: ;   {other}
  0x000002859234e404: 0f1f 8400 | f41c 0035 | baf6 ffff | ff66 6690 

  0x000002859234e414: ;   {runtime_call UncommonTrapBlob}
  0x000002859234e414: c5f8 77e8 

  0x000002859234e418: ; ImmutableOopMap {}
                      ;*arraylength {reexecute=0 rethrow=0 return_oop=0}
                      ; - java.security.CodeSource::getCertificates@40
                      ; - java.lang.ClassLoader::checkCerts@34
                      ; - java.lang.ClassLoader::preDefineClass@113
                      ; - java.lang.ClassLoader::defineClass@4
                      ; - java.security.SecureClassLoader::defineClass@12
  0x000002859234e418: e461 8fff 

  0x000002859234e41c: ;   {other}
  0x000002859234e41c: 0f1f 8400 | 0c1d 0036 | ba97 ffff | ff4c 8b54 | 2470 4c89 | 5424 6890 

  0x000002859234e434: ;   {runtime_call UncommonTrapBlob}
  0x000002859234e434: c5f8 77e8 

  0x000002859234e438: ; ImmutableOopMap {rbp=NarrowOop [32]=Oop [48]=Oop [56]=Oop [84]=NarrowOop [104]=Oop [112]=Oop [144]=Oop [152]=Oop }
                      ;*invokevirtual clone {reexecute=1 rethrow=0 return_oop=0}
                      ; - (reexecute) java.util.Arrays::copyOfRange@18
                      ; - java.lang.StringLatin1::newString@16
                      ; - java.lang.String::substring@41
                      ; - java.lang.ClassLoader::checkCerts@21
                      ; - java.lang.ClassLoader::preDefineClass@113
                      ; - java.lang.ClassLoader::defineClass@4
                      ; - java.security.SecureClassLoader::defineClass@12
  0x000002859234e438: c461 8fff 

  0x000002859234e43c: ;   {other}
  0x000002859234e43c: 0f1f 8400 | 2c1d 0037 | baf4 ffff | ff48 ff74 | 2438 488f | 4424 2848 | 8944 24f8 | 8b44 2440 
  0x000002859234e45c: 8944 2430 | 488b 4424 | f848 8944 | 24f8 8b44 | 2444 8944 | 2434 488b | 4424 f848 | ff74 2448 
  0x000002859234e47c: 488f 4424 | 3848 ff74 | 2450 488f | 4424 4090 

  0x000002859234e48c: ;   {runtime_call UncommonTrapBlob}
  0x000002859234e48c: c5f8 77e8 

  0x000002859234e490: ; ImmutableOopMap {rbp=Oop [32]=Oop [40]=Oop [56]=Oop [64]=Oop [88]=NarrowOop [104]=Oop }
                      ;*checkcast {reexecute=0 rethrow=0 return_oop=0}
                      ; - java.security.CodeSource::getCertificates@76
                      ; - java.lang.ClassLoader::checkCerts@34
                      ; - java.lang.ClassLoader::preDefineClass@113
                      ; - java.lang.ClassLoader::defineClass@4
                      ; - java.security.SecureClassLoader::defineClass@12
  0x000002859234e490: 6c61 8fff 

  0x000002859234e494: ;   {other}
  0x000002859234e494: 0f1f 8400 | 841d 0038 | ba97 ffff | ff48 8b6c | 2420 48ff | 7424 3848 | 8f44 2428 | 4889 4424 
  0x000002859234e4b4: f88b 4424 | 4089 4424 | 3848 8b44 | 24f8 4889 | 4424 f88b | 4424 4489 | 4424 3c48 | 8b44 24f8 
  0x000002859234e4d4: 48ff 7424 | 5848 8f44 | 2450 6690 

  0x000002859234e4e0: ;   {runtime_call UncommonTrapBlob}
  0x000002859234e4e0: c5f8 77e8 

  0x000002859234e4e4: ; ImmutableOopMap {rbp=Oop [40]=Oop [48]=Oop [80]=Oop [96]=NarrowOop [144]=Oop [152]=Oop }
                      ;*invokevirtual clone {reexecute=1 rethrow=0 return_oop=0}
                      ; - (reexecute) java.security.CodeSource::getCertificates@11
                      ; - java.lang.ClassLoader::checkCerts@34
                      ; - java.lang.ClassLoader::preDefineClass@113
                      ; - java.lang.ClassLoader::defineClass@4
                      ; - java.security.SecureClassLoader::defineClass@12
  0x000002859234e4e4: 1861 8fff 

  0x000002859234e4e8: ;   {other}
  0x000002859234e4e8: 0f1f 8400 | d81d 0039 | ba97 ffff | ff48 ff74 | 2438 488f | 4424 3048 | 8944 24f8 | 8b44 2440 
  0x000002859234e508: 8944 2438 | 488b 4424 | f848 8944 | 24f8 8b44 | 2444 8944 | 243c 488b | 4424 f848 | ff74 2448 
  0x000002859234e528: 488f 4424 | 4048 ff74 | 2450 488f | 4424 4890 

  0x000002859234e538: ;   {runtime_call UncommonTrapBlob}
  0x000002859234e538: c5f8 77e8 

  0x000002859234e53c: ; ImmutableOopMap {rbp=Oop [32]=Oop [40]=Oop [48]=Oop [64]=Oop [72]=Oop [104]=Oop }
                      ;*invokevirtual clone {reexecute=1 rethrow=0 return_oop=0}
                      ; - (reexecute) java.security.CodeSource::getCertificates@86
                      ; - java.lang.ClassLoader::checkCerts@34
                      ; - java.lang.ClassLoader::preDefineClass@113
                      ; - java.lang.ClassLoader::defineClass@4
                      ; - java.security.SecureClassLoader::defineClass@12
  0x000002859234e53c: c060 8fff 

  0x000002859234e540: ;   {other}
  0x000002859234e540: 0f1f 8400 | 301e 003a | eb1d eb1b | eb19 eb17 | eb0a eb08 | eb11 eb0f | eb0d eb0b | 488b d0eb 
  0x000002859234e560: 09eb 04eb | 02eb 0048 | 8bd0 c5f8 | 7748 81c4 | d000 0000 

  0x000002859234e574: ;   {runtime_call _rethrow_Java}
  0x000002859234e574: 5de9 06df 

  0x000002859234e578: ;   {internal_word}
  0x000002859234e578: 9bff 49ba | 2ed0 3492 | 8502 0000 | 4d89 9760 

  0x000002859234e588: ;   {runtime_call SafepointBlob}
  0x000002859234e588: 0400 00e9 | 7071 8fff 

  0x000002859234e590: ;   {runtime_call StubRoutines (final stubs)}
  0x000002859234e590: e88b b58d | ffe9 e4e4 | ffff f4f4 | f4f4 f4f4 
[Stub Code]
  0x000002859234e5a0: ;   {no_reloc}
  0x000002859234e5a0: 48bb 0000 | 0000 0000 

  0x000002859234e5a8: ;   {runtime_call nmethod}
  0x000002859234e5a8: 0000 e9fb 

  0x000002859234e5ac: ;   {static_stub}
  0x000002859234e5ac: ffff ff48 | bb00 0000 | 0000 0000 

  0x000002859234e5b8: ;   {runtime_call nmethod}
  0x000002859234e5b8: 00e9 fbff 

  0x000002859234e5bc: ;   {static_stub}
  0x000002859234e5bc: ffff 48bb | 0000 0000 | 0000 0000 

  0x000002859234e5c8: ;   {runtime_call nmethod}
  0x000002859234e5c8: e9fb ffff 

  0x000002859234e5cc: ;   {static_stub}
  0x000002859234e5cc: ff48 bb00 | 0000 0000 

  0x000002859234e5d4: ;   {runtime_call nmethod}
  0x000002859234e5d4: 0000 00e9 | fbff ffff 

  0x000002859234e5dc: ;   {static_stub}
  0x000002859234e5dc: 48bb 0000 | 0000 0000 

  0x000002859234e5e4: ;   {runtime_call nmethod}
  0x000002859234e5e4: 0000 e9fb 

  0x000002859234e5e8: ;   {static_stub}
  0x000002859234e5e8: ffff ff48 | bb00 0000 | 0000 0000 

  0x000002859234e5f4: ;   {runtime_call nmethod}
  0x000002859234e5f4: 00e9 fbff 

  0x000002859234e5f8: ;   {static_stub}
  0x000002859234e5f8: ffff 48bb | 0000 0000 | 0000 0000 

  0x000002859234e604: ;   {runtime_call nmethod}
  0x000002859234e604: e9fb ffff 

  0x000002859234e608: ;   {static_stub}
  0x000002859234e608: ff48 bb00 | 0000 0000 

  0x000002859234e610: ;   {runtime_call nmethod}
  0x000002859234e610: 0000 00e9 | fbff ffff 

  0x000002859234e618: ;   {static_stub}
  0x000002859234e618: 48bb 0000 | 0000 0000 

  0x000002859234e620: ;   {runtime_call nmethod}
  0x000002859234e620: 0000 e9fb 

  0x000002859234e624: ;   {runtime_call ExceptionBlob}
  0x000002859234e624: ffff ffe9 | d46d 9bff 
[Deopt Handler Code]
  0x000002859234e62c: e800 0000 | 0048 832c 

  0x000002859234e634: ;   {runtime_call DeoptimizationBlob}
  0x000002859234e634: 2405 e965 | 638f fff4 | f4f4 f4f4 
[/MachCode]


Compiled method (c1) 18085 3960   !   3       java.net.URLClassLoader::defineClass (224 bytes)
 total in heap  [0x000002858a7b5410,0x000002858a7b7cf0] = 10464
 relocation     [0x000002858a7b5570,0x000002858a7b5830] = 704
 main code      [0x000002858a7b5840,0x000002858a7b71b8] = 6520
 stub code      [0x000002858a7b71b8,0x000002858a7b7358] = 416
 oops           [0x000002858a7b7358,0x000002858a7b7360] = 8
 metadata       [0x000002858a7b7360,0x000002858a7b73f8] = 152
 scopes data    [0x000002858a7b73f8,0x000002858a7b78c0] = 1224
 scopes pcs     [0x000002858a7b78c0,0x000002858a7b7c40] = 896
 dependencies   [0x000002858a7b7c40,0x000002858a7b7c70] = 48
 handler table  [0x000002858a7b7c70,0x000002858a7b7cb8] = 72
 nul chk table  [0x000002858a7b7cb8,0x000002858a7b7cf0] = 56

[Constant Pool (empty)]

[MachCode]
[Entry Point]
  # {method} {0x000002859e0fa200} 'defineClass' '(Ljava/lang/String;Ljdk/internal/loader/Resource;)Ljava/lang/Class;' in 'java/net/URLClassLoader'
  # this:     rdx:rdx   = 'java/net/URLClassLoader'
  # parm0:    r8:r8     = 'java/lang/String'
  # parm1:    r9:r9     = 'jdk/internal/loader/Resource'
  #           [sp+0x150]  (sp of caller)
  0x000002858a7b5840: 448b 5208 | 49c1 e203 

  0x000002858a7b5848: ;   {runtime_call ic_miss_stub}
  0x000002858a7b5848: 4c3b d00f | 852f 8f48 | 070f 1f84 | 0000 0000 | 000f 1f80 | 0000 0000 
[Verified Entry Point]
  0x000002858a7b5860: 8984 2400 | 80ff ff55 | 4881 ec40 | 0100 0090 | 4181 7f20 | 0900 0000 

  0x000002858a7b5878: ;   {runtime_call StubRoutines (final stubs)}
  0x000002858a7b5878: 7405 e8a1 | 4247 0748 | 8994 24b8 | 0000 004c | 8984 24a8 | 0000 004c | 898c 24b0 

  0x000002858a7b5894: ;   {metadata(method data for {method} {0x000002859e0fa200} 'defineClass' '(Ljava/lang/String;Ljdk/internal/loader/Resource;)Ljava/lang/Class;' in 'java/net/URLClassLoader')}
  0x000002858a7b5894: 0000 0048 | be40 c07f | 9e85 0200 | 008b becc | 0000 0083 | c702 89be | cc00 0000 | 81e7 fe07 
  0x000002858a7b58b4: 0000 85ff | 0f84 bb15 

  0x000002858a7b58bc: ;   {metadata(method data for {method} {0x000002859e0fa200} 'defineClass' '(Ljava/lang/String;Ljdk/internal/loader/Resource;)Ljava/lang/Class;' in 'java/net/URLClassLoader')}
  0x000002858a7b58bc: 0000 48be | 40c0 7f9e | 8502 0000 | 4883 8610 | 0100 0001 

  0x000002858a7b58d0: ;   {runtime_call}
  0x000002858a7b58d0: 48b8 30a7 | b154 fd7f | 0000 ffd0 

  0x000002858a7b58dc: ;   {other}
  0x000002858a7b58dc: 0f1f 8400 | 0000 0000 | 4889 8424 | c000 0000 | 4c8b 8424 | a800 0000 

  0x000002858a7b58f4: ; implicit exception: dispatches to 0x000002858a7b6e9a
  0x000002858a7b58f4: 493b 0049 

  0x000002858a7b58f8: ;   {metadata(method data for {method} {0x000002859e0fa200} 'defineClass' '(Ljava/lang/String;Ljdk/internal/loader/Resource;)Ljava/lang/Class;' in 'java/net/URLClassLoader')}
  0x000002858a7b58f8: 8bc8 48ba | 40c0 7f9e | 8502 0000 | 4883 8220 | 0100 0001 

  0x000002858a7b590c: ;   {metadata(method data for {method} {0x000002859e00b730} 'lastIndexOf' '(I)I' in 'java/lang/String')}
  0x000002858a7b590c: 48b9 08f6 | 609e 8502 | 0000 8b91 | cc00 0000 | 83c2 0289 | 91cc 0000 | 0081 e2fe | ff1f 0085 
  0x000002858a7b592c: d20f 846c | 1500 0049 

  0x000002858a7b5934: ;   {metadata(method data for {method} {0x000002859e00b730} 'lastIndexOf' '(I)I' in 'java/lang/String')}
  0x000002858a7b5934: 8bc8 48ba | 08f6 609e | 8502 0000 | 4883 8210 | 0100 0001 

  0x000002858a7b5948: ;   {metadata(method data for {method} {0x000002859e009d30} 'length' '()I' in 'java/lang/String')}
  0x000002858a7b5948: 48b9 808f | 329e 8502 | 0000 8b91 | cc00 0000 | 83c2 0289 | 91cc 0000 | 0081 e2fe | ff1f 0085 
  0x000002858a7b5968: d20f 8451 | 1500 0041 | 8b70 148b | 560c 498b 

  0x000002858a7b5978: ;   {metadata(method data for {method} {0x000002859e009d30} 'length' '()I' in 'java/lang/String')}
  0x000002858a7b5978: c849 b980 | 8f32 9e85 | 0200 0049 | 8381 1001 

  0x000002858a7b5988: ;   {metadata(method data for {method} {0x000002859e00f8a0} 'coder' '()B' in 'java/lang/String')}
  0x000002858a7b5988: 0000 0148 | b908 8e32 | 9e85 0200 | 0044 8b89 | cc00 0000 | 4183 c102 | 4489 89cc | 0000 0041 
  0x000002858a7b59a8: 81e1 feff | 1f00 4585 | c90f 842f 

  0x000002858a7b59b4: ;   {metadata(method data for {method} {0x000002859e00f8a0} 'coder' '()B' in 'java/lang/String')}
  0x000002858a7b59b4: 1500 0048 | b908 8e32 | 9e85 0200 | 00ff 8120 | 0100 0045 | 0fbe 4810 

  0x000002858a7b59cc: ;   {metadata(method data for {method} {0x000002859e00f8a0} 'coder' '()B' in 'java/lang/String')}
  0x000002858a7b59cc: 48b9 088e | 329e 8502 | 0000 ff81 | 3001 0000 | 498b c9c1 | e118 c1f9 | 18d3 fa48 | 8bfa ffcf 
  0x000002858a7b59ec: ;   {metadata(method data for {method} {0x000002859e00b730} 'lastIndexOf' '(I)I' in 'java/lang/String')}
  0x000002858a7b59ec: 498b d048 | bb08 f660 | 9e85 0200 | 0048 8383 | 4801 0000 

  0x000002858a7b5a00: ;   {metadata(method data for {method} {0x000002859e00b7f8} 'lastIndexOf' '(II)I' in 'java/lang/String')}
  0x000002858a7b5a00: 0148 baf8 | 9b60 9e85 | 0200 008b | 9acc 0000 | 0083 c302 | 899a cc00 | 0000 81e3 | feff 1f00 
  0x000002858a7b5a20: 85db 0f84 | df14 0000 

  0x000002858a7b5a28: ;   {metadata(method data for {method} {0x000002859e00b7f8} 'lastIndexOf' '(II)I' in 'java/lang/String')}
  0x000002858a7b5a28: 498b d048 | bbf8 9b60 | 9e85 0200 | 0048 8383 | 1001 0000 

  0x000002858a7b5a3c: ;   {metadata(method data for {method} {0x000002859e00fa20} 'isLatin1' '()Z' in 'java/lang/String')}
  0x000002858a7b5a3c: 0148 baa0 | 882e 9e85 | 0200 008b | 9acc 0000 | 0083 c302 | 899a cc00 | 0000 81e3 | feff 1f00 
  0x000002858a7b5a5c: 85db 0f84 | c414 0000 

  0x000002858a7b5a64: ;   {metadata(method data for {method} {0x000002859e00fa20} 'isLatin1' '()Z' in 'java/lang/String')}
  0x000002858a7b5a64: 48ba a088 | 2e9e 8502 | 0000 ff82 | 2001 0000 

  0x000002858a7b5a74: ;   {metadata(method data for {method} {0x000002859e00fa20} 'isLatin1' '()Z' in 'java/lang/String')}
  0x000002858a7b5a74: 4585 c948 | baa0 882e | 9e85 0200 | 0049 c7c1 | 3001 0000 | 7507 49c7 | c140 0100 | 004a 8b1c 
  0x000002858a7b5a94: 0a48 8d5b | 014a 891c | 0a0f 851a 

  0x000002858a7b5aa0: ;   {metadata(method data for {method} {0x000002859e00fa20} 'isLatin1' '()Z' in 'java/lang/String')}
  0x000002858a7b5aa0: 0000 0048 | baa0 882e | 9e85 0200 | 00ff 8250 | 0100 00ba | 0100 0000 | e905 0000 | 00ba 0000 
  0x000002858a7b5ac0: 0000 83e2 

  0x000002858a7b5ac4: ;   {metadata(method data for {method} {0x000002859e00b7f8} 'lastIndexOf' '(II)I' in 'java/lang/String')}
  0x000002858a7b5ac4: 0185 d248 | baf8 9b60 | 9e85 0200 | 0049 c7c1 | 4801 0000 | 7407 49c7 | c158 0100 | 004a 8b1c 
  0x000002858a7b5ae4: 0a48 8d5b | 014a 891c | 0a0f 8446 

  0x000002858a7b5af0: ;   {metadata(method data for {method} {0x000002859e00b7f8} 'lastIndexOf' '(II)I' in 'java/lang/String')}
  0x000002858a7b5af0: 0000 0048 | baf8 9b60 | 9e85 0200 | 0048 8382 | 6801 0000 | 0148 8bd6 | 41b8 2e00 | 0000 4c8b 
  0x000002858a7b5b10: cf66 0f1f 

  0x000002858a7b5b14: ;   {static_call}
  0x000002858a7b5b14: 4400 00e8 

  0x000002858a7b5b18: ; ImmutableOopMap {[168]=Oop [176]=Oop [184]=Oop }
                      ;*invokestatic lastIndexOf {reexecute=0 rethrow=0 return_oop=0}
                      ; - java.lang.String::lastIndexOf@13
                      ; - java.lang.String::lastIndexOf@8
                      ; - java.net.URLClassLoader::defineClass@7
  0x000002858a7b5b18: 8498 9f07 

  0x000002858a7b5b1c: ;   {other}
  0x000002858a7b5b1c: 0f1f 8400 | 0c07 0000 

  0x000002858a7b5b24: ;   {metadata(method data for {method} {0x000002859e00b7f8} 'lastIndexOf' '(II)I' in 'java/lang/String')}
  0x000002858a7b5b24: 48ba f89b | 609e 8502 | 0000 ff82 | 7801 0000 | e92b 0000 

  0x000002858a7b5b38: ;   {metadata(method data for {method} {0x000002859e00b7f8} 'lastIndexOf' '(II)I' in 'java/lang/String')}
  0x000002858a7b5b38: 0048 baf8 | 9b60 9e85 | 0200 0048 | 8382 9001 | 0000 0148 | 8bd6 41b8 | 2e00 0000 

  0x000002858a7b5b54: ;   {static_call}
  0x000002858a7b5b54: 4c8b cfe8 

  0x000002858a7b5b58: ; ImmutableOopMap {[168]=Oop [176]=Oop [184]=Oop }
                      ;*invokestatic lastIndexOf {reexecute=0 rethrow=0 return_oop=0}
                      ; - java.lang.String::lastIndexOf@25
                      ; - java.lang.String::lastIndexOf@8
                      ; - java.net.URLClassLoader::defineClass@7
  0x000002858a7b5b58: 2495 4807 

  0x000002858a7b5b5c: ;   {other}
  0x000002858a7b5b5c: 0f1f 8400 | 4c07 0001 | 8984 24c8 | 0000 004c | 8b8c 24b0 | 0000 0049 | 3b01 498b 

  0x000002858a7b5b78: ;   {metadata(method data for {method} {0x000002859e0fa200} 'defineClass' '(Ljava/lang/String;Ljdk/internal/loader/Resource;)Ljava/lang/Class;' in 'java/net/URLClassLoader')}
  0x000002858a7b5b78: d148 be40 | c07f 9e85 | 0200 008b | 5208 48c1 | e203 483b | 9668 0100 | 0075 0d48 | 8386 7001 
  0x000002858a7b5b98: 0000 01e9 | 6000 0000 | 483b 9678 | 0100 0075 | 0d48 8386 | 8001 0000 | 01e9 4a00 | 0000 4883 
  0x000002858a7b5bb8: be68 0100 | 0000 7517 | 4889 9668 | 0100 0048 | c786 7001 | 0000 0100 | 0000 e929 | 0000 0048 
  0x000002858a7b5bd8: 83be 7801 | 0000 0075 | 1748 8996 | 7801 0000 | 48c7 8680 | 0100 0001 | 0000 00e9 | 0800 0000 
  0x000002858a7b5bf8: 4883 8658 | 0100 0001 | 498b d166 | 9048 b8ff | ffff ffff 

  0x000002858a7b5c0c: ;   {virtual_call}
  0x000002858a7b5c0c: ffff ffe8 

  0x000002858a7b5c10: ; ImmutableOopMap {[168]=Oop [176]=Oop [184]=Oop }
                      ;*invokevirtual getCodeSourceURL {reexecute=0 rethrow=0 return_oop=0}
                      ; - java.net.URLClassLoader::defineClass@13
  0x000002858a7b5c10: 3422 5507 

  0x000002858a7b5c14: ;   {other}
  0x000002858a7b5c14: 0f1f 8400 | 0408 0002 | 4889 8424 | d000 0000 | 448b 8c24 | c800 0000 | 4183 f9ff 

  0x000002858a7b5c30: ;   {metadata(method data for {method} {0x000002859e0fa200} 'defineClass' '(Ljava/lang/String;Ljdk/internal/loader/Resource;)Ljava/lang/Class;' in 'java/net/URLClassLoader')}
  0x000002858a7b5c30: 49b8 40c0 | 7f9e 8502 | 0000 48c7 | c290 0100 | 0074 0748 | c7c2 a001 | 0000 498b | 3410 488d 
  0x000002858a7b5c50: 7601 4989 | 3410 0f84 | 0704 0000 | 4c8b 8424 | a800 0000 

  0x000002858a7b5c64: ;   {metadata(method data for {method} {0x000002859e0fa200} 'defineClass' '(Ljava/lang/String;Ljdk/internal/loader/Resource;)Ljava/lang/Class;' in 'java/net/URLClassLoader')}
  0x000002858a7b5c64: 48ba 40c0 | 7f9e 8502 | 0000 4883 | 82b0 0100 | 0001 41b8 | 0000 0000 | 488b 9424 | a800 0000 
  0x000002858a7b5c84: ;   {optimized virtual_call}
  0x000002858a7b5c84: 6666 90e8 

  0x000002858a7b5c88: ; ImmutableOopMap {[168]=Oop [176]=Oop [184]=Oop [208]=Oop }
                      ;*invokevirtual substring {reexecute=0 rethrow=0 return_oop=0}
                      ; - java.net.URLClassLoader::defineClass@28
  0x000002858a7b5c88: f400 a707 

  0x000002858a7b5c8c: ;   {other}
  0x000002858a7b5c8c: 0f1f 8400 | 7c08 0003 | 4889 8424 | d800 0000 | 4c8b 8c24 | b000 0000 

  0x000002858a7b5ca4: ;   {metadata(method data for {method} {0x000002859e0fa200} 'defineClass' '(Ljava/lang/String;Ljdk/internal/loader/Resource;)Ljava/lang/Class;' in 'java/net/URLClassLoader')}
  0x000002858a7b5ca4: 48ba 40c0 | 7f9e 8502 | 0000 458b | 4908 49c1 | e103 4c3b | 8af8 0100 | 0075 0d48 | 8382 0002 
  0x000002858a7b5cc4: 0000 01e9 | 6000 0000 | 4c3b 8a08 | 0200 0075 | 0d48 8382 | 1002 0000 | 01e9 4a00 | 0000 4883 
  0x000002858a7b5ce4: baf8 0100 | 0000 7517 | 4c89 8af8 | 0100 0048 | c782 0002 | 0000 0100 | 0000 e929 | 0000 0048 
  0x000002858a7b5d04: 83ba 0802 | 0000 0075 | 174c 898a | 0802 0000 | 48c7 8210 | 0200 0001 | 0000 00e9 | 0800 0000 
  0x000002858a7b5d24: 4883 82e8 | 0100 0001 | 488b 9424 | b000 0000 | 9048 b870 | f008 0001 

  0x000002858a7b5d3c: ;   {virtual_call}
  0x000002858a7b5d3c: 0000 00e8 

  0x000002858a7b5d40: ; ImmutableOopMap {[168]=Oop [176]=Oop [184]=Oop [208]=Oop [216]=Oop }
                      ;*invokevirtual getManifest {reexecute=0 rethrow=0 return_oop=0}
                      ; - java.net.URLClassLoader::defineClass@34
  0x000002858a7b5d40: 9ca7 e800 

  0x000002858a7b5d44: ;   {other}
  0x000002858a7b5d44: 0f1f 8400 | 3409 0004 | 4889 8424 | e000 0000 | 488b 9424 | b800 0000 

  0x000002858a7b5d5c: ;   {metadata(method data for {method} {0x000002859e0fa200} 'defineClass' '(Ljava/lang/String;Ljdk/internal/loader/Resource;)Ljava/lang/Class;' in 'java/net/URLClassLoader')}
  0x000002858a7b5d5c: 49b8 40c0 | 7f9e 8502 | 0000 4983 | 8020 0200 | 0001 4c8b | 8424 d800 | 0000 4c8b | c848 8bbc 
  0x000002858a7b5d7c: 24d0 0000 | 0048 8b94 | 24b8 0000 | 0066 0f1f 

  0x000002858a7b5d8c: ;   {optimized virtual_call}
  0x000002858a7b5d8c: 4400 00e8 

  0x000002858a7b5d90: ; ImmutableOopMap {[168]=Oop [176]=Oop [184]=Oop [208]=Oop [216]=Oop [224]=Oop }
                      ;*invokevirtual getAndVerifyPackage {reexecute=0 rethrow=0 return_oop=0}
                      ; - java.net.URLClassLoader::defineClass@46
  0x000002858a7b5d90: 2c94 bf07 

  0x000002858a7b5d94: ;   {other}
  0x000002858a7b5d94: 0f1f 8400 | 8409 0005 

  0x000002858a7b5d9c: ;   {metadata(method data for {method} {0x000002859e0fa200} 'defineClass' '(Ljava/lang/String;Ljdk/internal/loader/Resource;)Ljava/lang/Class;' in 'java/net/URLClassLoader')}
  0x000002858a7b5d9c: 4885 c049 | b840 c07f | 9e85 0200 | 0049 c7c1 | 5802 0000 | 7507 49c7 | c168 0200 | 004b 8b3c 
  0x000002858a7b5dbc: 0848 8d7f | 014b 893c | 080f 8598 | 0200 0048 | 8b84 24e0 | 0000 0048 

  0x000002858a7b5dd4: ;   {metadata(method data for {method} {0x000002859e0fa200} 'defineClass' '(Ljava/lang/String;Ljdk/internal/loader/Resource;)Ljava/lang/Class;' in 'java/net/URLClassLoader')}
  0x000002858a7b5dd4: 85c0 49b8 | 40c0 7f9e | 8502 0000 | 49c7 c178 | 0200 0074 | 0749 c7c1 | 8802 0000 | 4b8b 3c08 
  0x000002858a7b5df4: 488d 7f01 | 4b89 3c08 | 488b 9424 | b800 0000 | 0f84 c800 

  0x000002858a7b5e08: ;   {metadata(method data for {method} {0x000002859e0fa200} 'defineClass' '(Ljava/lang/String;Ljdk/internal/loader/Resource;)Ljava/lang/Class;' in 'java/net/URLClassLoader')}
  0x000002858a7b5e08: 0000 49b8 | 40c0 7f9e | 8502 0000 | 8b52 0848 | c1e2 0349 | 3b90 a802 | 0000 750d | 4983 80b0 
  0x000002858a7b5e28: 0200 0001 | e960 0000 | 0049 3b90 | b802 0000 | 750d 4983 | 80c0 0200 | 0001 e94a | 0000 0049 
  0x000002858a7b5e48: 83b8 a802 | 0000 0075 | 1749 8990 | a802 0000 | 49c7 80b0 | 0200 0001 | 0000 00e9 | 2900 0000 
  0x000002858a7b5e68: 4983 b8b8 | 0200 0000 | 7517 4989 | 90b8 0200 | 0049 c780 | c002 0000 | 0100 0000 | e908 0000 
  0x000002858a7b5e88: 0049 8380 | 9802 0000 | 014c 8b84 | 24d8 0000 | 004c 8bc8 | 488b bc24 | d000 0000 | 488b 9424 
  0x000002858a7b5ea8: b800 0000 

  0x000002858a7b5eac: ;   {optimized virtual_call}
  0x000002858a7b5eac: 6666 90e8 

  0x000002858a7b5eb0: ; ImmutableOopMap {[168]=Oop [176]=Oop [184]=Oop [208]=Oop [216]=Oop [224]=Oop }
                      ;*invokevirtual definePackage {reexecute=0 rethrow=0 return_oop=0}
                      ; - java.net.URLClassLoader::defineClass@64
  0x000002858a7b5eb0: ec3e 2100 

  0x000002858a7b5eb4: ;   {other}
  0x000002858a7b5eb4: 0f1f 8400 | a40a 0006 

  0x000002858a7b5ebc: ;   {metadata(method data for {method} {0x000002859e0fa200} 'defineClass' '(Ljava/lang/String;Ljdk/internal/loader/Resource;)Ljava/lang/Class;' in 'java/net/URLClassLoader')}
  0x000002858a7b5ebc: 49b8 40c0 | 7f9e 8502 | 0000 41ff | 80d0 0200 | 00e9 ea00 

  0x000002858a7b5ed0: ;   {metadata(method data for {method} {0x000002859e0fa200} 'defineClass' '(Ljava/lang/String;Ljdk/internal/loader/Resource;)Ljava/lang/Class;' in 'java/net/URLClassLoader')}
  0x000002858a7b5ed0: 0000 49b8 | 40c0 7f9e | 8502 0000 | 8b52 0848 | c1e2 0349 | 3b90 f802 | 0000 750d | 4983 8000 
  0x000002858a7b5ef0: 0300 0001 | e960 0000 | 0049 3b90 | 0803 0000 | 750d 4983 | 8010 0300 | 0001 e94a | 0000 0049 
  0x000002858a7b5f10: 83b8 f802 | 0000 0075 | 1749 8990 | f802 0000 | 49c7 8000 | 0300 0001 | 0000 00e9 | 2900 0000 
  0x000002858a7b5f30: 4983 b808 | 0300 0000 | 7517 4989 | 9008 0300 | 0049 c780 | 1003 0000 | 0100 0000 | e908 0000 
  0x000002858a7b5f50: 0049 8380 | e802 0000 | 014c 8b84 | 24d8 0000 

  0x000002858a7b5f60: ;   {oop(nullptr)}
  0x000002858a7b5f60: 0049 b900 | 0000 0000 

  0x000002858a7b5f68: ;   {oop(nullptr)}
  0x000002858a7b5f68: 0000 0048 | bf00 0000 | 0000 0000 

  0x000002858a7b5f74: ;   {oop(nullptr)}
  0x000002858a7b5f74: 0048 be00 | 0000 0000 

  0x000002858a7b5f7c: ;   {oop(nullptr)}
  0x000002858a7b5f7c: 0000 0048 | b900 0000 | 0000 0000 | 004d 33d2 | 4c89 1424 | 4d33 d24c | 8954 2408 | 4d33 d24c 
  0x000002858a7b5f9c: 8954 2410 | 488b 9424 | b800 0000 | 0f1f 8000 

  0x000002858a7b5fac: ;   {optimized virtual_call}
  0x000002858a7b5fac: 0000 00e8 

  0x000002858a7b5fb0: ; ImmutableOopMap {[168]=Oop [176]=Oop [184]=Oop [208]=Oop [216]=Oop [224]=Oop }
                      ;*invokevirtual definePackage {reexecute=0 rethrow=0 return_oop=0}
                      ; - java.net.URLClassLoader::defineClass@81
  0x000002858a7b5fb0: 8c04 2100 

  0x000002858a7b5fb4: ;   {other}
  0x000002858a7b5fb4: 0f1f 8400 | a40b 0007 

  0x000002858a7b5fbc: ;   {metadata(method data for {method} {0x000002859e0fa200} 'defineClass' '(Ljava/lang/String;Ljdk/internal/loader/Resource;)Ljava/lang/Class;' in 'java/net/URLClassLoader')}
  0x000002858a7b5fbc: 48b8 40c0 | 7f9e 8502 | 0000 ff80 | 2003 0000 | e992 0000 | 004c 8b8c | 24e0 0000 | 0049 8b87 
  0x000002858a7b5fdc: f804 0000 | 4d33 d24d | 8997 f804 | 0000 4d33 | d24d 8997 | 0005 0000 | 488b 9424 | b800 0000 
  0x000002858a7b5ffc: ;   {metadata(method data for {method} {0x000002859e0fa200} 'defineClass' '(Ljava/lang/String;Ljdk/internal/loader/Resource;)Ljava/lang/Class;' in 'java/net/URLClassLoader')}
  0x000002858a7b5ffc: 49b8 40c0 | 7f9e 8502 | 0000 4983 | 8038 0300 | 0001 4c8b | 8424 d800 | 0000 488b | bc24 d000 
  0x000002858a7b601c: 0000 488b | 9424 b800 

  0x000002858a7b6024: ;   {optimized virtual_call}
  0x000002858a7b6024: 0000 90e8 

  0x000002858a7b6028: ; ImmutableOopMap {[168]=Oop [176]=Oop [184]=Oop [208]=Oop [216]=Oop }
                      ;*invokevirtual getAndVerifyPackage {reexecute=0 rethrow=0 return_oop=0}
                      ; - java.net.URLClassLoader::defineClass@97
  0x000002858a7b6028: 548a 4807 

  0x000002858a7b602c: ;   {other}
  0x000002858a7b602c: 0f1f 8400 | 1c0c 0008 

  0x000002858a7b6034: ;   {metadata(method data for {method} {0x000002859e0fa200} 'defineClass' '(Ljava/lang/String;Ljdk/internal/loader/Resource;)Ljava/lang/Class;' in 'java/net/URLClassLoader')}
  0x000002858a7b6034: 4885 c048 | b840 c07f | 9e85 0200 | 0048 c7c2 | 8003 0000 | 7407 48c7 | c270 0300 | 0048 8b34 
  0x000002858a7b6054: 1048 8d76 | 0148 8934 | 100f 8457 | 0a00 004c | 8b8c 24b0 | 0000 0049 

  0x000002858a7b606c: ;   {metadata(method data for {method} {0x000002859e0fa200} 'defineClass' '(Ljava/lang/String;Ljdk/internal/loader/Resource;)Ljava/lang/Class;' in 'java/net/URLClassLoader')}
  0x000002858a7b606c: 8bc1 48ba | 40c0 7f9e | 8502 0000 | 8b40 0848 | c1e0 0348 | 3b82 6804 | 0000 750d | 4883 8270 
  0x000002858a7b608c: 0400 0001 | e960 0000 | 0048 3b82 | 7804 0000 | 750d 4883 | 8280 0400 | 0001 e94a | 0000 0048 
  0x000002858a7b60ac: 83ba 6804 | 0000 0075 | 1748 8982 | 6804 0000 | 48c7 8270 | 0400 0001 | 0000 00e9 | 2900 0000 
  0x000002858a7b60cc: 4883 ba78 | 0400 0000 | 7517 4889 | 8278 0400 | 0048 c782 | 8004 0000 | 0100 0000 | e908 0000 
  0x000002858a7b60ec: 0048 8382 | 5804 0000 

  0x000002858a7b60f4: ;   {metadata(method data for {method} {0x000002859e52e3a0} 'getByteBuffer' '()Ljava/nio/ByteBuffer;' in 'jdk/internal/loader/Resource')}
  0x000002858a7b60f4: 0148 b878 | f49a 9e85 | 0200 008b | 90cc 0000 | 0083 c202 | 8990 cc00 | 0000 81e2 | feff 1f00 
  0x000002858a7b6114: 85d2 0f84 | 320e 0000 

  0x000002858a7b611c: ;   {metadata(method data for {method} {0x000002859e52e3a0} 'getByteBuffer' '()Ljava/nio/ByteBuffer;' in 'jdk/internal/loader/Resource')}
  0x000002858a7b611c: 498b c148 | ba78 f49a | 9e85 0200 | 0048 8382 | 1001 0000 | 0148 8d94 | 2420 0100 | 004c 894a 
  0x000002858a7b613c: 0849 8b01 | 4883 c801 | 4889 02f0 | 490f b111 | 0f84 1200 | 0000 482b | c448 2507 | f0ff ff48 
  0x000002858a7b615c: 8902 0f85 | 0b0e 0000 | 49ff 8748 

  0x000002858a7b6168: ;   {metadata(method data for {method} {0x000002859e52e038} 'cachedInputStream' '()Ljava/io/InputStream;' in 'jdk/internal/loader/Resource')}
  0x000002858a7b6168: 0500 0048 | bad0 767d | 9e85 0200 | 008b b2cc | 0000 0083 | c602 89b2 | cc00 0000 | 81e6 feff 
  0x000002858a7b6188: 1f00 85f6 | 0f84 f00d | 0000 418b | 510c 4885 

  0x000002858a7b6198: ;   {metadata(method data for {method} {0x000002859e52e038} 'cachedInputStream' '()Ljava/io/InputStream;' in 'jdk/internal/loader/Resource')}
  0x000002858a7b6198: d248 bad0 | 767d 9e85 | 0200 0048 | c7c6 1001 | 0000 7507 | 48c7 c620 | 0100 0048 | 8b3c 3248 
  0x000002858a7b61b8: 8d7f 0148 | 893c 320f | 85d7 0000 | 0049 8bd1 

  0x000002858a7b61c8: ;   {metadata(method data for {method} {0x000002859e52e038} 'cachedInputStream' '()Ljava/io/InputStream;' in 'jdk/internal/loader/Resource')}
  0x000002858a7b61c8: 48be d076 | 7d9e 8502 | 0000 8b52 | 0848 c1e2 | 0348 3b96 | 4001 0000 | 750d 4883 | 8648 0100 
  0x000002858a7b61e8: 0001 e960 | 0000 0048 | 3b96 5001 | 0000 750d | 4883 8658 | 0100 0001 | e94a 0000 | 0048 83be 
  0x000002858a7b6208: 4001 0000 | 0075 1748 | 8996 4001 | 0000 48c7 | 8648 0100 | 0001 0000 | 00e9 2900 | 0000 4883 
  0x000002858a7b6228: be50 0100 | 0000 7517 | 4889 9650 | 0100 0048 | c786 5801 | 0000 0100 | 0000 e908 | 0000 0048 
  0x000002858a7b6248: 8386 3001 | 0000 0149 | 8bd1 6666 | 9048 b8ff | ffff ffff 

  0x000002858a7b625c: ;   {virtual_call}
  0x000002858a7b625c: ffff ffe8 

  0x000002858a7b6260: ; ImmutableOopMap {[168]=Oop [176]=Oop [184]=Oop [208]=Oop [296]=Oop }
                      ;*invokevirtual getInputStream {reexecute=0 rethrow=0 return_oop=0}
                      ; - jdk.internal.loader.Resource::cachedInputStream@9
                      ; - jdk.internal.loader.Resource::getByteBuffer@1
                      ; - java.net.URLClassLoader::defineClass@132
  0x000002858a7b6260: 0c1a 5507 

  0x000002858a7b6264: ;   {other}
  0x000002858a7b6264: 0f1f 8400 | 540e 0009 | 410f be57 | 4085 d24c | 8b8c 24b0 | 0000 000f | 8522 0d00 | 004c 8bd0 
  0x000002858a7b6284: 4589 510c | 498b d148 | 33d0 48c1 | ea14 4883 | fa00 0f85 | 230d 0000 | 418b 510c | 488d 8424 
  0x000002858a7b62a4: 2001 0000 | 488b 3048 | 85f6 0f84 | 0f00 0000 | 488b 7808 | f048 0fb1 | 370f 8514 | 0d00 0049 
  0x000002858a7b62c4: ff8f 4805 | 0000 4885 

  0x000002858a7b62cc: ;   {metadata(method data for {method} {0x000002859e52e3a0} 'getByteBuffer' '()Ljava/nio/ByteBuffer;' in 'jdk/internal/loader/Resource')}
  0x000002858a7b62cc: d275 1648 | bb78 f49a | 9e85 0200 | 0080 8b41 | 0100 0001 | e9d5 0000 

  0x000002858a7b62e4: ;   {metadata('sun/nio/ByteBuffered')}
  0x000002858a7b62e4: 0048 b848 | fa08 0001 | 0000 008b | 5a08 48c1 | e303 483b | 4320 0f84 | 1a00 0000 | 483b d80f 
  0x000002858a7b6304: 8411 0000 

  0x000002858a7b6308: ;   {runtime_call slow_subtype_check Runtime1 stub}
  0x000002858a7b6308: 0053 50e8 | 7081 5407 | 5b5b 85db | 0f84 8400 

  0x000002858a7b6318: ;   {metadata(method data for {method} {0x000002859e52e3a0} 'getByteBuffer' '()Ljava/nio/ByteBuffer;' in 'jdk/internal/loader/Resource')}
  0x000002858a7b6318: 0000 48bb | 78f4 9a9e | 8502 0000 | 8b42 0848 | c1e0 0348 | 3b83 5801 | 0000 750d | 4883 8360 
  0x000002858a7b6338: 0100 0001 | e97e 0000 | 0048 3b83 | 6801 0000 | 750d 4883 | 8370 0100 | 0001 e968 | 0000 0048 
  0x000002858a7b6358: 83bb 5801 | 0000 0075 | 1748 8983 | 5801 0000 | 48c7 8360 | 0100 0001 | 0000 00e9 | 4700 0000 
  0x000002858a7b6378: 4883 bb68 | 0100 0000 | 7517 4889 | 8368 0100 | 0048 c783 | 7001 0000 | 0100 0000 | e926 0000 
  0x000002858a7b6398: 00e9 2100 

  0x000002858a7b639c: ;   {metadata(method data for {method} {0x000002859e52e3a0} 'getByteBuffer' '()Ljava/nio/ByteBuffer;' in 'jdk/internal/loader/Resource')}
  0x000002858a7b639c: 0000 48bb | 78f4 9a9e | 8502 0000 | 4883 ab48 | 0100 0001 | e905 0000 | 00e9 0500 | 0000 4833 
  0x000002858a7b63bc: f6eb 0748 | c7c6 0100 | 0000 85f6 

  0x000002858a7b63c8: ;   {metadata(method data for {method} {0x000002859e52e3a0} 'getByteBuffer' '()Ljava/nio/ByteBuffer;' in 'jdk/internal/loader/Resource')}
  0x000002858a7b63c8: 48be 78f4 | 9a9e 8502 | 0000 48c7 | c780 0100 | 0074 0748 | c7c7 9001 | 0000 488b | 1c3e 488d 
  0x000002858a7b63e8: 5b01 4889 | 1c3e 0f84 | 9d01 0000 | 4885 d275 

  0x000002858a7b63f8: ;   {metadata(method data for {method} {0x000002859e52e3a0} 'getByteBuffer' '()Ljava/nio/ByteBuffer;' in 'jdk/internal/loader/Resource')}
  0x000002858a7b63f8: 1648 bf78 | f49a 9e85 | 0200 0080 | 8f99 0100 | 0001 e9d5 

  0x000002858a7b640c: ;   {metadata('sun/nio/ByteBuffered')}
  0x000002858a7b640c: 0000 0048 | bb48 fa08 | 0001 0000 | 008b 7a08 | 48c1 e703 | 483b 5f20 | 0f84 1a00 | 0000 483b 
  0x000002858a7b642c: fb0f 8411 | 0000 0057 

  0x000002858a7b6434: ;   {runtime_call slow_subtype_check Runtime1 stub}
  0x000002858a7b6434: 53e8 4680 | 5407 5f5f | 85ff 0f84 | 8400 0000 

  0x000002858a7b6444: ;   {metadata(method data for {method} {0x000002859e52e3a0} 'getByteBuffer' '()Ljava/nio/ByteBuffer;' in 'jdk/internal/loader/Resource')}
  0x000002858a7b6444: 48bf 78f4 | 9a9e 8502 | 0000 8b5a | 0848 c1e3 | 0348 3b9f | b001 0000 | 750d 4883 | 87b8 0100 
  0x000002858a7b6464: 0001 e979 | 0000 0048 | 3b9f c001 | 0000 750d | 4883 87c8 | 0100 0001 | e963 0000 | 0048 83bf 
  0x000002858a7b6484: b001 0000 | 0075 1748 | 899f b001 | 0000 48c7 | 87b8 0100 | 0001 0000 | 00e9 4200 | 0000 4883 
  0x000002858a7b64a4: bfc0 0100 | 0000 7517 | 4889 9fc0 | 0100 0048 | c787 c801 | 0000 0100 | 0000 e921 | 0000 00e9 
  0x000002858a7b64c4: 1c00 0000 

  0x000002858a7b64c8: ;   {metadata(method data for {method} {0x000002859e52e3a0} 'getByteBuffer' '()Ljava/nio/ByteBuffer;' in 'jdk/internal/loader/Resource')}
  0x000002858a7b64c8: 48bf 78f4 | 9a9e 8502 | 0000 4883 | afa0 0100 | 0001 e90e | 0b00 00e9 | 0000 0000 

  0x000002858a7b64e4: ; implicit exception: dispatches to 0x000002858a7b6ff6
  0x000002858a7b64e4: 483b 0248 

  0x000002858a7b64e8: ;   {metadata(method data for {method} {0x000002859e52e3a0} 'getByteBuffer' '()Ljava/nio/ByteBuffer;' in 'jdk/internal/loader/Resource')}
  0x000002858a7b64e8: 8bf2 48bf | 78f4 9a9e | 8502 0000 | 8b76 0848 | c1e6 0348 | 3bb7 e801 | 0000 750d | 4883 87f0 
  0x000002858a7b6508: 0100 0001 | e960 0000 | 0048 3bb7 | f801 0000 | 750d 4883 | 8700 0200 | 0001 e94a | 0000 0048 
  0x000002858a7b6528: 83bf e801 | 0000 0075 | 1748 89b7 | e801 0000 | 48c7 87f0 | 0100 0001 | 0000 00e9 | 2900 0000 
  0x000002858a7b6548: 4883 bff8 | 0100 0000 | 7517 4889 | b7f8 0100 | 0048 c787 | 0002 0000 | 0100 0000 | e908 0000 
  0x000002858a7b6568: 0048 8387 | d801 0000 | 010f 1f40 | 0048 b8ff | ffff ffff 

  0x000002858a7b657c: ;   {virtual_call}
  0x000002858a7b657c: ffff ffe8 

  0x000002858a7b6580: ; ImmutableOopMap {[168]=Oop [176]=Oop [184]=Oop [208]=Oop }
                      ;*invokeinterface getByteBuffer {reexecute=0 rethrow=0 return_oop=0}
                      ; - jdk.internal.loader.Resource::getByteBuffer@16
                      ; - java.net.URLClassLoader::defineClass@132
  0x000002858a7b6580: fc87 4807 

  0x000002858a7b6584: ;   {other}
  0x000002858a7b6584: 0f1f 8400 | 7411 000a | e90a 0000 

  0x000002858a7b6590: ;   {oop(nullptr)}
  0x000002858a7b6590: 0048 b800 | 0000 0000 | 0000 0048 

  0x000002858a7b659c: ;   {metadata(method data for {method} {0x000002859e0fa200} 'defineClass' '(Ljava/lang/String;Ljdk/internal/loader/Resource;)Ljava/lang/Class;' in 'java/net/URLClassLoader')}
  0x000002858a7b659c: 85c0 48ba | 40c0 7f9e | 8502 0000 | 48c7 c690 | 0400 0074 | 0748 c7c6 | a004 0000 | 488b 3c32 
  0x000002858a7b65bc: 488d 7f01 | 4889 3c32 | 0f84 2002 | 0000 4889 | 8424 e800 | 0000 4c8b | 8c24 b000 

  0x000002858a7b65d8: ;   {metadata(method data for {method} {0x000002859e0fa200} 'defineClass' '(Ljava/lang/String;Ljdk/internal/loader/Resource;)Ljava/lang/Class;' in 'java/net/URLClassLoader')}
  0x000002858a7b65d8: 0000 48ba | 40c0 7f9e | 8502 0000 | 458b 4908 | 49c1 e103 | 4c3b 8ac0 | 0400 0075 | 0d48 8382 
  0x000002858a7b65f8: c804 0000 | 01e9 6000 | 0000 4c3b | 8ad0 0400 | 0075 0d48 | 8382 d804 | 0000 01e9 | 4a00 0000 
  0x000002858a7b6618: 4883 bac0 | 0400 0000 | 7517 4c89 | 8ac0 0400 | 0048 c782 | c804 0000 | 0100 0000 | e929 0000 
  0x000002858a7b6638: 0048 83ba | d004 0000 | 0075 174c | 898a d004 | 0000 48c7 | 82d8 0400 | 0001 0000 | 00e9 0800 
  0x000002858a7b6658: 0000 4883 | 82b0 0400 | 0001 488b | 9424 b000 | 0000 6666 | 9048 b8ff | ffff ffff 

  0x000002858a7b6674: ;   {virtual_call}
  0x000002858a7b6674: ffff ffe8 

  0x000002858a7b6678: ; ImmutableOopMap {[168]=Oop [184]=Oop [208]=Oop [232]=Oop }
                      ;*invokevirtual getCodeSigners {reexecute=0 rethrow=0 return_oop=0}
                      ; - java.net.URLClassLoader::defineClass@143
  0x000002858a7b6678: 0487 4807 

  0x000002858a7b667c: ;   {other}
  0x000002858a7b667c: 0f1f 8400 | 6c12 000b 

  0x000002858a7b6684: ;   {metadata('java/security/CodeSource')}
  0x000002858a7b6684: 4c8b c848 | ba90 5005 | 0001 0000 | 0049 8b87 | b801 0000 | 488d 7828 | 493b bfc8 | 0100 000f 
  0x000002858a7b66a4: 8752 0900 | 0049 89bf | b801 0000 | 48c7 0001 | 0000 0048 | 8bca 48c1 | e903 8948 | 0848 33c9 
  0x000002858a7b66c4: 8948 0c48 | 33c9 4889 | 4810 4889 | 4818 4889 | 4820 4c8b 

  0x000002858a7b66d8: ;   {metadata(method data for {method} {0x000002859e0fa200} 'defineClass' '(Ljava/lang/String;Ljdk/internal/loader/Resource;)Ljava/lang/Class;' in 'java/net/URLClassLoader')}
  0x000002858a7b66d8: c048 ba40 | c07f 9e85 | 0200 0048 | 8382 e804 | 0000 014c | 8b84 24d0 | 0000 0048 | 8bd0 4889 
  0x000002858a7b66f8: 8424 f000 

  0x000002858a7b66fc: ;   {optimized virtual_call}
  0x000002858a7b66fc: 0000 90e8 

  0x000002858a7b6700: ; ImmutableOopMap {[168]=Oop [184]=Oop [232]=Oop [240]=Oop }
                      ;*invokespecial <init> {reexecute=0 rethrow=0 return_oop=0}
                      ; - java.net.URLClassLoader::defineClass@156
  0x000002858a7b6700: 7c83 4807 

  0x000002858a7b6704: ;   {other}
  0x000002858a7b6704: 0f1f 8400 | f412 000c 

  0x000002858a7b670c: ;   {metadata(method data for {method} {0x000002859e0fa200} 'defineClass' '(Ljava/lang/String;Ljdk/internal/loader/Resource;)Ljava/lang/Class;' in 'java/net/URLClassLoader')}
  0x000002858a7b670c: 49b8 40c0 | 7f9e 8502 | 0000 4983 | 80f8 0400 

  0x000002858a7b671c: ;   {metadata(method data for {method} {0x000002859e54c4e0} 'getReadClassBytesTime' '()Ljdk/internal/perf/PerfCounter;' in 'jdk/internal/perf/PerfCounter')}
  0x000002858a7b671c: 0001 49b8 | 00e8 999e | 8502 0000 | 418b 90cc | 0000 0083 | c202 4189 | 90cc 0000 | 0081 e2fe 
  0x000002858a7b673c: ff1f 0085 | d20f 84c1 

  0x000002858a7b6744: ;   {oop(a 'jdk/internal/perf/PerfCounter'{0x00000000e076f340})}
  0x000002858a7b6744: 0800 0048 | ba40 f376 | e000 0000 | 004c 8bc2 

  0x000002858a7b6754: ;   {metadata(method data for {method} {0x000002859e0fa200} 'defineClass' '(Ljava/lang/String;Ljdk/internal/loader/Resource;)Ljava/lang/Class;' in 'java/net/URLClassLoader')}
  0x000002858a7b6754: 48be 40c0 | 7f9e 8502 

  0x000002858a7b675c: ;   {metadata('jdk/internal/perf/PerfCounter')}
  0x000002858a7b675c: 0000 49ba | 4890 0800 | 0100 0000 | 4c89 9618 | 0500 0048 | 8386 2005 | 0000 014c | 8b84 24c0 
  0x000002858a7b677c: ;   {optimized virtual_call}
  0x000002858a7b677c: 0000 00e8 

  0x000002858a7b6780: ; ImmutableOopMap {[168]=Oop [184]=Oop [232]=Oop [240]=Oop }
                      ;*invokevirtual addElapsedTimeFrom {reexecute=0 rethrow=0 return_oop=0}
                      ; - java.net.URLClassLoader::defineClass@165
  0x000002858a7b6780: fc82 4807 

  0x000002858a7b6784: ;   {other}
  0x000002858a7b6784: 0f1f 8400 | 7413 000d | 488b 9424 | b800 0000 

  0x000002858a7b6794: ;   {metadata(method data for {method} {0x000002859e0fa200} 'defineClass' '(Ljava/lang/String;Ljdk/internal/loader/Resource;)Ljava/lang/Class;' in 'java/net/URLClassLoader')}
  0x000002858a7b6794: 49b8 40c0 | 7f9e 8502 | 0000 4983 | 8040 0500 | 0001 4c8b | 8424 a800 | 0000 4c8b | 8c24 e800 
  0x000002858a7b67b4: 0000 488b | bc24 f000 | 0000 488b | 9424 b800 

  0x000002858a7b67c4: ;   {optimized virtual_call}
  0x000002858a7b67c4: 0000 90e8 

  0x000002858a7b67c8: ; ImmutableOopMap {}
                      ;*invokevirtual defineClass {reexecute=0 rethrow=0 return_oop=0}
                      ; - java.net.URLClassLoader::defineClass@174
  0x000002858a7b67c8: b482 4807 

  0x000002858a7b67cc: ;   {other}
  0x000002858a7b67cc: 0f1f 8400 | bc13 000e | 4881 c440 | 0100 005d 

  0x000002858a7b67dc: ;   {poll_return}
  0x000002858a7b67dc: 493b a748 | 0400 000f | 8740 0800 | 00c3 4c8b | 8c24 b000 | 0000 498b 

  0x000002858a7b67f4: ;   {metadata(method data for {method} {0x000002859e0fa200} 'defineClass' '(Ljava/lang/String;Ljdk/internal/loader/Resource;)Ljava/lang/Class;' in 'java/net/URLClassLoader')}
  0x000002858a7b67f4: f948 bb40 | c07f 9e85 | 0200 008b | 7f08 48c1 | e703 483b | bb88 0500 | 0075 0d48 | 8383 9005 
  0x000002858a7b6814: 0000 01e9 | 6000 0000 | 483b bb98 | 0500 0075 | 0d48 8383 | a005 0000 | 01e9 4a00 | 0000 4883 
  0x000002858a7b6834: bb88 0500 | 0000 7517 | 4889 bb88 | 0500 0048 | c783 9005 | 0000 0100 | 0000 e929 | 0000 0048 
  0x000002858a7b6854: 83bb 9805 | 0000 0075 | 1748 89bb | 9805 0000 | 48c7 83a0 | 0500 0001 | 0000 00e9 | 0800 0000 
  0x000002858a7b6874: 4883 8378 | 0500 0001 | 498b d166 | 0f1f 4400 | 0048 b8ff | ffff ffff 

  0x000002858a7b688c: ;   {virtual_call}
  0x000002858a7b688c: ffff ffe8 

  0x000002858a7b6890: ; ImmutableOopMap {[168]=Oop [176]=Oop [184]=Oop [208]=Oop }
                      ;*invokevirtual getBytes {reexecute=0 rethrow=0 return_oop=0}
                      ; - java.net.URLClassLoader::defineClass@179
  0x000002858a7b6890: 0414 5507 

  0x000002858a7b6894: ;   {other}
  0x000002858a7b6894: 0f1f 8400 | 8414 000f | 4c8b 8c24 | b000 0000 

  0x000002858a7b68a4: ;   {metadata(method data for {method} {0x000002859e0fa200} 'defineClass' '(Ljava/lang/String;Ljdk/internal/loader/Resource;)Ljava/lang/Class;' in 'java/net/URLClassLoader')}
  0x000002858a7b68a4: 48ba 40c0 | 7f9e 8502 | 0000 458b | 4908 49c1 | e103 4c3b | 8ac0 0500 | 0075 0d48 | 8382 c805 
  0x000002858a7b68c4: 0000 01e9 | 6000 0000 | 4c3b 8ad0 | 0500 0075 | 0d48 8382 | d805 0000 | 01e9 4a00 | 0000 4883 
  0x000002858a7b68e4: bac0 0500 | 0000 7517 | 4c89 8ac0 | 0500 0048 | c782 c805 | 0000 0100 | 0000 e929 | 0000 0048 
  0x000002858a7b6904: 83ba d005 | 0000 0075 | 174c 898a | d005 0000 | 48c7 82d8 | 0500 0001 | 0000 00e9 | 0800 0000 
  0x000002858a7b6924: 4883 82b0 | 0500 0001 | 488b 9424 | b000 0000 | 4889 8424 | f800 0000 | 9048 b8ff | ffff ffff 
  0x000002858a7b6944: ;   {virtual_call}
  0x000002858a7b6944: ffff ffe8 

  0x000002858a7b6948: ; ImmutableOopMap {[168]=Oop [184]=Oop [208]=Oop [248]=Oop }
                      ;*invokevirtual getCodeSigners {reexecute=0 rethrow=0 return_oop=0}
                      ; - java.net.URLClassLoader::defineClass@185
  0x000002858a7b6948: 6416 5507 

  0x000002858a7b694c: ;   {other}
  0x000002858a7b694c: 0f1f 8400 | 3c15 0010 

  0x000002858a7b6954: ;   {metadata('java/security/CodeSource')}
  0x000002858a7b6954: 4c8b c848 | ba90 5005 | 0001 0000 | 0049 8b87 | b801 0000 | 488d 7828 | 493b bfc8 | 0100 000f 
  0x000002858a7b6974: 87c6 0600 | 0049 89bf | b801 0000 | 48c7 0001 | 0000 0048 | 8bca 48c1 | e903 8948 | 0848 33c9 
  0x000002858a7b6994: 8948 0c48 | 33c9 4889 | 4810 4889 | 4818 4889 | 4820 4c8b 

  0x000002858a7b69a8: ;   {metadata(method data for {method} {0x000002859e0fa200} 'defineClass' '(Ljava/lang/String;Ljdk/internal/loader/Resource;)Ljava/lang/Class;' in 'java/net/URLClassLoader')}
  0x000002858a7b69a8: c048 ba40 | c07f 9e85 | 0200 0048 | 8382 e805 | 0000 014c | 8b84 24d0 | 0000 0048 | 8bd0 4889 
  0x000002858a7b69c8: 8424 0001 

  0x000002858a7b69cc: ;   {optimized virtual_call}
  0x000002858a7b69cc: 0000 90e8 

  0x000002858a7b69d0: ; ImmutableOopMap {[168]=Oop [184]=Oop [248]=Oop [256]=Oop }
                      ;*invokespecial <init> {reexecute=0 rethrow=0 return_oop=0}
                      ; - java.net.URLClassLoader::defineClass@198
  0x000002858a7b69d0: cca8 e800 

  0x000002858a7b69d4: ;   {other}
  0x000002858a7b69d4: 0f1f 8400 | c415 0011 

  0x000002858a7b69dc: ;   {metadata(method data for {method} {0x000002859e0fa200} 'defineClass' '(Ljava/lang/String;Ljdk/internal/loader/Resource;)Ljava/lang/Class;' in 'java/net/URLClassLoader')}
  0x000002858a7b69dc: 49b8 40c0 | 7f9e 8502 | 0000 4983 | 80f8 0500 

  0x000002858a7b69ec: ;   {metadata(method data for {method} {0x000002859e54c4e0} 'getReadClassBytesTime' '()Ljdk/internal/perf/PerfCounter;' in 'jdk/internal/perf/PerfCounter')}
  0x000002858a7b69ec: 0001 49b8 | 00e8 999e | 8502 0000 | 418b 90cc | 0000 0083 | c202 4189 | 90cc 0000 | 0081 e2fe 
  0x000002858a7b6a0c: ff1f 0085 | d20f 8435 

  0x000002858a7b6a14: ;   {oop(a 'jdk/internal/perf/PerfCounter'{0x00000000e076f340})}
  0x000002858a7b6a14: 0600 0048 | ba40 f376 | e000 0000 | 004c 8bc2 

  0x000002858a7b6a24: ;   {metadata(method data for {method} {0x000002859e0fa200} 'defineClass' '(Ljava/lang/String;Ljdk/internal/loader/Resource;)Ljava/lang/Class;' in 'java/net/URLClassLoader')}
  0x000002858a7b6a24: 48be 40c0 | 7f9e 8502 | 0000 4883 | 8620 0600 | 0001 4c8b | 8424 c000 

  0x000002858a7b6a3c: ;   {optimized virtual_call}
  0x000002858a7b6a3c: 0000 90e8 

  0x000002858a7b6a40: ; ImmutableOopMap {[168]=Oop [184]=Oop [248]=Oop [256]=Oop }
                      ;*invokevirtual addElapsedTimeFrom {reexecute=0 rethrow=0 return_oop=0}
                      ; - java.net.URLClassLoader::defineClass@207
  0x000002858a7b6a40: fcee b207 

  0x000002858a7b6a44: ;   {other}
  0x000002858a7b6a44: 0f1f 8400 | 3416 0012 | 488b 8424 | f800 0000 

  0x000002858a7b6a54: ; implicit exception: dispatches to 0x000002858a7b706d
  0x000002858a7b6a54: 8b70 0c48 | 8b94 24b8 

  0x000002858a7b6a5c: ;   {metadata(method data for {method} {0x000002859e0fa200} 'defineClass' '(Ljava/lang/String;Ljdk/internal/loader/Resource;)Ljava/lang/Class;' in 'java/net/URLClassLoader')}
  0x000002858a7b6a5c: 0000 0049 | b840 c07f | 9e85 0200 | 0049 8380 | 4006 0000 | 014c 8b84 | 24a8 0000 | 004c 8bc8 
  0x000002858a7b6a7c: bf00 0000 | 0048 8b8c | 2400 0100 | 0048 8b94 | 24b8 0000 | 0066 0f1f 

  0x000002858a7b6a94: ;   {optimized virtual_call}
  0x000002858a7b6a94: 4400 00e8 

  0x000002858a7b6a98: ; ImmutableOopMap {}
                      ;*invokevirtual defineClass {reexecute=0 rethrow=0 return_oop=0}
                      ; - java.net.URLClassLoader::defineClass@220
  0x000002858a7b6a98: c45f b907 

  0x000002858a7b6a9c: ;   {other}
  0x000002858a7b6a9c: 0f1f 8400 | 8c16 0013 | 4881 c440 | 0100 005d 

  0x000002858a7b6aac: ;   {poll_return}
  0x000002858a7b6aac: 493b a748 | 0400 000f | 87b9 0500 | 00c3 660f | 1f44 0000 

  0x000002858a7b6ac0: ;   {no_reloc}
  0x000002858a7b6ac0: e9d2 0500 | 0000 0000 | 0000 80ba | 4101 0000 | 040f 85cf | 0500 0049 | 8b87 b801 | 0000 488d 
  0x000002858a7b6ae0: 7828 493b | bfc8 0100 | 000f 87b7 | 0500 0049 | 89bf b801 | 0000 48c7 | 0001 0000 | 0048 8bca 
  0x000002858a7b6b00: 48c1 e903 | 8948 0848 | 33c9 8948 | 0c48 33c9 | 4889 4810 | 4889 4818 | 4889 4820 

  0x000002858a7b6b1c: ;   {metadata('java/lang/StringBuilder')}
  0x000002858a7b6b1c: 48ba d025 | 0500 0100 | 0000 4889 | 8424 1001 | 0000 498b | 87b8 0100 | 0048 8d78 | 1849 3bbf 
  0x000002858a7b6b3c: c801 0000 | 0f87 6d05 | 0000 4989 | bfb8 0100 | 0048 c700 | 0100 0000 | 488b ca48 | c1e9 0389 
  0x000002858a7b6b5c: 4808 4833 | c989 480c | 4833 c948 | 8948 104c 

  0x000002858a7b6b6c: ;   {metadata(method data for {method} {0x000002859e0fa200} 'defineClass' '(Ljava/lang/String;Ljdk/internal/loader/Resource;)Ljava/lang/Class;' in 'java/net/URLClassLoader')}
  0x000002858a7b6b6c: 8bc0 48ba | 40c0 7f9e | 8502 0000 | 4883 8290 | 0300 0001 

  0x000002858a7b6b80: ;   {metadata(method data for {method} {0x000002859e0cf4d0} '<init>' '()V' in 'java/lang/StringBuilder')}
  0x000002858a7b6b80: 49b8 38bd | 309e 8502 | 0000 418b | 90cc 0000 | 0083 c202 | 4189 90cc | 0000 0081 | e2fe ff1f 
  0x000002858a7b6ba0: 0085 d20f | 8417 0500 | 004c 8bc0 

  0x000002858a7b6bac: ;   {metadata(method data for {method} {0x000002859e0cf4d0} '<init>' '()V' in 'java/lang/StringBuilder')}
  0x000002858a7b6bac: 48ba 38bd | 309e 8502 | 0000 4883 | 8210 0100 | 0001 41b8 | 1000 0000 | 488b d048 | 8984 2408 
  0x000002858a7b6bcc: ;   {optimized virtual_call}
  0x000002858a7b6bcc: 0100 00e8 

  0x000002858a7b6bd0: ; ImmutableOopMap {[216]=Oop [264]=Oop [272]=Oop }
                      ;*invokespecial <init> {reexecute=0 rethrow=0 return_oop=0}
                      ; - java.lang.StringBuilder::<init>@3
                      ; - java.net.URLClassLoader::defineClass@111
  0x000002858a7b6bd0: ac7e 4807 

  0x000002858a7b6bd4: ;   {other}
  0x000002858a7b6bd4: 0f1f 8400 | c417 0014 | 488b 8424 | 0801 0000 

  0x000002858a7b6be4: ;   {metadata(method data for {method} {0x000002859e0fa200} 'defineClass' '(Ljava/lang/String;Ljdk/internal/loader/Resource;)Ljava/lang/Class;' in 'java/net/URLClassLoader')}
  0x000002858a7b6be4: 49b8 40c0 | 7f9e 8502 | 0000 4983 | 80a0 0300 

  0x000002858a7b6bf4: ;   {metadata(method data for {method} {0x000002859e0cf940} 'append' '(Ljava/lang/String;)Ljava/lang/StringBuilder;' in 'java/lang/StringBuilder')}
  0x000002858a7b6bf4: 0001 49b8 | b0c4 309e | 8502 0000 | 418b 90cc | 0000 0083 | c202 4189 | 90cc 0000 | 0081 e2fe 
  0x000002858a7b6c14: ff1f 0085 | d20f 84c2 | 0400 0048 | 8b84 2408 

  0x000002858a7b6c24: ;   {metadata(method data for {method} {0x000002859e0cf940} 'append' '(Ljava/lang/String;)Ljava/lang/StringBuilder;' in 'java/lang/StringBuilder')}
  0x000002858a7b6c24: 0100 0049 | b8b0 c430 | 9e85 0200 | 0049 8380 | 1001 0000 

  0x000002858a7b6c38: ;   {oop("Cannot find package "{0x00000000e0d648d0})}
  0x000002858a7b6c38: 0149 b8d0 | 48d6 e000 | 0000 0048 | 8b94 2408 | 0100 000f 

  0x000002858a7b6c4c: ;   {optimized virtual_call}
  0x000002858a7b6c4c: 1f40 00e8 

  0x000002858a7b6c50: ; ImmutableOopMap {[216]=Oop [264]=Oop [272]=Oop }
                      ;*invokespecial append {reexecute=0 rethrow=0 return_oop=0}
                      ; - java.lang.StringBuilder::append@2
                      ; - java.net.URLClassLoader::defineClass@116
  0x000002858a7b6c50: 2c7e 4807 

  0x000002858a7b6c54: ;   {other}
  0x000002858a7b6c54: 0f1f 8400 | 4418 0015 | 488b 8424 | 0801 0000 

  0x000002858a7b6c64: ;   {metadata(method data for {method} {0x000002859e0fa200} 'defineClass' '(Ljava/lang/String;Ljdk/internal/loader/Resource;)Ljava/lang/Class;' in 'java/net/URLClassLoader')}
  0x000002858a7b6c64: 49b8 40c0 | 7f9e 8502 | 0000 4983 | 80d8 0300 

  0x000002858a7b6c74: ;   {metadata(method data for {method} {0x000002859e0cf940} 'append' '(Ljava/lang/String;)Ljava/lang/StringBuilder;' in 'java/lang/StringBuilder')}
  0x000002858a7b6c74: 0001 49b8 | b0c4 309e | 8502 0000 | 418b 90cc | 0000 0083 | c202 4189 | 90cc 0000 | 0081 e2fe 
  0x000002858a7b6c94: ff1f 0085 | d20f 8463 | 0400 0048 | 8b84 2408 

  0x000002858a7b6ca4: ;   {metadata(method data for {method} {0x000002859e0cf940} 'append' '(Ljava/lang/String;)Ljava/lang/StringBuilder;' in 'java/lang/StringBuilder')}
  0x000002858a7b6ca4: 0100 0049 | b8b0 c430 | 9e85 0200 | 0049 8380 | 1001 0000 | 014c 8b84 | 24d8 0000 | 0048 8b94 
  0x000002858a7b6cc4: 2408 0100 | 0066 0f1f 

  0x000002858a7b6ccc: ;   {optimized virtual_call}
  0x000002858a7b6ccc: 4400 00e8 

  0x000002858a7b6cd0: ; ImmutableOopMap {[264]=Oop [272]=Oop }
                      ;*invokespecial append {reexecute=0 rethrow=0 return_oop=0}
                      ; - java.lang.StringBuilder::append@2
                      ; - java.net.URLClassLoader::defineClass@121
  0x000002858a7b6cd0: ac7d 4807 

  0x000002858a7b6cd4: ;   {other}
  0x000002858a7b6cd4: 0f1f 8400 | c418 0016 | 488b 8424 | 0801 0000 

  0x000002858a7b6ce4: ;   {metadata(method data for {method} {0x000002859e0fa200} 'defineClass' '(Ljava/lang/String;Ljdk/internal/loader/Resource;)Ljava/lang/Class;' in 'java/net/URLClassLoader')}
  0x000002858a7b6ce4: 48ba 40c0 | 7f9e 8502 | 0000 4883 | 8210 0400 

  0x000002858a7b6cf4: ;   {metadata(method data for {method} {0x000002859e0d1230} 'toString' '()Ljava/lang/String;' in 'java/lang/StringBuilder')}
  0x000002858a7b6cf4: 0001 48ba | d8cb 309e | 8502 0000 | 8bb2 cc00 | 0000 83c6 | 0289 b2cc | 0000 0081 | e6fe ff1f 
  0x000002858a7b6d14: 0085 f60f | 8406 0400 

  0x000002858a7b6d1c: ;   {metadata('java/lang/String')}
  0x000002858a7b6d1c: 0048 bab0 | 1e04 0001 | 0000 0049 | 8b87 b801 | 0000 488d | 7818 493b | bfc8 0100 | 000f 8705 
  0x000002858a7b6d3c: 0400 0049 | 89bf b801 | 0000 48c7 | 0001 0000 | 0048 8bca | 48c1 e903 | 8948 0848 | 33c9 8948 
  0x000002858a7b6d5c: 0c48 33c9 | 4889 4810 

  0x000002858a7b6d64: ;   {metadata(method data for {method} {0x000002859e0d1230} 'toString' '()Ljava/lang/String;' in 'java/lang/StringBuilder')}
  0x000002858a7b6d64: 4c8b c049 | b9d8 cb30 | 9e85 0200 | 0049 8381 | 1001 0000 

  0x000002858a7b6d78: ;   {metadata(method data for {method} {0x000002859e009c78} '<init>' '(Ljava/lang/StringBuilder;)V' in 'java/lang/String')}
  0x000002858a7b6d78: 0149 b820 | cd30 9e85 | 0200 0045 | 8b88 cc00 | 0000 4183 | c102 4589 | 88cc 0000 | 0041 81e1 
  0x000002858a7b6d98: feff 1f00 | 4585 c90f | 84ac 0300 | 004c 8bc0 

  0x000002858a7b6da8: ;   {metadata(method data for {method} {0x000002859e009c78} '<init>' '(Ljava/lang/StringBuilder;)V' in 'java/lang/String')}
  0x000002858a7b6da8: 49b9 20cd | 309e 8502 | 0000 4983 | 8110 0100 | 0001 4c8b | 8424 0801 

  0x000002858a7b6dc0: ;   {oop(nullptr)}
  0x000002858a7b6dc0: 0000 49b9 | 0000 0000 | 0000 0000 | 488b d048 | 8984 2418 

  0x000002858a7b6dd4: ;   {optimized virtual_call}
  0x000002858a7b6dd4: 0100 00e8 

  0x000002858a7b6dd8: ; ImmutableOopMap {[272]=Oop [280]=Oop }
                      ;*invokespecial <init> {reexecute=0 rethrow=0 return_oop=0}
                      ; - java.lang.String::<init>@3
                      ; - java.lang.StringBuilder::toString@5
                      ; - java.net.URLClassLoader::defineClass@124
  0x000002858a7b6dd8: a47c 4807 

  0x000002858a7b6ddc: ;   {other}
  0x000002858a7b6ddc: 0f1f 8400 | cc19 0017 | 488b 8424 | 1001 0000 

  0x000002858a7b6dec: ;   {metadata(method data for {method} {0x000002859e0fa200} 'defineClass' '(Ljava/lang/String;Ljdk/internal/loader/Resource;)Ljava/lang/Class;' in 'java/net/URLClassLoader')}
  0x000002858a7b6dec: 49b8 40c0 | 7f9e 8502 | 0000 4983 | 8048 0400 | 0001 4c8b | 8424 1801 | 0000 488b | 9424 1001 
  0x000002858a7b6e0c: ;   {optimized virtual_call}
  0x000002858a7b6e0c: 0000 90e8 

  0x000002858a7b6e10: ; ImmutableOopMap {[272]=Oop }
                      ;*invokespecial <init> {reexecute=0 rethrow=0 return_oop=0}
                      ; - java.net.URLClassLoader::defineClass@127
  0x000002858a7b6e10: 6c7c 4807 

  0x000002858a7b6e14: ;   {other}
  0x000002858a7b6e14: 0f1f 8400 | 041a 0018 | 488b 8424 | 1001 0000 | e97c 0300 | 0049 8b87 | f804 0000 | 4d33 d24d 
  0x000002858a7b6e34: 8997 f804 | 0000 4d33 | d24d 8997 | 0005 0000 | 488b f048 | 8d84 2420 | 0100 0048 | 8b38 4885 
  0x000002858a7b6e54: ff0f 840f | 0000 0048 | 8b58 08f0 | 480f b13b | 0f85 0803 | 0000 49ff | 8f48 0500 | 0048 8bc6 
  0x000002858a7b6e74: e92c 0300 

  0x000002858a7b6e78: ;   {metadata({method} {0x000002859e0fa200} 'defineClass' '(Ljava/lang/String;Ljdk/internal/loader/Resource;)Ljava/lang/Class;' in 'java/net/URLClassLoader')}
  0x000002858a7b6e78: 0049 baf8 | a10f 9e85 | 0200 004c | 8954 2408 | 48c7 0424 | ffff ffff 

  0x000002858a7b6e90: ;   {runtime_call counter_overflow Runtime1 stub}
  0x000002858a7b6e90: e8eb 9c54 

  0x000002858a7b6e94: ; ImmutableOopMap {rdx=Oop r8=Oop r9=Oop [168]=Oop [176]=Oop [184]=Oop }
                      ;*synchronization entry
                      ; - java.net.URLClassLoader::defineClass@-1
  0x000002858a7b6e94: 07e9 24ea 

  0x000002858a7b6e98: ;   {runtime_call throw_null_pointer_exception Runtime1 stub}
  0x000002858a7b6e98: ffff e8e1 

  0x000002858a7b6e9c: ; ImmutableOopMap {r8=Oop [168]=Oop [176]=Oop [184]=Oop }
                      ;*invokevirtual lastIndexOf {reexecute=0 rethrow=0 return_oop=0}
                      ; - java.net.URLClassLoader::defineClass@7
                      ;   {metadata({method} {0x000002859e00b730} 'lastIndexOf' '(I)I' in 'java/lang/String')}
  0x000002858a7b6e9c: 4b54 0749 | ba28 b700 | 9e85 0200 | 004c 8954 | 2408 48c7 | 0424 ffff 

  0x000002858a7b6eb4: ;   {runtime_call counter_overflow Runtime1 stub}
  0x000002858a7b6eb4: ffff e8c5 

  0x000002858a7b6eb8: ; ImmutableOopMap {r8=Oop [168]=Oop [176]=Oop [184]=Oop }
                      ;*synchronization entry
                      ; - java.lang.String::lastIndexOf@-1
                      ; - java.net.URLClassLoader::defineClass@7
  0x000002858a7b6eb8: 9c54 07e9 | 73ea ffff 

  0x000002858a7b6ec0: ;   {metadata({method} {0x000002859e009d30} 'length' '()I' in 'java/lang/String')}
  0x000002858a7b6ec0: 49ba 289d | 009e 8502 | 0000 4c89 | 5424 0848 | c704 24ff 

  0x000002858a7b6ed4: ;   {runtime_call counter_overflow Runtime1 stub}
  0x000002858a7b6ed4: ffff ffe8 

  0x000002858a7b6ed8: ; ImmutableOopMap {r8=Oop [168]=Oop [176]=Oop [184]=Oop }
                      ;*synchronization entry
                      ; - java.lang.String::length@-1
                      ; - java.lang.String::lastIndexOf@3
                      ; - java.net.URLClassLoader::defineClass@7
  0x000002858a7b6ed8: a49c 5407 | e98e eaff 

  0x000002858a7b6ee0: ;   {runtime_call throw_null_pointer_exception Runtime1 stub}
  0x000002858a7b6ee0: ffe8 9a4b 

  0x000002858a7b6ee4: ; ImmutableOopMap {r8=Oop rsi=Oop [168]=Oop [176]=Oop [184]=Oop }
                      ;*arraylength {reexecute=0 rethrow=0 return_oop=0}
                      ; - java.lang.String::length@4
                      ; - java.lang.String::lastIndexOf@3
                      ; - java.net.URLClassLoader::defineClass@7
                      ;   {metadata({method} {0x000002859e00f8a0} 'coder' '()B' in 'java/lang/String')}
  0x000002858a7b6ee4: 5407 49ba | 98f8 009e | 8502 0000 | 4c89 5424 | 0848 c704 | 24ff ffff 

  0x000002858a7b6efc: ;   {runtime_call counter_overflow Runtime1 stub}
  0x000002858a7b6efc: ffe8 7e9c 

  0x000002858a7b6f00: ; ImmutableOopMap {r8=Oop rsi=Oop [168]=Oop [176]=Oop [184]=Oop }
                      ;*synchronization entry
                      ; - java.lang.String::coder@-1
                      ; - java.lang.String::length@6
                      ; - java.lang.String::lastIndexOf@3
                      ; - java.net.URLClassLoader::defineClass@7
  0x000002858a7b6f00: 5407 e9b0 

  0x000002858a7b6f04: ;   {metadata({method} {0x000002859e00b7f8} 'lastIndexOf' '(II)I' in 'java/lang/String')}
  0x000002858a7b6f04: eaff ff49 | baf0 b700 | 9e85 0200 | 004c 8954 | 2408 48c7 | 0424 ffff 

  0x000002858a7b6f1c: ;   {runtime_call counter_overflow Runtime1 stub}
  0x000002858a7b6f1c: ffff e85d 

  0x000002858a7b6f20: ; ImmutableOopMap {r8=Oop rsi=Oop [168]=Oop [176]=Oop [184]=Oop }
                      ;*synchronization entry
                      ; - java.lang.String::lastIndexOf@-1
                      ; - java.lang.String::lastIndexOf@8
                      ; - java.net.URLClassLoader::defineClass@7
  0x000002858a7b6f20: 9c54 07e9 | 00eb ffff 

  0x000002858a7b6f28: ;   {metadata({method} {0x000002859e00fa20} 'isLatin1' '()Z' in 'java/lang/String')}
  0x000002858a7b6f28: 49ba 18fa | 009e 8502 | 0000 4c89 | 5424 0848 | c704 24ff 

  0x000002858a7b6f3c: ;   {runtime_call counter_overflow Runtime1 stub}
  0x000002858a7b6f3c: ffff ffe8 

  0x000002858a7b6f40: ; ImmutableOopMap {r8=Oop rsi=Oop [168]=Oop [176]=Oop [184]=Oop }
                      ;*synchronization entry
                      ; - java.lang.String::isLatin1@-1
                      ; - java.lang.String::lastIndexOf@1
                      ; - java.lang.String::lastIndexOf@8
                      ; - java.net.URLClassLoader::defineClass@7
  0x000002858a7b6f40: 3c9c 5407 | e91b ebff 

  0x000002858a7b6f48: ;   {runtime_call throw_null_pointer_exception Runtime1 stub}
  0x000002858a7b6f48: ffe8 324b 

  0x000002858a7b6f4c: ; ImmutableOopMap {r9=Oop [168]=Oop [176]=Oop [184]=Oop }
                      ;*invokevirtual getCodeSourceURL {reexecute=0 rethrow=0 return_oop=0}
                      ; - java.net.URLClassLoader::defineClass@13
                      ;   {metadata({method} {0x000002859e52e3a0} 'getByteBuffer' '()Ljava/nio/ByteBuffer;' in 'jdk/internal/loader/Resource')}
  0x000002858a7b6f4c: 5407 49ba | 98e3 529e | 8502 0000 | 4c89 5424 | 0848 c704 | 24ff ffff 

  0x000002858a7b6f64: ;   {runtime_call counter_overflow Runtime1 stub}
  0x000002858a7b6f64: ffe8 169c 

  0x000002858a7b6f68: ; ImmutableOopMap {r9=Oop [168]=Oop [176]=Oop [184]=Oop [208]=Oop }
                      ;*synchronization entry
                      ; - jdk.internal.loader.Resource::getByteBuffer@-1
                      ; - java.net.URLClassLoader::defineClass@132
  0x000002858a7b6f68: 5407 e9ad | f1ff ff4c | 894c 2408 | 4889 1424 

  0x000002858a7b6f78: ;   {runtime_call monitorenter_nofpu Runtime1 stub}
  0x000002858a7b6f78: e803 7b54 

  0x000002858a7b6f7c: ; ImmutableOopMap {r9=Oop [168]=Oop [176]=Oop [184]=Oop [208]=Oop [296]=Oop }
                      ;*synchronization entry
                      ; - jdk.internal.loader.Resource::cachedInputStream@-1
                      ; - jdk.internal.loader.Resource::getByteBuffer@1
                      ; - java.net.URLClassLoader::defineClass@132
  0x000002858a7b6f7c: 07e9 e9f1 

  0x000002858a7b6f80: ;   {metadata({method} {0x000002859e52e038} 'cachedInputStream' '()Ljava/io/InputStream;' in 'jdk/internal/loader/Resource')}
  0x000002858a7b6f80: ffff 49ba | 30e0 529e | 8502 0000 | 4c89 5424 | 0848 c704 | 24ff ffff 

  0x000002858a7b6f98: ;   {runtime_call counter_overflow Runtime1 stub}
  0x000002858a7b6f98: ffe8 e29b 

  0x000002858a7b6f9c: ; ImmutableOopMap {r9=Oop [168]=Oop [176]=Oop [184]=Oop [208]=Oop [296]=Oop }
                      ;*synchronization entry
                      ; - jdk.internal.loader.Resource::cachedInputStream@-1
                      ; - jdk.internal.loader.Resource::getByteBuffer@1
                      ; - java.net.URLClassLoader::defineClass@132
  0x000002858a7b6f9c: 5407 e9ef | f1ff ff41 | 8b51 0c48 | 83fa 000f | 84d0 f2ff | ff48 8914 

  0x000002858a7b6fb4: ;   {runtime_call g1_pre_barrier_slow}
  0x000002858a7b6fb4: 24e8 c6a1 | 5407 e9c2 | f2ff ff48 | 83f8 000f | 84d3 f2ff | ff4c 890c 

  0x000002858a7b6fcc: ;   {runtime_call g1_post_barrier_slow}
  0x000002858a7b6fcc: 24e8 aea4 | 5407 e9c5 | f2ff ff48 | 8d84 2420 | 0100 0048 

  0x000002858a7b6fe0: ;   {runtime_call monitorexit_nofpu Runtime1 stub}
  0x000002858a7b6fe0: 8904 24e8 | 9880 5407 | e9dd f2ff | ff48 8914 

  0x000002858a7b6ff0: ;   {runtime_call throw_class_cast_exception Runtime1 stub}
  0x000002858a7b6ff0: 24e8 8a6e 

  0x000002858a7b6ff4: ; ImmutableOopMap {[168]=Oop [176]=Oop [184]=Oop [208]=Oop }
                      ;*checkcast {reexecute=0 rethrow=0 return_oop=0}
                      ; - jdk.internal.loader.Resource::getByteBuffer@13
                      ; - java.net.URLClassLoader::defineClass@132
                      ;   {runtime_call throw_null_pointer_exception Runtime1 stub}
  0x000002858a7b6ff4: 5407 e885 

  0x000002858a7b6ff8: ; ImmutableOopMap {rdx=Oop [168]=Oop [176]=Oop [184]=Oop [208]=Oop }
                      ;*invokeinterface getByteBuffer {reexecute=0 rethrow=0 return_oop=0}
                      ; - jdk.internal.loader.Resource::getByteBuffer@16
                      ; - java.net.URLClassLoader::defineClass@132
  0x000002858a7b6ff8: 4a54 0748 

  0x000002858a7b6ffc: ;   {runtime_call fast_new_instance Runtime1 stub}
  0x000002858a7b6ffc: 8bd2 e87d 

  0x000002858a7b7000: ; ImmutableOopMap {r9=Oop [168]=Oop [184]=Oop [208]=Oop [232]=Oop }
                      ;*new {reexecute=0 rethrow=0 return_oop=0}
                      ; - java.net.URLClassLoader::defineClass@148
  0x000002858a7b7000: 5354 07e9 | cef6 ffff 

  0x000002858a7b7008: ;   {metadata({method} {0x000002859e54c4e0} 'getReadClassBytesTime' '()Ljdk/internal/perf/PerfCounter;' in 'jdk/internal/perf/PerfCounter')}
  0x000002858a7b7008: 49ba d8c4 | 549e 8502 | 0000 4c89 | 5424 0848 | c704 24ff 

  0x000002858a7b701c: ;   {runtime_call counter_overflow Runtime1 stub}
  0x000002858a7b701c: ffff ffe8 

  0x000002858a7b7020: ; ImmutableOopMap {[168]=Oop [184]=Oop [232]=Oop [240]=Oop }
                      ;*synchronization entry
                      ; - jdk.internal.perf.PerfCounter::getReadClassBytesTime@-1
                      ; - java.net.URLClassLoader::defineClass@161
  0x000002858a7b7020: 5c9b 5407 | e91e f7ff 

  0x000002858a7b7028: ;   {internal_word}
  0x000002858a7b7028: ff49 badc | 677b 8a85 | 0200 004d | 8997 6004 

  0x000002858a7b7038: ;   {runtime_call SafepointBlob}
  0x000002858a7b7038: 0000 e9c1 | e648 0748 

  0x000002858a7b7040: ;   {runtime_call fast_new_instance Runtime1 stub}
  0x000002858a7b7040: 8bd2 e839 

  0x000002858a7b7044: ; ImmutableOopMap {r9=Oop [168]=Oop [184]=Oop [208]=Oop [248]=Oop }
                      ;*new {reexecute=0 rethrow=0 return_oop=0}
                      ; - java.net.URLClassLoader::defineClass@190
  0x000002858a7b7044: 5354 07e9 | 5af9 ffff 

  0x000002858a7b704c: ;   {metadata({method} {0x000002859e54c4e0} 'getReadClassBytesTime' '()Ljdk/internal/perf/PerfCounter;' in 'jdk/internal/perf/PerfCounter')}
  0x000002858a7b704c: 49ba d8c4 | 549e 8502 | 0000 4c89 | 5424 0848 | c704 24ff 

  0x000002858a7b7060: ;   {runtime_call counter_overflow Runtime1 stub}
  0x000002858a7b7060: ffff ffe8 

  0x000002858a7b7064: ; ImmutableOopMap {[168]=Oop [184]=Oop [248]=Oop [256]=Oop }
                      ;*synchronization entry
                      ; - jdk.internal.perf.PerfCounter::getReadClassBytesTime@-1
                      ; - java.net.URLClassLoader::defineClass@203
  0x000002858a7b7064: 189b 5407 | e9aa f9ff 

  0x000002858a7b706c: ;   {runtime_call throw_null_pointer_exception Runtime1 stub}
  0x000002858a7b706c: ffe8 0e4a 

  0x000002858a7b7070: ; ImmutableOopMap {rax=Oop [168]=Oop [184]=Oop [256]=Oop }
                      ;*arraylength {reexecute=0 rethrow=0 return_oop=0}
                      ; - java.net.URLClassLoader::defineClass@217
                      ;   {internal_word}
  0x000002858a7b7070: 5407 49ba | ac6a 7b8a | 8502 0000 | 4d89 9760 

  0x000002858a7b7080: ;   {runtime_call SafepointBlob}
  0x000002858a7b7080: 0400 00e9 | 78e6 4807 

  0x000002858a7b7088: ;   {metadata(nullptr)}
  0x000002858a7b7088: 48ba 0000 | 0000 0000 | 0000 b800 

  0x000002858a7b7094: ;   {runtime_call load_klass_patching Runtime1 stub}
  0x000002858a7b7094: 0f05 0ae8 

  0x000002858a7b7098: ; ImmutableOopMap {[216]=Oop }
                      ;*new {reexecute=1 rethrow=0 return_oop=0}
                      ; - (reexecute) java.net.URLClassLoader::defineClass@103
  0x000002858a7b7098: 648a 5407 | e91f faff 

  0x000002858a7b70a0: ;   {runtime_call throw_null_pointer_exception Runtime1 stub}
  0x000002858a7b70a0: ffe8 da49 

  0x000002858a7b70a4: ; ImmutableOopMap {[216]=Oop }
                      ;*new {reexecute=0 rethrow=0 return_oop=0}
                      ; - java.net.URLClassLoader::defineClass@103
  0x000002858a7b70a4: 5407 488b 

  0x000002858a7b70a8: ;   {runtime_call fast_new_instance_init_check Runtime1 stub}
  0x000002858a7b70a8: d2e8 d255 

  0x000002858a7b70ac: ; ImmutableOopMap {[216]=Oop }
                      ;*new {reexecute=0 rethrow=0 return_oop=0}
                      ; - java.net.URLClassLoader::defineClass@103
  0x000002858a7b70ac: 5407 e969 | faff ff48 

  0x000002858a7b70b4: ;   {runtime_call fast_new_instance Runtime1 stub}
  0x000002858a7b70b4: 8bd2 e8c5 

  0x000002858a7b70b8: ; ImmutableOopMap {[216]=Oop [272]=Oop }
                      ;*new {reexecute=0 rethrow=0 return_oop=0}
                      ; - java.net.URLClassLoader::defineClass@107
  0x000002858a7b70b8: 5254 07e9 | abfa ffff 

  0x000002858a7b70c0: ;   {metadata({method} {0x000002859e0cf4d0} '<init>' '()V' in 'java/lang/StringBuilder')}
  0x000002858a7b70c0: 49ba c8f4 | 0c9e 8502 | 0000 4c89 | 5424 0848 | c704 24ff 

  0x000002858a7b70d4: ;   {runtime_call counter_overflow Runtime1 stub}
  0x000002858a7b70d4: ffff ffe8 

  0x000002858a7b70d8: ; ImmutableOopMap {rax=Oop [216]=Oop [272]=Oop }
                      ;*synchronization entry
                      ; - java.lang.StringBuilder::<init>@-1
                      ; - java.net.URLClassLoader::defineClass@111
  0x000002858a7b70d8: a49a 5407 | e9c8 faff 

  0x000002858a7b70e0: ;   {metadata({method} {0x000002859e0cf940} 'append' '(Ljava/lang/String;)Ljava/lang/StringBuilder;' in 'java/lang/StringBuilder')}
  0x000002858a7b70e0: ff49 ba38 | f90c 9e85 | 0200 004c | 8954 2408 | 48c7 0424 | ffff ffff 

  0x000002858a7b70f8: ;   {runtime_call counter_overflow Runtime1 stub}
  0x000002858a7b70f8: e883 9a54 

  0x000002858a7b70fc: ; ImmutableOopMap {[216]=Oop [264]=Oop [272]=Oop }
                      ;*synchronization entry
                      ; - java.lang.StringBuilder::append@-1
                      ; - java.net.URLClassLoader::defineClass@116
  0x000002858a7b70fc: 07e9 1dfb 

  0x000002858a7b7100: ;   {metadata({method} {0x000002859e0cf940} 'append' '(Ljava/lang/String;)Ljava/lang/StringBuilder;' in 'java/lang/StringBuilder')}
  0x000002858a7b7100: ffff 49ba | 38f9 0c9e | 8502 0000 | 4c89 5424 | 0848 c704 | 24ff ffff 

  0x000002858a7b7118: ;   {runtime_call counter_overflow Runtime1 stub}
  0x000002858a7b7118: ffe8 629a 

  0x000002858a7b711c: ; ImmutableOopMap {[216]=Oop [264]=Oop [272]=Oop }
                      ;*synchronization entry
                      ; - java.lang.StringBuilder::append@-1
                      ; - java.net.URLClassLoader::defineClass@121
  0x000002858a7b711c: 5407 e97c 

  0x000002858a7b7120: ;   {metadata({method} {0x000002859e0d1230} 'toString' '()Ljava/lang/String;' in 'java/lang/StringBuilder')}
  0x000002858a7b7120: fbff ff49 | ba28 120d | 9e85 0200 | 004c 8954 | 2408 48c7 | 0424 ffff 

  0x000002858a7b7138: ;   {runtime_call counter_overflow Runtime1 stub}
  0x000002858a7b7138: ffff e841 

  0x000002858a7b713c: ; ImmutableOopMap {[264]=Oop [272]=Oop }
                      ;*synchronization entry
                      ; - java.lang.StringBuilder::toString@-1
                      ; - java.net.URLClassLoader::defineClass@124
  0x000002858a7b713c: 9a54 07e9 | d9fb ffff 

  0x000002858a7b7144: ;   {runtime_call fast_new_instance Runtime1 stub}
  0x000002858a7b7144: 488b d2e8 

  0x000002858a7b7148: ; ImmutableOopMap {[264]=Oop [272]=Oop }
                      ;*new {reexecute=0 rethrow=0 return_oop=0}
                      ; - java.lang.StringBuilder::toString@0
                      ; - java.net.URLClassLoader::defineClass@124
  0x000002858a7b7148: 3452 5407 | e913 fcff 

  0x000002858a7b7150: ;   {metadata({method} {0x000002859e009c78} '<init>' '(Ljava/lang/StringBuilder;)V' in 'java/lang/String')}
  0x000002858a7b7150: ff49 ba70 | 9c00 9e85 | 0200 004c | 8954 2408 | 48c7 0424 | ffff ffff 

  0x000002858a7b7168: ;   {runtime_call counter_overflow Runtime1 stub}
  0x000002858a7b7168: e813 9a54 

  0x000002858a7b716c: ; ImmutableOopMap {rax=Oop [264]=Oop [272]=Oop }
                      ;*synchronization entry
                      ; - java.lang.String::<init>@-1
                      ; - java.lang.StringBuilder::toString@5
                      ; - java.net.URLClassLoader::defineClass@124
  0x000002858a7b716c: 07e9 33fc | ffff 488d | 8424 2001 | 0000 4889 

  0x000002858a7b717c: ;   {runtime_call monitorexit_nofpu Runtime1 stub}
  0x000002858a7b717c: 0424 e8fd | 7e54 07e9 | e9fc ffff | 498b 87f8 | 0400 0049 | c787 f804 | 0000 0000 | 0000 49c7 
  0x000002858a7b719c: 8700 0500 | 0000 0000 | 0048 81c4 | 4001 0000 

  0x000002858a7b71ac: ;   {runtime_call unwind_exception Runtime1 stub}
  0x000002858a7b71ac: 5de9 ce39 | 5407 f4f4 | f4f4 f4f4 
[Stub Code]
  0x000002858a7b71b8: ;   {no_reloc}
  0x000002858a7b71b8: 0f1f 4400 

  0x000002858a7b71bc: ;   {static_stub}
  0x000002858a7b71bc: 0048 bb00 | 0000 0000 

  0x000002858a7b71c4: ;   {runtime_call nmethod}
  0x000002858a7b71c4: 0000 00e9 | fbff ffff 

  0x000002858a7b71cc: ;   {static_stub}
  0x000002858a7b71cc: 9048 bb00 | 0000 0000 

  0x000002858a7b71d4: ;   {runtime_call nmethod}
  0x000002858a7b71d4: 0000 00e9 | fbff ffff 

  0x000002858a7b71dc: ;   {static_stub}
  0x000002858a7b71dc: 9048 bb00 | 0000 0000 

  0x000002858a7b71e4: ;   {runtime_call nmethod}
  0x000002858a7b71e4: 0000 00e9 | fbff ffff 

  0x000002858a7b71ec: ;   {static_stub}
  0x000002858a7b71ec: 9048 bb00 | 0000 0000 

  0x000002858a7b71f4: ;   {runtime_call nmethod}
  0x000002858a7b71f4: 0000 00e9 | fbff ffff 

  0x000002858a7b71fc: ;   {static_stub}
  0x000002858a7b71fc: 9048 bb00 | 0000 0000 

  0x000002858a7b7204: ;   {runtime_call nmethod}
  0x000002858a7b7204: 0000 00e9 | fbff ffff 

  0x000002858a7b720c: ;   {static_stub}
  0x000002858a7b720c: 9048 bb00 | 0000 0000 

  0x000002858a7b7214: ;   {runtime_call nmethod}
  0x000002858a7b7214: 0000 00e9 | fbff ffff 

  0x000002858a7b721c: ;   {static_stub}
  0x000002858a7b721c: 9048 bb00 | 0000 0000 

  0x000002858a7b7224: ;   {runtime_call nmethod}
  0x000002858a7b7224: 0000 00e9 | fbff ffff 

  0x000002858a7b722c: ;   {static_stub}
  0x000002858a7b722c: 9048 bb00 | 0000 0000 

  0x000002858a7b7234: ;   {runtime_call nmethod}
  0x000002858a7b7234: 0000 00e9 | fbff ffff 

  0x000002858a7b723c: ;   {static_stub}
  0x000002858a7b723c: 9048 bb00 | 0000 0000 

  0x000002858a7b7244: ;   {runtime_call nmethod}
  0x000002858a7b7244: 0000 00e9 | fbff ffff 

  0x000002858a7b724c: ;   {static_stub}
  0x000002858a7b724c: 9048 bb00 | 0000 0000 

  0x000002858a7b7254: ;   {runtime_call nmethod}
  0x000002858a7b7254: 0000 00e9 | fbff ffff 

  0x000002858a7b725c: ;   {static_stub}
  0x000002858a7b725c: 9048 bb00 | 0000 0000 

  0x000002858a7b7264: ;   {runtime_call nmethod}
  0x000002858a7b7264: 0000 00e9 | fbff ffff 

  0x000002858a7b726c: ;   {static_stub}
  0x000002858a7b726c: 9048 bb00 | 0000 0000 

  0x000002858a7b7274: ;   {runtime_call nmethod}
  0x000002858a7b7274: 0000 00e9 | fbff ffff 

  0x000002858a7b727c: ;   {static_stub}
  0x000002858a7b727c: 9048 bb00 | 0000 0000 

  0x000002858a7b7284: ;   {runtime_call nmethod}
  0x000002858a7b7284: 0000 00e9 | fbff ffff 

  0x000002858a7b728c: ;   {static_stub}
  0x000002858a7b728c: 9048 bb00 | 0000 0000 

  0x000002858a7b7294: ;   {runtime_call nmethod}
  0x000002858a7b7294: 0000 00e9 | fbff ffff 

  0x000002858a7b729c: ;   {static_stub}
  0x000002858a7b729c: 48bb 0000 | 0000 0000 

  0x000002858a7b72a4: ;   {runtime_call nmethod}
  0x000002858a7b72a4: 0000 e9fb 

  0x000002858a7b72a8: ;   {static_stub}
  0x000002858a7b72a8: ffff ff48 | bb00 0000 | 0000 0000 

  0x000002858a7b72b4: ;   {runtime_call nmethod}
  0x000002858a7b72b4: 00e9 fbff 

  0x000002858a7b72b8: ;   {static_stub}
  0x000002858a7b72b8: ffff 48bb | 0000 0000 | 0000 0000 

  0x000002858a7b72c4: ;   {runtime_call nmethod}
  0x000002858a7b72c4: e9fb ffff 

  0x000002858a7b72c8: ;   {static_stub}
  0x000002858a7b72c8: ff48 bb00 | 0000 0000 

  0x000002858a7b72d0: ;   {runtime_call nmethod}
  0x000002858a7b72d0: 0000 00e9 | fbff ffff 

  0x000002858a7b72d8: ;   {static_stub}
  0x000002858a7b72d8: 48bb 0000 | 0000 0000 

  0x000002858a7b72e0: ;   {runtime_call nmethod}
  0x000002858a7b72e0: 0000 e9fb 

  0x000002858a7b72e4: ;   {static_stub}
  0x000002858a7b72e4: ffff ff48 | bb00 0000 | 0000 0000 

  0x000002858a7b72f0: ;   {runtime_call nmethod}
  0x000002858a7b72f0: 00e9 fbff 

  0x000002858a7b72f4: ;   {static_stub}
  0x000002858a7b72f4: ffff 48bb | 585b 109e | 8502 0000 

  0x000002858a7b7300: ;   {runtime_call I2C/C2I adapters}
  0x000002858a7b7300: e95d 3a48 

  0x000002858a7b7304: ;   {static_stub}
  0x000002858a7b7304: 0748 bb00 | 0000 0000 

  0x000002858a7b730c: ;   {runtime_call nmethod}
  0x000002858a7b730c: 0000 00e9 | fbff ffff 

  0x000002858a7b7314: ;   {static_stub}
  0x000002858a7b7314: 48bb 68d4 | 039e 8502 

  0x000002858a7b731c: ;   {runtime_call I2C/C2I adapters}
  0x000002858a7b731c: 0000 e9c9 

  0x000002858a7b7320: ;   {runtime_call handle_exception_from_callee Runtime1 stub}
  0x000002858a7b7320: a247 07e8 | 5865 5407 

  0x000002858a7b7328: ;   {external_word}
  0x000002858a7b7328: 48b9 00ce | d854 fd7f | 0000 4883 

  0x000002858a7b7334: ;   {runtime_call}
  0x000002858a7b7334: e4f0 48b8 | 7076 a754 | fd7f 0000 

  0x000002858a7b7340: ;   {section_word}
  0x000002858a7b7340: ffd0 f449 | ba43 737b | 8a85 0200 

  0x000002858a7b734c: ;   {runtime_call DeoptimizationBlob}
  0x000002858a7b734c: 0041 52e9 | 4cd6 4807 | f4f4 f4f4 
[/MachCode]


---------------  P R O C E S S  ---------------

Threads class SMR info:
_java_thread_list=0x00000285a72947a0, length=114, elements={
0x000002858756af10, 0x000002859d4d7530, 0x000002859d4dbb10, 0x000002859d4f5fa0,
0x000002859d4f6600, 0x000002859d4bdd40, 0x000002859d4c6bb0, 0x000002859d4fc500,
0x000002859d4fdb00, 0x000002859d65ddc0, 0x000002859d7db6e0, 0x00000285a389a1e0,
0x00000285a375a800, 0x00000285a393c440, 0x00000285a3b8c460, 0x00000285a3b547d0,
0x00000285a3a8e820, 0x00000285a3ac0440, 0x00000285a3ac3670, 0x00000285a3ac7b40,
0x00000285a3ac6e20, 0x00000285a3ac6100, 0x00000285a3ac74b0, 0x00000285a3ac5a70,
0x00000285a3ac81d0, 0x00000285a3ac4d50, 0x00000285a3ac6790, 0x00000285a3ac53e0,
0x00000285a50cffe0, 0x00000285a50d0d00, 0x00000285a50d20b0, 0x00000285a50d3460,
0x00000285a50d1390, 0x00000285a50d1a20, 0x00000285a50d0670, 0x00000285a50d4180,
0x00000285a50d4810, 0x00000285a50d2dd0, 0x00000285a50d4ea0, 0x00000285a50d2740,
0x00000285a50d5530, 0x00000285a50d6f70, 0x00000285a50d3af0, 0x00000285a50d5bc0,
0x00000285a29bc260, 0x00000285a29bdca0, 0x00000285a29bbbd0, 0x00000285a29bb540,
0x00000285a29bfd70, 0x00000285a29c0400, 0x00000285a29bf6e0, 0x00000285a29bd610,
0x00000285a29bcf80, 0x00000285a29bf050, 0x00000285a29c17b0, 0x00000285a29c0a90,
0x00000285a29c1120, 0x00000285a29be330, 0x00000285a29c1e40, 0x00000285a29be9c0,
0x00000285a29c2b60, 0x00000285a29c24d0, 0x00000285a4dc37b0, 0x00000285a4dc3120,
0x00000285a4dc3e40, 0x00000285a4dc4b60, 0x00000285a4dc5f10, 0x00000285a4dc65a0,
0x00000285a4dc72c0, 0x00000285a4dc6c30, 0x00000285a4dc7950, 0x00000285a4dc7fe0,
0x00000285a4dc8670, 0x00000285a4dc51f0, 0x00000285a4dc5880, 0x00000285a64dc130,
0x00000285a64dd4e0, 0x00000285a64da6f0, 0x00000285a64dce50, 0x00000285a64dad80,
0x00000285a64db410, 0x00000285a64dbaa0, 0x00000285a64da060, 0x00000285a64df5b0,
0x00000285a64ddb70, 0x00000285a64de200, 0x00000285a64de890, 0x00000285a64def20,
0x00000285a64dfc40, 0x00000285a64dc7c0, 0x00000285a64e02d0, 0x00000285a64e0960,
0x00000285a64e0ff0, 0x00000285a64e1680, 0x00000285a61fb830, 0x00000285a61fab10,
0x00000285a61f83b0, 0x00000285a61fbec0, 0x00000285a61f8a40, 0x00000285a61ff340,
0x00000285a61fecb0, 0x00000285a61fdf90, 0x00000285a74aa420, 0x00000285a74ac4f0,
0x00000285a74a9700, 0x00000285a74aaab0, 0x00000285a74ab140, 0x00000285a74ab7d0,
0x00000285a74a9d90, 0x00000285a74abe60, 0x00000285a74a9070, 0x00000285a74af970,
0x00000285a74ae5c0, 0x00000285a74b0000
}

Java Threads: ( => current thread )
  0x000002858756af10 JavaThread "main"                              [_thread_blocked, id=10824, stack(0x000000edaf300000,0x000000edaf400000) (1024K)]
  0x000002859d4d7530 JavaThread "Reference Handler"          daemon [_thread_blocked, id=17232, stack(0x000000edafb00000,0x000000edafc00000) (1024K)]
  0x000002859d4dbb10 JavaThread "Finalizer"                  daemon [_thread_blocked, id=24660, stack(0x000000edafc00000,0x000000edafd00000) (1024K)]
  0x000002859d4f5fa0 JavaThread "Signal Dispatcher"          daemon [_thread_blocked, id=11740, stack(0x000000edafd00000,0x000000edafe00000) (1024K)]
  0x000002859d4f6600 JavaThread "Attach Listener"            daemon [_thread_blocked, id=31388, stack(0x000000edafe00000,0x000000edaff00000) (1024K)]
  0x000002859d4bdd40 JavaThread "Service Thread"             daemon [_thread_blocked, id=28160, stack(0x000000edaff00000,0x000000edb0000000) (1024K)]
  0x000002859d4c6bb0 JavaThread "Monitor Deflation Thread"   daemon [_thread_blocked, id=32828, stack(0x000000edb0000000,0x000000edb0100000) (1024K)]
  0x000002859d4fc500 JavaThread "C2 CompilerThread0"         daemon [_thread_blocked, id=16964, stack(0x000000edb0100000,0x000000edb0200000) (1024K)]
  0x000002859d4fdb00 JavaThread "C1 CompilerThread0"         daemon [_thread_blocked, id=32556, stack(0x000000edb0200000,0x000000edb0300000) (1024K)]
  0x000002859d65ddc0 JavaThread "Common-Cleaner"             daemon [_thread_blocked, id=25884, stack(0x000000edb0300000,0x000000edb0400000) (1024K)]
  0x000002859d7db6e0 JavaThread "Notification Thread"        daemon [_thread_blocked, id=14608, stack(0x000000edb0400000,0x000000edb0500000) (1024K)]
  0x00000285a389a1e0 JavaThread "Daemon health stats"               [_thread_blocked, id=16284, stack(0x000000edb0d00000,0x000000edb0e00000) (1024K)]
  0x00000285a375a800 JavaThread "Incoming local TCP Connector on port 63675"        [_thread_in_native, id=34612, stack(0x000000edb0e00000,0x000000edb0f00000) (1024K)]
  0x00000285a393c440 JavaThread "Daemon periodic checks"            [_thread_blocked, id=22028, stack(0x000000edb0f00000,0x000000edb1000000) (1024K)]
  0x00000285a3b8c460 JavaThread "Daemon"                            [_thread_blocked, id=28320, stack(0x000000edb1000000,0x000000edb1100000) (1024K)]
  0x00000285a3b547d0 JavaThread "Handler for socket connection from /127.0.0.1:63675 to /127.0.0.1:63676"        [_thread_in_native, id=9296, stack(0x000000edb1100000,0x000000edb1200000) (1024K)]
  0x00000285a3a8e820 JavaThread "Cancel handler"                    [_thread_blocked, id=24156, stack(0x000000edb1200000,0x000000edb1300000) (1024K)]
=>0x00000285a3ac0440 JavaThread "Daemon worker"                     [_thread_in_vm, id=8236, stack(0x000000edb1300000,0x000000edb1400000) (1024K)]
  0x00000285a3ac3670 JavaThread "Asynchronous log dispatcher for DefaultDaemonConnection: socket connection from /127.0.0.1:63675 to /127.0.0.1:63676"        [_thread_blocked, id=21912, stack(0x000000edb1400000,0x000000edb1500000) (1024K)]
  0x00000285a3ac7b40 JavaThread "Stdin handler"                     [_thread_blocked, id=28556, stack(0x000000edb1500000,0x000000edb1600000) (1024K)]
  0x00000285a3ac6e20 JavaThread "Daemon client event forwarder"        [_thread_blocked, id=11112, stack(0x000000edb1600000,0x000000edb1700000) (1024K)]
  0x00000285a3ac6100 JavaThread "Cache worker for journal cache (C:\Users\nihar\.gradle\caches\journal-1)"        [_thread_blocked, id=17744, stack(0x000000edb1a00000,0x000000edb1b00000) (1024K)]
  0x00000285a3ac74b0 JavaThread "File lock request listener"        [_thread_in_native, id=4484, stack(0x000000edb1b00000,0x000000edb1c00000) (1024K)]
  0x00000285a3ac5a70 JavaThread "Cache worker for file hash cache (C:\Users\nihar\.gradle\caches\8.10\fileHashes)"        [_thread_blocked, id=200, stack(0x000000edb1c00000,0x000000edb1d00000) (1024K)]
  0x00000285a3ac81d0 JavaThread "Cache worker for file hash cache (C:\Users\nihar\Documents\trae_projects\KisanSetu\.gradle\8.10\fileHashes)"        [_thread_blocked, id=31424, stack(0x000000edb1d00000,0x000000edb1e00000) (1024K)]
  0x00000285a3ac4d50 JavaThread "Cache worker for Build Output Cleanup Cache (C:\Users\nihar\Documents\trae_projects\KisanSetu\.gradle\buildOutputCleanup)"        [_thread_blocked, id=30856, stack(0x000000edb1e00000,0x000000edb1f00000) (1024K)]
  0x00000285a3ac6790 JavaThread "File watcher server"        daemon [_thread_in_native, id=33960, stack(0x000000edb1f00000,0x000000edb2000000) (1024K)]
  0x00000285a3ac53e0 JavaThread "File watcher consumer"      daemon [_thread_blocked, id=3300, stack(0x000000edb2000000,0x000000edb2100000) (1024K)]
  0x00000285a50cffe0 JavaThread "jar transforms"                    [_thread_blocked, id=18344, stack(0x000000edb2100000,0x000000edb2200000) (1024K)]
  0x00000285a50d0d00 JavaThread "jar transforms Thread 2"           [_thread_blocked, id=6632, stack(0x000000edb2200000,0x000000edb2300000) (1024K)]
  0x00000285a50d20b0 JavaThread "jar transforms Thread 3"           [_thread_blocked, id=26288, stack(0x000000edb2300000,0x000000edb2400000) (1024K)]
  0x00000285a50d3460 JavaThread "jar transforms Thread 4"           [_thread_blocked, id=26180, stack(0x000000edb2400000,0x000000edb2500000) (1024K)]
  0x00000285a50d1390 JavaThread "jar transforms Thread 5"           [_thread_blocked, id=23656, stack(0x000000edb2500000,0x000000edb2600000) (1024K)]
  0x00000285a50d1a20 JavaThread "jar transforms Thread 6"           [_thread_blocked, id=25856, stack(0x000000edb2600000,0x000000edb2700000) (1024K)]
  0x00000285a50d0670 JavaThread "jar transforms Thread 7"           [_thread_blocked, id=31032, stack(0x000000edb2700000,0x000000edb2800000) (1024K)]
  0x00000285a50d4180 JavaThread "jar transforms Thread 8"           [_thread_blocked, id=10972, stack(0x000000edb2800000,0x000000edb2900000) (1024K)]
  0x00000285a50d4810 JavaThread "jar transforms Thread 9"           [_thread_blocked, id=17520, stack(0x000000edb2900000,0x000000edb2a00000) (1024K)]
  0x00000285a50d2dd0 JavaThread "jar transforms Thread 10"          [_thread_blocked, id=33200, stack(0x000000edb2a00000,0x000000edb2b00000) (1024K)]
  0x00000285a50d4ea0 JavaThread "jar transforms Thread 11"          [_thread_blocked, id=33880, stack(0x000000edb2b00000,0x000000edb2c00000) (1024K)]
  0x00000285a50d2740 JavaThread "jar transforms Thread 12"          [_thread_blocked, id=5180, stack(0x000000edb2c00000,0x000000edb2d00000) (1024K)]
  0x00000285a50d5530 JavaThread "Cache worker for checksums cache (C:\Users\nihar\Documents\trae_projects\KisanSetu\.gradle\8.10\checksums)"        [_thread_blocked, id=19416, stack(0x000000edb2d00000,0x000000edb2e00000) (1024K)]
  0x00000285a50d6f70 JavaThread "Cache worker for file content cache (C:\Users\nihar\.gradle\caches\8.10\fileContent)"        [_thread_blocked, id=19152, stack(0x000000edb2e00000,0x000000edb2f00000) (1024K)]
  0x00000285a50d3af0 JavaThread "Cache worker for cache directory md-rule (C:\Users\nihar\.gradle\caches\8.10\md-rule)"        [_thread_blocked, id=29944, stack(0x000000edb2f00000,0x000000edb3000000) (1024K)]
  0x00000285a50d5bc0 JavaThread "Cache worker for cache directory md-supplier (C:\Users\nihar\.gradle\caches\8.10\md-supplier)"        [_thread_blocked, id=21968, stack(0x000000edb3000000,0x000000edb3100000) (1024K)]
  0x00000285a29bc260 JavaThread "Unconstrained build operations"        [_thread_blocked, id=2204, stack(0x000000edb3100000,0x000000edb3200000) (1024K)]
  0x00000285a29bdca0 JavaThread "Unconstrained build operations Thread 2"        [_thread_blocked, id=31480, stack(0x000000edb3200000,0x000000edb3300000) (1024K)]
  0x00000285a29bbbd0 JavaThread "Unconstrained build operations Thread 3"        [_thread_blocked, id=31484, stack(0x000000edb3300000,0x000000edb3400000) (1024K)]
  0x00000285a29bb540 JavaThread "Unconstrained build operations Thread 4"        [_thread_blocked, id=6200, stack(0x000000edb3400000,0x000000edb3500000) (1024K)]
  0x00000285a29bfd70 JavaThread "Unconstrained build operations Thread 5"        [_thread_blocked, id=6700, stack(0x000000edb3500000,0x000000edb3600000) (1024K)]
  0x00000285a29c0400 JavaThread "Unconstrained build operations Thread 6"        [_thread_blocked, id=11708, stack(0x000000edb3600000,0x000000edb3700000) (1024K)]
  0x00000285a29bf6e0 JavaThread "Unconstrained build operations Thread 7"        [_thread_blocked, id=4092, stack(0x000000edb3700000,0x000000edb3800000) (1024K)]
  0x00000285a29bd610 JavaThread "Unconstrained build operations Thread 8"        [_thread_blocked, id=26236, stack(0x000000edb3800000,0x000000edb3900000) (1024K)]
  0x00000285a29bcf80 JavaThread "Unconstrained build operations Thread 9"        [_thread_blocked, id=6040, stack(0x000000edb3900000,0x000000edb3a00000) (1024K)]
  0x00000285a29bf050 JavaThread "Unconstrained build operations Thread 10"        [_thread_blocked, id=33344, stack(0x000000edb3a00000,0x000000edb3b00000) (1024K)]
  0x00000285a29c17b0 JavaThread "Unconstrained build operations Thread 11"        [_thread_blocked, id=8136, stack(0x000000edb3b00000,0x000000edb3c00000) (1024K)]
  0x00000285a29c0a90 JavaThread "Unconstrained build operations Thread 12"        [_thread_blocked, id=33820, stack(0x000000edb3c00000,0x000000edb3d00000) (1024K)]
  0x00000285a29c1120 JavaThread "Unconstrained build operations Thread 13"        [_thread_blocked, id=15672, stack(0x000000edb3d00000,0x000000edb3e00000) (1024K)]
  0x00000285a29be330 JavaThread "Unconstrained build operations Thread 14"        [_thread_blocked, id=22208, stack(0x000000edb3e00000,0x000000edb3f00000) (1024K)]
  0x00000285a29c1e40 JavaThread "Unconstrained build operations Thread 15"        [_thread_blocked, id=19224, stack(0x000000edb3f00000,0x000000edb4000000) (1024K)]
  0x00000285a29be9c0 JavaThread "Unconstrained build operations Thread 16"        [_thread_blocked, id=9136, stack(0x000000edb4000000,0x000000edb4100000) (1024K)]
  0x00000285a29c2b60 JavaThread "Unconstrained build operations Thread 17"        [_thread_blocked, id=27388, stack(0x000000edb4100000,0x000000edb4200000) (1024K)]
  0x00000285a29c24d0 JavaThread "Unconstrained build operations Thread 18"        [_thread_blocked, id=4700, stack(0x000000edb4200000,0x000000edb4300000) (1024K)]
  0x00000285a4dc37b0 JavaThread "Unconstrained build operations Thread 19"        [_thread_blocked, id=25672, stack(0x000000edb4300000,0x000000edb4400000) (1024K)]
  0x00000285a4dc3120 JavaThread "Unconstrained build operations Thread 20"        [_thread_blocked, id=26468, stack(0x000000edb4400000,0x000000edb4500000) (1024K)]
  0x00000285a4dc3e40 JavaThread "Unconstrained build operations Thread 21"        [_thread_blocked, id=33956, stack(0x000000edb4500000,0x000000edb4600000) (1024K)]
  0x00000285a4dc4b60 JavaThread "Unconstrained build operations Thread 22"        [_thread_blocked, id=20604, stack(0x000000edb4600000,0x000000edb4700000) (1024K)]
  0x00000285a4dc5f10 JavaThread "Unconstrained build operations Thread 23"        [_thread_blocked, id=3076, stack(0x000000edb4700000,0x000000edb4800000) (1024K)]
  0x00000285a4dc65a0 JavaThread "Unconstrained build operations Thread 24"        [_thread_blocked, id=31092, stack(0x000000edb4800000,0x000000edb4900000) (1024K)]
  0x00000285a4dc72c0 JavaThread "Unconstrained build operations Thread 25"        [_thread_blocked, id=32504, stack(0x000000edb4900000,0x000000edb4a00000) (1024K)]
  0x00000285a4dc6c30 JavaThread "Unconstrained build operations Thread 26"        [_thread_blocked, id=13604, stack(0x000000edb4a00000,0x000000edb4b00000) (1024K)]
  0x00000285a4dc7950 JavaThread "Unconstrained build operations Thread 27"        [_thread_blocked, id=18168, stack(0x000000edb4b00000,0x000000edb4c00000) (1024K)]
  0x00000285a4dc7fe0 JavaThread "Unconstrained build operations Thread 28"        [_thread_blocked, id=3040, stack(0x000000edb4c00000,0x000000edb4d00000) (1024K)]
  0x00000285a4dc8670 JavaThread "Unconstrained build operations Thread 29"        [_thread_blocked, id=32052, stack(0x000000edb4d00000,0x000000edb4e00000) (1024K)]
  0x00000285a4dc51f0 JavaThread "Unconstrained build operations Thread 30"        [_thread_blocked, id=32044, stack(0x000000edb4e00000,0x000000edb4f00000) (1024K)]
  0x00000285a4dc5880 JavaThread "Unconstrained build operations Thread 31"        [_thread_blocked, id=5268, stack(0x000000edb4f00000,0x000000edb5000000) (1024K)]
  0x00000285a64dc130 JavaThread "Unconstrained build operations Thread 32"        [_thread_blocked, id=32068, stack(0x000000edb5000000,0x000000edb5100000) (1024K)]
  0x00000285a64dd4e0 JavaThread "Unconstrained build operations Thread 33"        [_thread_blocked, id=27924, stack(0x000000edb5100000,0x000000edb5200000) (1024K)]
  0x00000285a64da6f0 JavaThread "Unconstrained build operations Thread 34"        [_thread_blocked, id=32136, stack(0x000000edb5200000,0x000000edb5300000) (1024K)]
  0x00000285a64dce50 JavaThread "Unconstrained build operations Thread 35"        [_thread_blocked, id=32028, stack(0x000000edb5300000,0x000000edb5400000) (1024K)]
  0x00000285a64dad80 JavaThread "Unconstrained build operations Thread 36"        [_thread_blocked, id=21536, stack(0x000000edb5400000,0x000000edb5500000) (1024K)]
  0x00000285a64db410 JavaThread "Unconstrained build operations Thread 37"        [_thread_blocked, id=21756, stack(0x000000edb5500000,0x000000edb5600000) (1024K)]
  0x00000285a64dbaa0 JavaThread "Unconstrained build operations Thread 38"        [_thread_blocked, id=34420, stack(0x000000edb5600000,0x000000edb5700000) (1024K)]
  0x00000285a64da060 JavaThread "Unconstrained build operations Thread 39"        [_thread_blocked, id=20632, stack(0x000000edb5700000,0x000000edb5800000) (1024K)]
  0x00000285a64df5b0 JavaThread "Unconstrained build operations Thread 40"        [_thread_blocked, id=28536, stack(0x000000edb5800000,0x000000edb5900000) (1024K)]
  0x00000285a64ddb70 JavaThread "Unconstrained build operations Thread 41"        [_thread_blocked, id=19984, stack(0x000000edb5900000,0x000000edb5a00000) (1024K)]
  0x00000285a64de200 JavaThread "Unconstrained build operations Thread 42"        [_thread_blocked, id=26800, stack(0x000000edb5a00000,0x000000edb5b00000) (1024K)]
  0x00000285a64de890 JavaThread "Unconstrained build operations Thread 43"        [_thread_blocked, id=21532, stack(0x000000edb5b00000,0x000000edb5c00000) (1024K)]
  0x00000285a64def20 JavaThread "Unconstrained build operations Thread 44"        [_thread_blocked, id=32372, stack(0x000000edb5c00000,0x000000edb5d00000) (1024K)]
  0x00000285a64dfc40 JavaThread "Unconstrained build operations Thread 45"        [_thread_blocked, id=22080, stack(0x000000edb5d00000,0x000000edb5e00000) (1024K)]
  0x00000285a64dc7c0 JavaThread "Unconstrained build operations Thread 46"        [_thread_blocked, id=33080, stack(0x000000edb5e00000,0x000000edb5f00000) (1024K)]
  0x00000285a64e02d0 JavaThread "Unconstrained build operations Thread 47"        [_thread_blocked, id=17936, stack(0x000000edb5f00000,0x000000edb6000000) (1024K)]
  0x00000285a64e0960 JavaThread "Unconstrained build operations Thread 48"        [_thread_blocked, id=10436, stack(0x000000edb6000000,0x000000edb6100000) (1024K)]
  0x00000285a64e0ff0 JavaThread "Unconstrained build operations Thread 49"        [_thread_blocked, id=4228, stack(0x000000edb6100000,0x000000edb6200000) (1024K)]
  0x00000285a64e1680 JavaThread "Unconstrained build operations Thread 50"        [_thread_blocked, id=4288, stack(0x000000edb6200000,0x000000edb6300000) (1024K)]
  0x00000285a61fb830 JavaThread "Unconstrained build operations Thread 51"        [_thread_blocked, id=25292, stack(0x000000edb6300000,0x000000edb6400000) (1024K)]
  0x00000285a61fab10 JavaThread "Unconstrained build operations Thread 52"        [_thread_blocked, id=4936, stack(0x000000edb6400000,0x000000edb6500000) (1024K)]
  0x00000285a61f83b0 JavaThread "Unconstrained build operations Thread 53"        [_thread_blocked, id=31408, stack(0x000000edb6500000,0x000000edb6600000) (1024K)]
  0x00000285a61fbec0 JavaThread "Unconstrained build operations Thread 54"        [_thread_blocked, id=5240, stack(0x000000edb6600000,0x000000edb6700000) (1024K)]
  0x00000285a61f8a40 JavaThread "Memory manager"                    [_thread_blocked, id=3364, stack(0x000000edb6700000,0x000000edb6800000) (1024K)]
  0x00000285a61ff340 JavaThread "pool-3-thread-1"                   [_thread_blocked, id=15256, stack(0x000000edb6a00000,0x000000edb6b00000) (1024K)]
  0x00000285a61fecb0 JavaThread "included builds"                   [_thread_blocked, id=10480, stack(0x000000edb6900000,0x000000edb6a00000) (1024K)]
  0x00000285a61fdf90 JavaThread "Execution worker"                  [_thread_blocked, id=30460, stack(0x000000edb6b00000,0x000000edb6c00000) (1024K)]
  0x00000285a74aa420 JavaThread "Execution worker Thread 2"         [_thread_blocked, id=18804, stack(0x000000edb6c00000,0x000000edb6d00000) (1024K)]
  0x00000285a74ac4f0 JavaThread "Execution worker Thread 3"         [_thread_blocked, id=5684, stack(0x000000edb6d00000,0x000000edb6e00000) (1024K)]
  0x00000285a74a9700 JavaThread "Execution worker Thread 4"         [_thread_blocked, id=31148, stack(0x000000edb6e00000,0x000000edb6f00000) (1024K)]
  0x00000285a74aaab0 JavaThread "Execution worker Thread 5"         [_thread_blocked, id=29344, stack(0x000000edb6f00000,0x000000edb7000000) (1024K)]
  0x00000285a74ab140 JavaThread "Execution worker Thread 6"         [_thread_blocked, id=27536, stack(0x000000edb7000000,0x000000edb7100000) (1024K)]
  0x00000285a74ab7d0 JavaThread "Execution worker Thread 7"         [_thread_blocked, id=10508, stack(0x000000edb7100000,0x000000edb7200000) (1024K)]
  0x00000285a74a9d90 JavaThread "Execution worker Thread 8"         [_thread_blocked, id=12612, stack(0x000000edb7200000,0x000000edb7300000) (1024K)]
  0x00000285a74abe60 JavaThread "Execution worker Thread 9"         [_thread_blocked, id=20900, stack(0x000000edb7300000,0x000000edb7400000) (1024K)]
  0x00000285a74a9070 JavaThread "Execution worker Thread 10"        [_thread_blocked, id=32832, stack(0x000000edb7400000,0x000000edb7500000) (1024K)]
  0x00000285a74af970 JavaThread "Execution worker Thread 11"        [_thread_blocked, id=34404, stack(0x000000edb7500000,0x000000edb7600000) (1024K)]
  0x00000285a74ae5c0 JavaThread "Cache worker for execution history cache (C:\Users\nihar\Documents\trae_projects\KisanSetu\.gradle\8.10\executionHistory)"        [_thread_blocked, id=4188, stack(0x000000edb7600000,0x000000edb7700000) (1024K)]
  0x00000285a74b0000 JavaThread "idea-tooling-model-converter"        [_thread_blocked, id=28168, stack(0x000000edb7700000,0x000000edb7800000) (1024K)]
Total: 114

Other Threads:
  0x000002859d41c240 VMThread "VM Thread"                           [id=18008, stack(0x000000edafa00000,0x000000edafb00000) (1024K)] _threads_hazard_ptr=0x00000285a72947a0
  0x000002859d2a8800 WatcherThread "VM Periodic Task Thread"        [id=34224, stack(0x000000edaf900000,0x000000edafa00000) (1024K)]
  0x0000028587596a70 WorkerThread "GC Thread#0"                     [id=32804, stack(0x000000edaf400000,0x000000edaf500000) (1024K)]
  0x00000285a2404dd0 WorkerThread "GC Thread#1"                     [id=1580, stack(0x000000edb0500000,0x000000edb0600000) (1024K)]
  0x00000285a23f2030 WorkerThread "GC Thread#2"                     [id=33320, stack(0x000000edb0600000,0x000000edb0700000) (1024K)]
  0x00000285a2486530 WorkerThread "GC Thread#3"                     [id=33696, stack(0x000000edb0700000,0x000000edb0800000) (1024K)]
  0x00000285a2486cd0 WorkerThread "GC Thread#4"                     [id=21364, stack(0x000000edb0800000,0x000000edb0900000) (1024K)]
  0x00000285a252d630 WorkerThread "GC Thread#5"                     [id=17716, stack(0x000000edb0900000,0x000000edb0a00000) (1024K)]
  0x00000285a2a7c330 WorkerThread "GC Thread#6"                     [id=32348, stack(0x000000edb0a00000,0x000000edb0b00000) (1024K)]
  0x00000285a2a7b850 WorkerThread "GC Thread#7"                     [id=25572, stack(0x000000edb0b00000,0x000000edb0c00000) (1024K)]
  0x00000285a2a7ca70 WorkerThread "GC Thread#8"                     [id=23172, stack(0x000000edb0c00000,0x000000edb0d00000) (1024K)]
  0x00000285a2a7bbf0 WorkerThread "GC Thread#9"                     [id=12020, stack(0x000000edb1700000,0x000000edb1800000) (1024K)]
  0x000002858759b960 ConcurrentGCThread "G1 Main Marker"            [id=31988, stack(0x000000edaf500000,0x000000edaf600000) (1024K)]
  0x000002858759d1b0 WorkerThread "G1 Conc#0"                       [id=31600, stack(0x000000edaf600000,0x000000edaf700000) (1024K)]
  0x00000285a2a7c6d0 WorkerThread "G1 Conc#1"                       [id=34548, stack(0x000000edb1800000,0x000000edb1900000) (1024K)]
  0x00000285a3b080d0 WorkerThread "G1 Conc#2"                       [id=14872, stack(0x000000edb1900000,0x000000edb1a00000) (1024K)]
  0x000002859d17c2f0 ConcurrentGCThread "G1 Refine#0"               [id=13204, stack(0x000000edaf700000,0x000000edaf800000) (1024K)]
  0x000002859d17db20 ConcurrentGCThread "G1 Service"                [id=3052, stack(0x000000edaf800000,0x000000edaf900000) (1024K)]
Total: 18

Threads with active compile tasks:
C1 CompilerThread0  18145 10692       3       java.lang.invoke.DirectMethodHandle$Holder::invokeStatic (14 bytes)
Total: 1

VM state: synchronizing (normal execution)

VM Mutex/Monitor currently owned by a thread:  ([mutex/lock_event])
[0x00007ffd54ffb160] Metaspace_lock - owner thread: 0x00000285a3ac0440
[0x00007ffd54ffd360] Threads_lock - owner thread: 0x000002859d41c240

Heap address: 0x00000000e0000000, size: 512 MB, Compressed Oops mode: 32-bit

CDS archive(s) not mapped
Compressed class space mapped at: 0x0000000100000000-0x0000000114000000, reserved size: 335544320
Narrow klass base: 0x0000000000000000, Narrow klass shift: 3, Narrow klass range: 0x114000000

GC Precious Log:
 CardTable entry size: 512
 Card Set container configuration: InlinePtr #cards 5 size 8 Array Of Cards #cards 12 size 40 Howl #buckets 4 coarsen threshold 1843 Howl Bitmap #cards 512 size 80 coarsen threshold 460 Card regions per heap region 1 cards per card region 2048
 CPUs: 12 total, 12 available
 Memory: 7518M
 Large Page Support: Disabled
 NUMA Support: Disabled
 Compressed Oops: Enabled (32-bit)
 Heap Region Size: 1M
 Heap Min Capacity: 256M
 Heap Initial Capacity: 256M
 Heap Max Capacity: 512M
 Pre-touch: Disabled
 Parallel Workers: 10
 Concurrent Workers: 3
 Concurrent Refinement Workers: 10
 Periodic GC: Disabled

Heap:
 garbage-first heap   total 276480K, used 180214K [0x00000000e0000000, 0x0000000100000000)
  region size 1024K, 58 young (59392K), 17 survivors (17408K)
 Metaspace       used 102784K, committed 104832K, reserved 458752K
  class space    used 13804K, committed 14848K, reserved 327680K

Heap Regions: E=young(eden), S=young(survivor), O=old, HS=humongous(starts), HC=humongous(continues), CS=collection set, F=free, TAMS=top-at-mark-start, PB=parsable bottom
|   0|0x00000000e0000000, 0x00000000e0100000, 0x00000000e0100000|100%| O|  |TAMS 0x00000000e0000000| PB 0x00000000e0000000| Untracked 
|   1|0x00000000e0100000, 0x00000000e0200000, 0x00000000e0200000|100%| O|  |TAMS 0x00000000e0100000| PB 0x00000000e0100000| Untracked 
|   2|0x00000000e0200000, 0x00000000e0300000, 0x00000000e0300000|100%|HS|  |TAMS 0x00000000e0200000| PB 0x00000000e0200000| Complete 
|   3|0x00000000e0300000, 0x00000000e0400000, 0x00000000e0400000|100%|HC|  |TAMS 0x00000000e0300000| PB 0x00000000e0300000| Complete 
|   4|0x00000000e0400000, 0x00000000e0500000, 0x00000000e0500000|100%|HC|  |TAMS 0x00000000e0400000| PB 0x00000000e0400000| Complete 
|   5|0x00000000e0500000, 0x00000000e0600000, 0x00000000e0600000|100%|HC|  |TAMS 0x00000000e0500000| PB 0x00000000e0500000| Complete 
|   6|0x00000000e0600000, 0x00000000e0700000, 0x00000000e0700000|100%| O|  |TAMS 0x00000000e0600000| PB 0x00000000e0600000| Untracked 
|   7|0x00000000e0700000, 0x00000000e0800000, 0x00000000e0800000|100%| O|  |TAMS 0x00000000e0700000| PB 0x00000000e0700000| Untracked 
|   8|0x00000000e0800000, 0x00000000e0900000, 0x00000000e0900000|100%| O|  |TAMS 0x00000000e0800000| PB 0x00000000e0800000| Untracked 
|   9|0x00000000e0900000, 0x00000000e0a00000, 0x00000000e0a00000|100%| O|  |TAMS 0x00000000e0900000| PB 0x00000000e0900000| Untracked 
|  10|0x00000000e0a00000, 0x00000000e0b00000, 0x00000000e0b00000|100%|HS|  |TAMS 0x00000000e0a00000| PB 0x00000000e0a00000| Complete 
|  11|0x00000000e0b00000, 0x00000000e0c00000, 0x00000000e0c00000|100%|HS|  |TAMS 0x00000000e0b00000| PB 0x00000000e0b00000| Complete 
|  12|0x00000000e0c00000, 0x00000000e0d00000, 0x00000000e0d00000|100%| O|  |TAMS 0x00000000e0c00000| PB 0x00000000e0c00000| Untracked 
|  13|0x00000000e0d00000, 0x00000000e0e00000, 0x00000000e0e00000|100%| O|  |TAMS 0x00000000e0d00000| PB 0x00000000e0d00000| Untracked 
|  14|0x00000000e0e00000, 0x00000000e0f00000, 0x00000000e0f00000|100%|HS|  |TAMS 0x00000000e0e00000| PB 0x00000000e0e00000| Complete 
|  15|0x00000000e0f00000, 0x00000000e1000000, 0x00000000e1000000|100%|HC|  |TAMS 0x00000000e0f00000| PB 0x00000000e0f00000| Complete 
|  16|0x00000000e1000000, 0x00000000e1100000, 0x00000000e1100000|100%|HC|  |TAMS 0x00000000e1000000| PB 0x00000000e1000000| Complete 
|  17|0x00000000e1100000, 0x00000000e1200000, 0x00000000e1200000|100%|HC|  |TAMS 0x00000000e1100000| PB 0x00000000e1100000| Complete 
|  18|0x00000000e1200000, 0x00000000e1300000, 0x00000000e1300000|100%|HC|  |TAMS 0x00000000e1200000| PB 0x00000000e1200000| Complete 
|  19|0x00000000e1300000, 0x00000000e1400000, 0x00000000e1400000|100%|HC|  |TAMS 0x00000000e1300000| PB 0x00000000e1300000| Complete 
|  20|0x00000000e1400000, 0x00000000e1500000, 0x00000000e1500000|100%|HS|  |TAMS 0x00000000e1400000| PB 0x00000000e1400000| Complete 
|  21|0x00000000e1500000, 0x00000000e1600000, 0x00000000e1600000|100%|HC|  |TAMS 0x00000000e1500000| PB 0x00000000e1500000| Complete 
|  22|0x00000000e1600000, 0x00000000e1700000, 0x00000000e1700000|100%|HC|  |TAMS 0x00000000e1600000| PB 0x00000000e1600000| Complete 
|  23|0x00000000e1700000, 0x00000000e1800000, 0x00000000e1800000|100%|HC|  |TAMS 0x00000000e1700000| PB 0x00000000e1700000| Complete 
|  24|0x00000000e1800000, 0x00000000e1900000, 0x00000000e1900000|100%|HS|  |TAMS 0x00000000e1800000| PB 0x00000000e1800000| Complete 
|  25|0x00000000e1900000, 0x00000000e1a00000, 0x00000000e1a00000|100%|HC|  |TAMS 0x00000000e1900000| PB 0x00000000e1900000| Complete 
|  26|0x00000000e1a00000, 0x00000000e1b00000, 0x00000000e1b00000|100%| O|  |TAMS 0x00000000e1a00000| PB 0x00000000e1a00000| Untracked 
|  27|0x00000000e1b00000, 0x00000000e1c00000, 0x00000000e1c00000|100%| O|  |TAMS 0x00000000e1b00000| PB 0x00000000e1b00000| Untracked 
|  28|0x00000000e1c00000, 0x00000000e1d00000, 0x00000000e1d00000|100%| O|  |TAMS 0x00000000e1c00000| PB 0x00000000e1c00000| Untracked 
|  29|0x00000000e1d00000, 0x00000000e1e00000, 0x00000000e1e00000|100%| O|  |TAMS 0x00000000e1d00000| PB 0x00000000e1d00000| Untracked 
|  30|0x00000000e1e00000, 0x00000000e1f00000, 0x00000000e1f00000|100%| O|  |TAMS 0x00000000e1e00000| PB 0x00000000e1e00000| Untracked 
|  31|0x00000000e1f00000, 0x00000000e2000000, 0x00000000e2000000|100%| O|  |TAMS 0x00000000e1f00000| PB 0x00000000e1f00000| Untracked 
|  32|0x00000000e2000000, 0x00000000e2100000, 0x00000000e2100000|100%| O|  |TAMS 0x00000000e2000000| PB 0x00000000e2000000| Untracked 
|  33|0x00000000e2100000, 0x00000000e2200000, 0x00000000e2200000|100%| O|  |TAMS 0x00000000e2100000| PB 0x00000000e2100000| Untracked 
|  34|0x00000000e2200000, 0x00000000e2300000, 0x00000000e2300000|100%| O|  |TAMS 0x00000000e2200000| PB 0x00000000e2200000| Untracked 
|  35|0x00000000e2300000, 0x00000000e2400000, 0x00000000e2400000|100%|HS|  |TAMS 0x00000000e2300000| PB 0x00000000e2300000| Complete 
|  36|0x00000000e2400000, 0x00000000e2500000, 0x00000000e2500000|100%|HC|  |TAMS 0x00000000e2400000| PB 0x00000000e2400000| Complete 
|  37|0x00000000e2500000, 0x00000000e2600000, 0x00000000e2600000|100%|HS|  |TAMS 0x00000000e2500000| PB 0x00000000e2500000| Complete 
|  38|0x00000000e2600000, 0x00000000e2700000, 0x00000000e2700000|100%|HC|  |TAMS 0x00000000e2600000| PB 0x00000000e2600000| Complete 
|  39|0x00000000e2700000, 0x00000000e2800000, 0x00000000e2800000|100%|HC|  |TAMS 0x00000000e2700000| PB 0x00000000e2700000| Complete 
|  40|0x00000000e2800000, 0x00000000e2900000, 0x00000000e2900000|100%|HC|  |TAMS 0x00000000e2800000| PB 0x00000000e2800000| Complete 
|  41|0x00000000e2900000, 0x00000000e2a00000, 0x00000000e2a00000|100%|HC|  |TAMS 0x00000000e2900000| PB 0x00000000e2900000| Complete 
|  42|0x00000000e2a00000, 0x00000000e2b00000, 0x00000000e2b00000|100%|HC|  |TAMS 0x00000000e2a00000| PB 0x00000000e2a00000| Complete 
|  43|0x00000000e2b00000, 0x00000000e2c00000, 0x00000000e2c00000|100%|HS|  |TAMS 0x00000000e2b00000| PB 0x00000000e2b00000| Complete 
|  44|0x00000000e2c00000, 0x00000000e2d00000, 0x00000000e2d00000|100%|HC|  |TAMS 0x00000000e2c00000| PB 0x00000000e2c00000| Complete 
|  45|0x00000000e2d00000, 0x00000000e2e00000, 0x00000000e2e00000|100%|HC|  |TAMS 0x00000000e2d00000| PB 0x00000000e2d00000| Complete 
|  46|0x00000000e2e00000, 0x00000000e2f00000, 0x00000000e2f00000|100%|HC|  |TAMS 0x00000000e2e00000| PB 0x00000000e2e00000| Complete 
|  47|0x00000000e2f00000, 0x00000000e3000000, 0x00000000e3000000|100%|HC|  |TAMS 0x00000000e2f00000| PB 0x00000000e2f00000| Complete 
|  48|0x00000000e3000000, 0x00000000e3100000, 0x00000000e3100000|100%|HC|  |TAMS 0x00000000e3000000| PB 0x00000000e3000000| Complete 
|  49|0x00000000e3100000, 0x00000000e3200000, 0x00000000e3200000|100%| O|  |TAMS 0x00000000e3100000| PB 0x00000000e3100000| Untracked 
|  50|0x00000000e3200000, 0x00000000e3300000, 0x00000000e3300000|100%| O|  |TAMS 0x00000000e3200000| PB 0x00000000e3200000| Untracked 
|  51|0x00000000e3300000, 0x00000000e3400000, 0x00000000e3400000|100%| O|  |TAMS 0x00000000e3300000| PB 0x00000000e3300000| Untracked 
|  52|0x00000000e3400000, 0x00000000e3500000, 0x00000000e3500000|100%| O|  |TAMS 0x00000000e3400000| PB 0x00000000e3400000| Untracked 
|  53|0x00000000e3500000, 0x00000000e3600000, 0x00000000e3600000|100%| O|  |TAMS 0x00000000e3500000| PB 0x00000000e3500000| Untracked 
|  54|0x00000000e3600000, 0x00000000e3700000, 0x00000000e3700000|100%| O|  |TAMS 0x00000000e3600000| PB 0x00000000e3600000| Untracked 
|  55|0x00000000e3700000, 0x00000000e3800000, 0x00000000e3800000|100%| O|  |TAMS 0x00000000e3700000| PB 0x00000000e3700000| Untracked 
|  56|0x00000000e3800000, 0x00000000e3900000, 0x00000000e3900000|100%| O|  |TAMS 0x00000000e3800000| PB 0x00000000e3800000| Untracked 
|  57|0x00000000e3900000, 0x00000000e3a00000, 0x00000000e3a00000|100%| O|  |TAMS 0x00000000e3900000| PB 0x00000000e3900000| Untracked 
|  58|0x00000000e3a00000, 0x00000000e3b00000, 0x00000000e3b00000|100%| O|  |TAMS 0x00000000e3a00000| PB 0x00000000e3a00000| Untracked 
|  59|0x00000000e3b00000, 0x00000000e3c00000, 0x00000000e3c00000|100%| O|  |TAMS 0x00000000e3b00000| PB 0x00000000e3b00000| Untracked 
|  60|0x00000000e3c00000, 0x00000000e3d00000, 0x00000000e3d00000|100%| O|  |TAMS 0x00000000e3c00000| PB 0x00000000e3c00000| Untracked 
|  61|0x00000000e3d00000, 0x00000000e3e00000, 0x00000000e3e00000|100%| O|  |TAMS 0x00000000e3d00000| PB 0x00000000e3d00000| Untracked 
|  62|0x00000000e3e00000, 0x00000000e3f00000, 0x00000000e3f00000|100%| O|  |TAMS 0x00000000e3e00000| PB 0x00000000e3e00000| Untracked 
|  63|0x00000000e3f00000, 0x00000000e4000000, 0x00000000e4000000|100%| O|  |TAMS 0x00000000e3f00000| PB 0x00000000e3f00000| Untracked 
|  64|0x00000000e4000000, 0x00000000e4100000, 0x00000000e4100000|100%| O|  |TAMS 0x00000000e4000000| PB 0x00000000e4000000| Untracked 
|  65|0x00000000e4100000, 0x00000000e4200000, 0x00000000e4200000|100%| O|  |TAMS 0x00000000e4100000| PB 0x00000000e4100000| Untracked 
|  66|0x00000000e4200000, 0x00000000e4300000, 0x00000000e4300000|100%|HS|  |TAMS 0x00000000e4200000| PB 0x00000000e4200000| Complete 
|  67|0x00000000e4300000, 0x00000000e4400000, 0x00000000e4400000|100%|HS|  |TAMS 0x00000000e4300000| PB 0x00000000e4300000| Complete 
|  68|0x00000000e4400000, 0x00000000e4500000, 0x00000000e4500000|100%|HS|  |TAMS 0x00000000e4400000| PB 0x00000000e4400000| Complete 
|  69|0x00000000e4500000, 0x00000000e4600000, 0x00000000e4600000|100%| O|  |TAMS 0x00000000e4500000| PB 0x00000000e4500000| Untracked 
|  70|0x00000000e4600000, 0x00000000e4700000, 0x00000000e4700000|100%|HS|  |TAMS 0x00000000e4600000| PB 0x00000000e4600000| Complete 
|  71|0x00000000e4700000, 0x00000000e4800000, 0x00000000e4800000|100%|HS|  |TAMS 0x00000000e4700000| PB 0x00000000e4700000| Complete 
|  72|0x00000000e4800000, 0x00000000e4900000, 0x00000000e4900000|100%|HS|  |TAMS 0x00000000e4800000| PB 0x00000000e4800000| Complete 
|  73|0x00000000e4900000, 0x00000000e4a00000, 0x00000000e4a00000|100%| O|  |TAMS 0x00000000e4900000| PB 0x00000000e4900000| Untracked 
|  74|0x00000000e4a00000, 0x00000000e4b00000, 0x00000000e4b00000|100%|HS|  |TAMS 0x00000000e4a00000| PB 0x00000000e4a00000| Complete 
|  75|0x00000000e4b00000, 0x00000000e4b00000, 0x00000000e4c00000|  0%| F|  |TAMS 0x00000000e4b00000| PB 0x00000000e4b00000| Untracked 
|  76|0x00000000e4c00000, 0x00000000e4d00000, 0x00000000e4d00000|100%| O|  |TAMS 0x00000000e4c00000| PB 0x00000000e4c00000| Untracked 
|  77|0x00000000e4d00000, 0x00000000e4d00000, 0x00000000e4e00000|  0%| F|  |TAMS 0x00000000e4d00000| PB 0x00000000e4d00000| Untracked 
|  78|0x00000000e4e00000, 0x00000000e4f00000, 0x00000000e4f00000|100%| O|  |TAMS 0x00000000e4e00000| PB 0x00000000e4e00000| Untracked 
|  79|0x00000000e4f00000, 0x00000000e5000000, 0x00000000e5000000|100%| O|  |TAMS 0x00000000e4f00000| PB 0x00000000e4f00000| Untracked 
|  80|0x00000000e5000000, 0x00000000e5100000, 0x00000000e5100000|100%| O|  |TAMS 0x00000000e5000000| PB 0x00000000e5000000| Untracked 
|  81|0x00000000e5100000, 0x00000000e5200000, 0x00000000e5200000|100%| O|  |TAMS 0x00000000e5100000| PB 0x00000000e5100000| Untracked 
|  82|0x00000000e5200000, 0x00000000e5300000, 0x00000000e5300000|100%| O|  |TAMS 0x00000000e5200000| PB 0x00000000e5200000| Untracked 
|  83|0x00000000e5300000, 0x00000000e5400000, 0x00000000e5400000|100%| O|  |TAMS 0x00000000e5300000| PB 0x00000000e5300000| Untracked 
|  84|0x00000000e5400000, 0x00000000e5500000, 0x00000000e5500000|100%| O|  |TAMS 0x00000000e5400000| PB 0x00000000e5400000| Untracked 
|  85|0x00000000e5500000, 0x00000000e5600000, 0x00000000e5600000|100%| O|  |TAMS 0x00000000e5500000| PB 0x00000000e5500000| Untracked 
|  86|0x00000000e5600000, 0x00000000e5700000, 0x00000000e5700000|100%| O|  |TAMS 0x00000000e5600000| PB 0x00000000e5600000| Untracked 
|  87|0x00000000e5700000, 0x00000000e5800000, 0x00000000e5800000|100%| O|  |TAMS 0x00000000e5700000| PB 0x00000000e5700000| Untracked 
|  88|0x00000000e5800000, 0x00000000e5900000, 0x00000000e5900000|100%| O|  |TAMS 0x00000000e5800000| PB 0x00000000e5800000| Untracked 
|  89|0x00000000e5900000, 0x00000000e5a00000, 0x00000000e5a00000|100%| O|  |TAMS 0x00000000e5900000| PB 0x00000000e5900000| Untracked 
|  90|0x00000000e5a00000, 0x00000000e5b00000, 0x00000000e5b00000|100%| O|  |TAMS 0x00000000e5a00000| PB 0x00000000e5a00000| Untracked 
|  91|0x00000000e5b00000, 0x00000000e5c00000, 0x00000000e5c00000|100%| O|  |TAMS 0x00000000e5b00000| PB 0x00000000e5b00000| Untracked 
|  92|0x00000000e5c00000, 0x00000000e5d00000, 0x00000000e5d00000|100%| O|  |TAMS 0x00000000e5c00000| PB 0x00000000e5c00000| Untracked 
|  93|0x00000000e5d00000, 0x00000000e5e00000, 0x00000000e5e00000|100%| O|  |TAMS 0x00000000e5d00000| PB 0x00000000e5d00000| Untracked 
|  94|0x00000000e5e00000, 0x00000000e5f00000, 0x00000000e5f00000|100%| O|  |TAMS 0x00000000e5e00000| PB 0x00000000e5e00000| Untracked 
|  95|0x00000000e5f00000, 0x00000000e6000000, 0x00000000e6000000|100%| O|  |TAMS 0x00000000e5f00000| PB 0x00000000e5f00000| Untracked 
|  96|0x00000000e6000000, 0x00000000e6100000, 0x00000000e6100000|100%| O|  |TAMS 0x00000000e6000000| PB 0x00000000e6000000| Untracked 
|  97|0x00000000e6100000, 0x00000000e6200000, 0x00000000e6200000|100%| O|  |TAMS 0x00000000e6100000| PB 0x00000000e6100000| Untracked 
|  98|0x00000000e6200000, 0x00000000e6300000, 0x00000000e6300000|100%| O|  |TAMS 0x00000000e6200000| PB 0x00000000e6200000| Untracked 
|  99|0x00000000e6300000, 0x00000000e6400000, 0x00000000e6400000|100%| O|  |TAMS 0x00000000e6300000| PB 0x00000000e6300000| Untracked 
| 100|0x00000000e6400000, 0x00000000e6500000, 0x00000000e6500000|100%| O|  |TAMS 0x00000000e6400000| PB 0x00000000e6400000| Untracked 
| 101|0x00000000e6500000, 0x00000000e6600000, 0x00000000e6600000|100%| O|  |TAMS 0x00000000e6500000| PB 0x00000000e6500000| Untracked 
| 102|0x00000000e6600000, 0x00000000e6600000, 0x00000000e6700000|  0%| F|  |TAMS 0x00000000e6600000| PB 0x00000000e6600000| Untracked 
| 103|0x00000000e6700000, 0x00000000e6700000, 0x00000000e6800000|  0%| F|  |TAMS 0x00000000e6700000| PB 0x00000000e6700000| Untracked 
| 104|0x00000000e6800000, 0x00000000e6900000, 0x00000000e6900000|100%|HS|  |TAMS 0x00000000e6800000| PB 0x00000000e6800000| Complete 
| 105|0x00000000e6900000, 0x00000000e6a00000, 0x00000000e6a00000|100%|HC|  |TAMS 0x00000000e6900000| PB 0x00000000e6900000| Complete 
| 106|0x00000000e6a00000, 0x00000000e6b00000, 0x00000000e6b00000|100%|HS|  |TAMS 0x00000000e6a00000| PB 0x00000000e6a00000| Complete 
| 107|0x00000000e6b00000, 0x00000000e6c00000, 0x00000000e6c00000|100%|HC|  |TAMS 0x00000000e6b00000| PB 0x00000000e6b00000| Complete 
| 108|0x00000000e6c00000, 0x00000000e6d00000, 0x00000000e6d00000|100%|HC|  |TAMS 0x00000000e6c00000| PB 0x00000000e6c00000| Complete 
| 109|0x00000000e6d00000, 0x00000000e6e00000, 0x00000000e6e00000|100%|HC|  |TAMS 0x00000000e6d00000| PB 0x00000000e6d00000| Complete 
| 110|0x00000000e6e00000, 0x00000000e6f00000, 0x00000000e6f00000|100%|HC|  |TAMS 0x00000000e6e00000| PB 0x00000000e6e00000| Complete 
| 111|0x00000000e6f00000, 0x00000000e7000000, 0x00000000e7000000|100%|HC|  |TAMS 0x00000000e6f00000| PB 0x00000000e6f00000| Complete 
| 112|0x00000000e7000000, 0x00000000e7100000, 0x00000000e7100000|100%|HS|  |TAMS 0x00000000e7000000| PB 0x00000000e7000000| Complete 
| 113|0x00000000e7100000, 0x00000000e7200000, 0x00000000e7200000|100%|HC|  |TAMS 0x00000000e7100000| PB 0x00000000e7100000| Complete 
| 114|0x00000000e7200000, 0x00000000e7300000, 0x00000000e7300000|100%|HC|  |TAMS 0x00000000e7200000| PB 0x00000000e7200000| Complete 
| 115|0x00000000e7300000, 0x00000000e7400000, 0x00000000e7400000|100%|HC|  |TAMS 0x00000000e7300000| PB 0x00000000e7300000| Complete 
| 116|0x00000000e7400000, 0x00000000e7500000, 0x00000000e7500000|100%|HS|  |TAMS 0x00000000e7400000| PB 0x00000000e7400000| Complete 
| 117|0x00000000e7500000, 0x00000000e7600000, 0x00000000e7600000|100%|HC|  |TAMS 0x00000000e7500000| PB 0x00000000e7500000| Complete 
| 118|0x00000000e7600000, 0x00000000e7700000, 0x00000000e7700000|100%|HS|  |TAMS 0x00000000e7600000| PB 0x00000000e7600000| Complete 
| 119|0x00000000e7700000, 0x00000000e7800000, 0x00000000e7800000|100%| S|CS|TAMS 0x00000000e7700000| PB 0x00000000e7700000| Complete 
| 120|0x00000000e7800000, 0x00000000e7900000, 0x00000000e7900000|100%| S|CS|TAMS 0x00000000e7800000| PB 0x00000000e7800000| Complete 
| 121|0x00000000e7900000, 0x00000000e7a00000, 0x00000000e7a00000|100%| S|CS|TAMS 0x00000000e7900000| PB 0x00000000e7900000| Complete 
| 122|0x00000000e7a00000, 0x00000000e7b00000, 0x00000000e7b00000|100%| S|CS|TAMS 0x00000000e7a00000| PB 0x00000000e7a00000| Complete 
| 123|0x00000000e7b00000, 0x00000000e7b00000, 0x00000000e7c00000|  0%| F|  |TAMS 0x00000000e7b00000| PB 0x00000000e7b00000| Untracked 
| 124|0x00000000e7c00000, 0x00000000e7c00000, 0x00000000e7d00000|  0%| F|  |TAMS 0x00000000e7c00000| PB 0x00000000e7c00000| Untracked 
| 125|0x00000000e7d00000, 0x00000000e7d00000, 0x00000000e7e00000|  0%| F|  |TAMS 0x00000000e7d00000| PB 0x00000000e7d00000| Untracked 
| 126|0x00000000e7e00000, 0x00000000e7e00000, 0x00000000e7f00000|  0%| F|  |TAMS 0x00000000e7e00000| PB 0x00000000e7e00000| Untracked 
| 127|0x00000000e7f00000, 0x00000000e7f00000, 0x00000000e8000000|  0%| F|  |TAMS 0x00000000e7f00000| PB 0x00000000e7f00000| Untracked 
| 128|0x00000000e8000000, 0x00000000e8000000, 0x00000000e8100000|  0%| F|  |TAMS 0x00000000e8000000| PB 0x00000000e8000000| Untracked 
| 129|0x00000000e8100000, 0x00000000e8100000, 0x00000000e8200000|  0%| F|  |TAMS 0x00000000e8100000| PB 0x00000000e8100000| Untracked 
| 130|0x00000000e8200000, 0x00000000e8200000, 0x00000000e8300000|  0%| F|  |TAMS 0x00000000e8200000| PB 0x00000000e8200000| Untracked 
| 131|0x00000000e8300000, 0x00000000e8300000, 0x00000000e8400000|  0%| F|  |TAMS 0x00000000e8300000| PB 0x00000000e8300000| Untracked 
| 132|0x00000000e8400000, 0x00000000e8400000, 0x00000000e8500000|  0%| F|  |TAMS 0x00000000e8400000| PB 0x00000000e8400000| Untracked 
| 133|0x00000000e8500000, 0x00000000e8600000, 0x00000000e8600000|100%| S|CS|TAMS 0x00000000e8500000| PB 0x00000000e8500000| Complete 
| 134|0x00000000e8600000, 0x00000000e8700000, 0x00000000e8700000|100%| S|CS|TAMS 0x00000000e8600000| PB 0x00000000e8600000| Complete 
| 135|0x00000000e8700000, 0x00000000e8800000, 0x00000000e8800000|100%| S|CS|TAMS 0x00000000e8700000| PB 0x00000000e8700000| Complete 
| 136|0x00000000e8800000, 0x00000000e8900000, 0x00000000e8900000|100%| S|CS|TAMS 0x00000000e8800000| PB 0x00000000e8800000| Complete 
| 137|0x00000000e8900000, 0x00000000e8a00000, 0x00000000e8a00000|100%| S|CS|TAMS 0x00000000e8900000| PB 0x00000000e8900000| Complete 
| 138|0x00000000e8a00000, 0x00000000e8b00000, 0x00000000e8b00000|100%| S|CS|TAMS 0x00000000e8a00000| PB 0x00000000e8a00000| Complete 
| 139|0x00000000e8b00000, 0x00000000e8b00000, 0x00000000e8c00000|  0%| F|  |TAMS 0x00000000e8b00000| PB 0x00000000e8b00000| Untracked 
| 140|0x00000000e8c00000, 0x00000000e8c00000, 0x00000000e8d00000|  0%| F|  |TAMS 0x00000000e8c00000| PB 0x00000000e8c00000| Untracked 
| 141|0x00000000e8d00000, 0x00000000e8d00000, 0x00000000e8e00000|  0%| F|  |TAMS 0x00000000e8d00000| PB 0x00000000e8d00000| Untracked 
| 142|0x00000000e8e00000, 0x00000000e8e00000, 0x00000000e8f00000|  0%| F|  |TAMS 0x00000000e8e00000| PB 0x00000000e8e00000| Untracked 
| 143|0x00000000e8f00000, 0x00000000e8f00000, 0x00000000e9000000|  0%| F|  |TAMS 0x00000000e8f00000| PB 0x00000000e8f00000| Untracked 
| 144|0x00000000e9000000, 0x00000000e9000000, 0x00000000e9100000|  0%| F|  |TAMS 0x00000000e9000000| PB 0x00000000e9000000| Untracked 
| 145|0x00000000e9100000, 0x00000000e9100000, 0x00000000e9200000|  0%| F|  |TAMS 0x00000000e9100000| PB 0x00000000e9100000| Untracked 
| 146|0x00000000e9200000, 0x00000000e9200000, 0x00000000e9300000|  0%| F|  |TAMS 0x00000000e9200000| PB 0x00000000e9200000| Untracked 
| 147|0x00000000e9300000, 0x00000000e9300000, 0x00000000e9400000|  0%| F|  |TAMS 0x00000000e9300000| PB 0x00000000e9300000| Untracked 
| 148|0x00000000e9400000, 0x00000000e9400000, 0x00000000e9500000|  0%| F|  |TAMS 0x00000000e9400000| PB 0x00000000e9400000| Untracked 
| 149|0x00000000e9500000, 0x00000000e9500000, 0x00000000e9600000|  0%| F|  |TAMS 0x00000000e9500000| PB 0x00000000e9500000| Untracked 
| 150|0x00000000e9600000, 0x00000000e9600000, 0x00000000e9700000|  0%| F|  |TAMS 0x00000000e9600000| PB 0x00000000e9600000| Untracked 
| 151|0x00000000e9700000, 0x00000000e9700000, 0x00000000e9800000|  0%| F|  |TAMS 0x00000000e9700000| PB 0x00000000e9700000| Untracked 
| 152|0x00000000e9800000, 0x00000000e9800000, 0x00000000e9900000|  0%| F|  |TAMS 0x00000000e9800000| PB 0x00000000e9800000| Untracked 
| 153|0x00000000e9900000, 0x00000000e9900000, 0x00000000e9a00000|  0%| F|  |TAMS 0x00000000e9900000| PB 0x00000000e9900000| Untracked 
| 154|0x00000000e9a00000, 0x00000000e9a00000, 0x00000000e9b00000|  0%| F|  |TAMS 0x00000000e9a00000| PB 0x00000000e9a00000| Untracked 
| 155|0x00000000e9b00000, 0x00000000e9b00000, 0x00000000e9c00000|  0%| F|  |TAMS 0x00000000e9b00000| PB 0x00000000e9b00000| Untracked 
| 156|0x00000000e9c00000, 0x00000000e9c00000, 0x00000000e9d00000|  0%| F|  |TAMS 0x00000000e9c00000| PB 0x00000000e9c00000| Untracked 
| 157|0x00000000e9d00000, 0x00000000e9d00000, 0x00000000e9e00000|  0%| F|  |TAMS 0x00000000e9d00000| PB 0x00000000e9d00000| Untracked 
| 158|0x00000000e9e00000, 0x00000000e9e00000, 0x00000000e9f00000|  0%| F|  |TAMS 0x00000000e9e00000| PB 0x00000000e9e00000| Untracked 
| 159|0x00000000e9f00000, 0x00000000e9f00000, 0x00000000ea000000|  0%| F|  |TAMS 0x00000000e9f00000| PB 0x00000000e9f00000| Untracked 
| 160|0x00000000ea000000, 0x00000000ea000000, 0x00000000ea100000|  0%| F|  |TAMS 0x00000000ea000000| PB 0x00000000ea000000| Untracked 
| 161|0x00000000ea100000, 0x00000000ea100000, 0x00000000ea200000|  0%| F|  |TAMS 0x00000000ea100000| PB 0x00000000ea100000| Untracked 
| 162|0x00000000ea200000, 0x00000000ea200000, 0x00000000ea300000|  0%| F|  |TAMS 0x00000000ea200000| PB 0x00000000ea200000| Untracked 
| 163|0x00000000ea300000, 0x00000000ea300000, 0x00000000ea400000|  0%| F|  |TAMS 0x00000000ea300000| PB 0x00000000ea300000| Untracked 
| 164|0x00000000ea400000, 0x00000000ea400000, 0x00000000ea500000|  0%| F|  |TAMS 0x00000000ea400000| PB 0x00000000ea400000| Untracked 
| 165|0x00000000ea500000, 0x00000000ea500000, 0x00000000ea600000|  0%| F|  |TAMS 0x00000000ea500000| PB 0x00000000ea500000| Untracked 
| 166|0x00000000ea600000, 0x00000000ea600000, 0x00000000ea700000|  0%| F|  |TAMS 0x00000000ea600000| PB 0x00000000ea600000| Untracked 
| 167|0x00000000ea700000, 0x00000000ea700000, 0x00000000ea800000|  0%| F|  |TAMS 0x00000000ea700000| PB 0x00000000ea700000| Untracked 
| 168|0x00000000ea800000, 0x00000000ea800000, 0x00000000ea900000|  0%| F|  |TAMS 0x00000000ea800000| PB 0x00000000ea800000| Untracked 
| 169|0x00000000ea900000, 0x00000000ea900000, 0x00000000eaa00000|  0%| F|  |TAMS 0x00000000ea900000| PB 0x00000000ea900000| Untracked 
| 170|0x00000000eaa00000, 0x00000000eaa00000, 0x00000000eab00000|  0%| F|  |TAMS 0x00000000eaa00000| PB 0x00000000eaa00000| Untracked 
| 171|0x00000000eab00000, 0x00000000eab00000, 0x00000000eac00000|  0%| F|  |TAMS 0x00000000eab00000| PB 0x00000000eab00000| Untracked 
| 172|0x00000000eac00000, 0x00000000eac00000, 0x00000000ead00000|  0%| F|  |TAMS 0x00000000eac00000| PB 0x00000000eac00000| Untracked 
| 173|0x00000000ead00000, 0x00000000ead00000, 0x00000000eae00000|  0%| F|  |TAMS 0x00000000ead00000| PB 0x00000000ead00000| Untracked 
| 174|0x00000000eae00000, 0x00000000eae00000, 0x00000000eaf00000|  0%| F|  |TAMS 0x00000000eae00000| PB 0x00000000eae00000| Untracked 
| 175|0x00000000eaf00000, 0x00000000eaf00000, 0x00000000eb000000|  0%| F|  |TAMS 0x00000000eaf00000| PB 0x00000000eaf00000| Untracked 
| 176|0x00000000eb000000, 0x00000000eb000000, 0x00000000eb100000|  0%| F|  |TAMS 0x00000000eb000000| PB 0x00000000eb000000| Untracked 
| 177|0x00000000eb100000, 0x00000000eb100000, 0x00000000eb200000|  0%| F|  |TAMS 0x00000000eb100000| PB 0x00000000eb100000| Untracked 
| 178|0x00000000eb200000, 0x00000000eb200000, 0x00000000eb300000|  0%| F|  |TAMS 0x00000000eb200000| PB 0x00000000eb200000| Untracked 
| 179|0x00000000eb300000, 0x00000000eb300000, 0x00000000eb400000|  0%| F|  |TAMS 0x00000000eb300000| PB 0x00000000eb300000| Untracked 
| 180|0x00000000eb400000, 0x00000000eb400000, 0x00000000eb500000|  0%| F|  |TAMS 0x00000000eb400000| PB 0x00000000eb400000| Untracked 
| 181|0x00000000eb500000, 0x00000000eb500000, 0x00000000eb600000|  0%| F|  |TAMS 0x00000000eb500000| PB 0x00000000eb500000| Untracked 
| 182|0x00000000eb600000, 0x00000000eb600000, 0x00000000eb700000|  0%| F|  |TAMS 0x00000000eb600000| PB 0x00000000eb600000| Untracked 
| 183|0x00000000eb700000, 0x00000000eb700000, 0x00000000eb800000|  0%| F|  |TAMS 0x00000000eb700000| PB 0x00000000eb700000| Untracked 
| 184|0x00000000eb800000, 0x00000000eb800000, 0x00000000eb900000|  0%| F|  |TAMS 0x00000000eb800000| PB 0x00000000eb800000| Untracked 
| 185|0x00000000eb900000, 0x00000000eb900000, 0x00000000eba00000|  0%| F|  |TAMS 0x00000000eb900000| PB 0x00000000eb900000| Untracked 
| 186|0x00000000eba00000, 0x00000000eba00000, 0x00000000ebb00000|  0%| F|  |TAMS 0x00000000eba00000| PB 0x00000000eba00000| Untracked 
| 187|0x00000000ebb00000, 0x00000000ebb00000, 0x00000000ebc00000|  0%| F|  |TAMS 0x00000000ebb00000| PB 0x00000000ebb00000| Untracked 
| 188|0x00000000ebc00000, 0x00000000ebc00000, 0x00000000ebd00000|  0%| F|  |TAMS 0x00000000ebc00000| PB 0x00000000ebc00000| Untracked 
| 189|0x00000000ebd00000, 0x00000000ebd00000, 0x00000000ebe00000|  0%| F|  |TAMS 0x00000000ebd00000| PB 0x00000000ebd00000| Untracked 
| 190|0x00000000ebe00000, 0x00000000ebe00000, 0x00000000ebf00000|  0%| F|  |TAMS 0x00000000ebe00000| PB 0x00000000ebe00000| Untracked 
| 191|0x00000000ebf00000, 0x00000000ebf00000, 0x00000000ec000000|  0%| F|  |TAMS 0x00000000ebf00000| PB 0x00000000ebf00000| Untracked 
| 192|0x00000000ec000000, 0x00000000ec000000, 0x00000000ec100000|  0%| F|  |TAMS 0x00000000ec000000| PB 0x00000000ec000000| Untracked 
| 193|0x00000000ec100000, 0x00000000ec100000, 0x00000000ec200000|  0%| F|  |TAMS 0x00000000ec100000| PB 0x00000000ec100000| Untracked 
| 194|0x00000000ec200000, 0x00000000ec200000, 0x00000000ec300000|  0%| F|  |TAMS 0x00000000ec200000| PB 0x00000000ec200000| Untracked 
| 195|0x00000000ec300000, 0x00000000ec300000, 0x00000000ec400000|  0%| F|  |TAMS 0x00000000ec300000| PB 0x00000000ec300000| Untracked 
| 196|0x00000000ec400000, 0x00000000ec400000, 0x00000000ec500000|  0%| F|  |TAMS 0x00000000ec400000| PB 0x00000000ec400000| Untracked 
| 197|0x00000000ec500000, 0x00000000ec500000, 0x00000000ec600000|  0%| F|  |TAMS 0x00000000ec500000| PB 0x00000000ec500000| Untracked 
| 198|0x00000000ec600000, 0x00000000ec600000, 0x00000000ec700000|  0%| F|  |TAMS 0x00000000ec600000| PB 0x00000000ec600000| Untracked 
| 199|0x00000000ec700000, 0x00000000ec700000, 0x00000000ec800000|  0%| F|  |TAMS 0x00000000ec700000| PB 0x00000000ec700000| Untracked 
| 200|0x00000000ec800000, 0x00000000ec800000, 0x00000000ec900000|  0%| F|  |TAMS 0x00000000ec800000| PB 0x00000000ec800000| Untracked 
| 201|0x00000000ec900000, 0x00000000ec900000, 0x00000000eca00000|  0%| F|  |TAMS 0x00000000ec900000| PB 0x00000000ec900000| Untracked 
| 202|0x00000000eca00000, 0x00000000eca00000, 0x00000000ecb00000|  0%| F|  |TAMS 0x00000000eca00000| PB 0x00000000eca00000| Untracked 
| 203|0x00000000ecb00000, 0x00000000ecb00000, 0x00000000ecc00000|  0%| F|  |TAMS 0x00000000ecb00000| PB 0x00000000ecb00000| Untracked 
| 204|0x00000000ecc00000, 0x00000000ecc00000, 0x00000000ecd00000|  0%| F|  |TAMS 0x00000000ecc00000| PB 0x00000000ecc00000| Untracked 
| 205|0x00000000ecd00000, 0x00000000ecd00000, 0x00000000ece00000|  0%| F|  |TAMS 0x00000000ecd00000| PB 0x00000000ecd00000| Untracked 
| 206|0x00000000ece00000, 0x00000000ece00000, 0x00000000ecf00000|  0%| F|  |TAMS 0x00000000ece00000| PB 0x00000000ece00000| Untracked 
| 207|0x00000000ecf00000, 0x00000000ecf00000, 0x00000000ed000000|  0%| F|  |TAMS 0x00000000ecf00000| PB 0x00000000ecf00000| Untracked 
| 208|0x00000000ed000000, 0x00000000ed000000, 0x00000000ed100000|  0%| F|  |TAMS 0x00000000ed000000| PB 0x00000000ed000000| Untracked 
| 209|0x00000000ed100000, 0x00000000ed100000, 0x00000000ed200000|  0%| F|  |TAMS 0x00000000ed100000| PB 0x00000000ed100000| Untracked 
| 210|0x00000000ed200000, 0x00000000ed200000, 0x00000000ed300000|  0%| F|  |TAMS 0x00000000ed200000| PB 0x00000000ed200000| Untracked 
| 211|0x00000000ed300000, 0x00000000ed300000, 0x00000000ed400000|  0%| F|  |TAMS 0x00000000ed300000| PB 0x00000000ed300000| Untracked 
| 212|0x00000000ed400000, 0x00000000ed400000, 0x00000000ed500000|  0%| F|  |TAMS 0x00000000ed400000| PB 0x00000000ed400000| Untracked 
| 213|0x00000000ed500000, 0x00000000ed500000, 0x00000000ed600000|  0%| F|  |TAMS 0x00000000ed500000| PB 0x00000000ed500000| Untracked 
| 214|0x00000000ed600000, 0x00000000ed600000, 0x00000000ed700000|  0%| F|  |TAMS 0x00000000ed600000| PB 0x00000000ed600000| Untracked 
| 215|0x00000000ed700000, 0x00000000ed700000, 0x00000000ed800000|  0%| F|  |TAMS 0x00000000ed700000| PB 0x00000000ed700000| Untracked 
| 216|0x00000000ed800000, 0x00000000ed800000, 0x00000000ed900000|  0%| F|  |TAMS 0x00000000ed800000| PB 0x00000000ed800000| Untracked 
| 217|0x00000000ed900000, 0x00000000ed900000, 0x00000000eda00000|  0%| F|  |TAMS 0x00000000ed900000| PB 0x00000000ed900000| Untracked 
| 218|0x00000000eda00000, 0x00000000eda83c50, 0x00000000edb00000| 51%| E|  |TAMS 0x00000000eda00000| PB 0x00000000eda00000| Complete 
| 219|0x00000000edb00000, 0x00000000edc00000, 0x00000000edc00000|100%| E|CS|TAMS 0x00000000edb00000| PB 0x00000000edb00000| Complete 
| 220|0x00000000edc00000, 0x00000000edd00000, 0x00000000edd00000|100%| E|CS|TAMS 0x00000000edc00000| PB 0x00000000edc00000| Complete 
| 221|0x00000000edd00000, 0x00000000ede00000, 0x00000000ede00000|100%| E|CS|TAMS 0x00000000edd00000| PB 0x00000000edd00000| Complete 
| 222|0x00000000ede00000, 0x00000000edf00000, 0x00000000edf00000|100%| E|CS|TAMS 0x00000000ede00000| PB 0x00000000ede00000| Complete 
| 223|0x00000000edf00000, 0x00000000ee000000, 0x00000000ee000000|100%| E|CS|TAMS 0x00000000edf00000| PB 0x00000000edf00000| Complete 
| 224|0x00000000ee000000, 0x00000000ee100000, 0x00000000ee100000|100%| E|CS|TAMS 0x00000000ee000000| PB 0x00000000ee000000| Complete 
| 225|0x00000000ee100000, 0x00000000ee200000, 0x00000000ee200000|100%| E|CS|TAMS 0x00000000ee100000| PB 0x00000000ee100000| Complete 
| 226|0x00000000ee200000, 0x00000000ee300000, 0x00000000ee300000|100%| E|CS|TAMS 0x00000000ee200000| PB 0x00000000ee200000| Complete 
| 227|0x00000000ee300000, 0x00000000ee400000, 0x00000000ee400000|100%| E|CS|TAMS 0x00000000ee300000| PB 0x00000000ee300000| Complete 
| 228|0x00000000ee400000, 0x00000000ee500000, 0x00000000ee500000|100%| E|CS|TAMS 0x00000000ee400000| PB 0x00000000ee400000| Complete 
| 229|0x00000000ee500000, 0x00000000ee600000, 0x00000000ee600000|100%| E|CS|TAMS 0x00000000ee500000| PB 0x00000000ee500000| Complete 
| 230|0x00000000ee600000, 0x00000000ee700000, 0x00000000ee700000|100%| E|CS|TAMS 0x00000000ee600000| PB 0x00000000ee600000| Complete 
| 231|0x00000000ee700000, 0x00000000ee800000, 0x00000000ee800000|100%| E|CS|TAMS 0x00000000ee700000| PB 0x00000000ee700000| Complete 
| 232|0x00000000ee800000, 0x00000000ee900000, 0x00000000ee900000|100%| E|CS|TAMS 0x00000000ee800000| PB 0x00000000ee800000| Complete 
| 233|0x00000000ee900000, 0x00000000eea00000, 0x00000000eea00000|100%| E|CS|TAMS 0x00000000ee900000| PB 0x00000000ee900000| Complete 
| 234|0x00000000eea00000, 0x00000000eeb00000, 0x00000000eeb00000|100%| E|CS|TAMS 0x00000000eea00000| PB 0x00000000eea00000| Complete 
| 235|0x00000000eeb00000, 0x00000000eec00000, 0x00000000eec00000|100%| E|CS|TAMS 0x00000000eeb00000| PB 0x00000000eeb00000| Complete 
| 236|0x00000000eec00000, 0x00000000eed00000, 0x00000000eed00000|100%| E|CS|TAMS 0x00000000eec00000| PB 0x00000000eec00000| Complete 
| 237|0x00000000eed00000, 0x00000000eee00000, 0x00000000eee00000|100%| E|CS|TAMS 0x00000000eed00000| PB 0x00000000eed00000| Complete 
| 238|0x00000000eee00000, 0x00000000eef00000, 0x00000000eef00000|100%| E|CS|TAMS 0x00000000eee00000| PB 0x00000000eee00000| Complete 
| 239|0x00000000eef00000, 0x00000000ef000000, 0x00000000ef000000|100%| E|CS|TAMS 0x00000000eef00000| PB 0x00000000eef00000| Complete 
| 240|0x00000000ef000000, 0x00000000ef100000, 0x00000000ef100000|100%| E|CS|TAMS 0x00000000ef000000| PB 0x00000000ef000000| Complete 
| 241|0x00000000ef100000, 0x00000000ef200000, 0x00000000ef200000|100%| E|CS|TAMS 0x00000000ef100000| PB 0x00000000ef100000| Complete 
| 242|0x00000000ef200000, 0x00000000ef300000, 0x00000000ef300000|100%| E|CS|TAMS 0x00000000ef200000| PB 0x00000000ef200000| Complete 
| 243|0x00000000ef300000, 0x00000000ef400000, 0x00000000ef400000|100%| E|CS|TAMS 0x00000000ef300000| PB 0x00000000ef300000| Complete 
| 244|0x00000000ef400000, 0x00000000ef500000, 0x00000000ef500000|100%| E|CS|TAMS 0x00000000ef400000| PB 0x00000000ef400000| Complete 
| 245|0x00000000ef500000, 0x00000000ef600000, 0x00000000ef600000|100%| E|CS|TAMS 0x00000000ef500000| PB 0x00000000ef500000| Complete 
| 246|0x00000000ef600000, 0x00000000ef700000, 0x00000000ef700000|100%| E|CS|TAMS 0x00000000ef600000| PB 0x00000000ef600000| Complete 
| 247|0x00000000ef700000, 0x00000000ef800000, 0x00000000ef800000|100%| E|CS|TAMS 0x00000000ef700000| PB 0x00000000ef700000| Complete 
| 248|0x00000000ef800000, 0x00000000ef900000, 0x00000000ef900000|100%| E|CS|TAMS 0x00000000ef800000| PB 0x00000000ef800000| Complete 
| 249|0x00000000ef900000, 0x00000000efa00000, 0x00000000efa00000|100%| E|CS|TAMS 0x00000000ef900000| PB 0x00000000ef900000| Complete 
| 250|0x00000000efa00000, 0x00000000efb00000, 0x00000000efb00000|100%| E|CS|TAMS 0x00000000efa00000| PB 0x00000000efa00000| Complete 
| 251|0x00000000efb00000, 0x00000000efc00000, 0x00000000efc00000|100%| E|CS|TAMS 0x00000000efb00000| PB 0x00000000efb00000| Complete 
| 252|0x00000000efc00000, 0x00000000efd00000, 0x00000000efd00000|100%| E|CS|TAMS 0x00000000efc00000| PB 0x00000000efc00000| Complete 
| 253|0x00000000efd00000, 0x00000000efe00000, 0x00000000efe00000|100%| E|CS|TAMS 0x00000000efd00000| PB 0x00000000efd00000| Complete 
| 254|0x00000000efe00000, 0x00000000eff00000, 0x00000000eff00000|100%| E|CS|TAMS 0x00000000efe00000| PB 0x00000000efe00000| Complete 
| 255|0x00000000eff00000, 0x00000000f0000000, 0x00000000f0000000|100%| E|CS|TAMS 0x00000000eff00000| PB 0x00000000eff00000| Complete 
| 256|0x00000000f0000000, 0x00000000f0100000, 0x00000000f0100000|100%| E|CS|TAMS 0x00000000f0000000| PB 0x00000000f0000000| Complete 
| 257|0x00000000f0100000, 0x00000000f0200000, 0x00000000f0200000|100%| E|CS|TAMS 0x00000000f0100000| PB 0x00000000f0100000| Complete 
| 258|0x00000000f0200000, 0x00000000f0300000, 0x00000000f0300000|100%| E|CS|TAMS 0x00000000f0200000| PB 0x00000000f0200000| Complete 
| 259|0x00000000f0300000, 0x00000000f0400000, 0x00000000f0400000|100%| S|CS|TAMS 0x00000000f0300000| PB 0x00000000f0300000| Complete 
| 260|0x00000000f0400000, 0x00000000f0500000, 0x00000000f0500000|100%| S|CS|TAMS 0x00000000f0400000| PB 0x00000000f0400000| Complete 
| 261|0x00000000f0500000, 0x00000000f0600000, 0x00000000f0600000|100%| S|CS|TAMS 0x00000000f0500000| PB 0x00000000f0500000| Complete 
| 262|0x00000000f0600000, 0x00000000f0700000, 0x00000000f0700000|100%| S|CS|TAMS 0x00000000f0600000| PB 0x00000000f0600000| Complete 
| 263|0x00000000f0700000, 0x00000000f0800000, 0x00000000f0800000|100%| S|CS|TAMS 0x00000000f0700000| PB 0x00000000f0700000| Complete 
| 264|0x00000000f0800000, 0x00000000f0900000, 0x00000000f0900000|100%| S|CS|TAMS 0x00000000f0800000| PB 0x00000000f0800000| Complete 
| 265|0x00000000f0900000, 0x00000000f0a00000, 0x00000000f0a00000|100%| S|CS|TAMS 0x00000000f0900000| PB 0x00000000f0900000| Complete 
| 508|0x00000000ffc00000, 0x00000000ffcfda20, 0x00000000ffd00000| 99%| O|  |TAMS 0x00000000ffc00000| PB 0x00000000ffc00000| Untracked 
| 509|0x00000000ffd00000, 0x00000000ffe00000, 0x00000000ffe00000|100%| O|  |TAMS 0x00000000ffd00000| PB 0x00000000ffd00000| Untracked 
| 510|0x00000000ffe00000, 0x00000000fff00000, 0x00000000fff00000|100%| O|Cm|TAMS 0x00000000ffe00000| PB 0x00000000ffe00000| Complete 
| 511|0x00000000fff00000, 0x0000000100000000, 0x0000000100000000|100%| O|  |TAMS 0x00000000fff00000| PB 0x00000000fff00000| Untracked 

Card table byte_map: [0x0000028599d10000,0x0000028599e10000] _byte_map_base: 0x0000028599610000

Marking Bits: (CMBitMap*) 0x0000028587597080
 Bits: [0x0000028599e10000, 0x000002859a610000)

Polling page: 0x00000285852f0000

Metaspace:

Usage:
  Non-class:     86.89 MB used.
      Class:     13.48 MB used.
       Both:    100.38 MB used.

Virtual space:
  Non-class space:      128.00 MB reserved,      87.88 MB ( 69%) committed,  2 nodes.
      Class space:      320.00 MB reserved,      14.50 MB (  5%) committed,  1 nodes.
             Both:      448.00 MB reserved,     102.38 MB ( 23%) committed. 

Chunk freelists:
   Non-Class:  7.98 MB
       Class:  1.41 MB
        Both:  9.39 MB

MaxMetaspaceSize: 384.00 MB
CompressedClassSpaceSize: 320.00 MB
Initial GC threshold: 21.00 MB
Current GC threshold: 142.75 MB
CDS: off
 - commit_granule_bytes: 65536.
 - commit_granule_words: 8192.
 - virtual_space_node_default_size: 8388608.
 - enlarge_chunks_in_place: 1.
 - use_allocation_guard: 0.


Internal statistics:

num_allocs_failed_limit: 18.
num_arena_births: 3888.
num_arena_deaths: 0.
num_vsnodes_births: 3.
num_vsnodes_deaths: 0.
num_space_committed: 1637.
num_space_uncommitted: 0.
num_chunks_returned_to_freelist: 18.
num_chunks_taken_from_freelist: 8315.
num_chunk_merges: 18.
num_chunk_splits: 5417.
num_chunks_enlarged: 3385.
num_inconsistent_stats: 0.

CodeHeap 'non-profiled nmethods': size=120000Kb used=5414Kb max_used=5414Kb free=114585Kb
 bounds [0x0000028592190000, 0x00000285926e0000, 0x00000285996c0000]
CodeHeap 'profiled nmethods': size=120000Kb used=18713Kb max_used=18713Kb free=101286Kb
 bounds [0x000002858a6c0000, 0x000002858b910000, 0x0000028591bf0000]
CodeHeap 'non-nmethods': size=5760Kb used=2799Kb max_used=2841Kb free=2960Kb
 bounds [0x0000028591bf0000, 0x0000028591ed0000, 0x0000028592190000]
 total_blobs=10715 nmethods=9783 adapters=836
 compilation: enabled
              stopped_count=0, restarted_count=0
 full_count=0

Compilation events (20 events):
Event: 14.923 Thread 0x000002859d4fc500 nmethod 10680 0x00000285926d6510 code [0x00000285926d66a0, 0x00000285926d6738]
Event: 14.932 Thread 0x000002859d4fdb00 10683       3       jdk.internal.org.objectweb.asm.Type::getObjectType (31 bytes)
Event: 14.932 Thread 0x000002859d4fdb00 nmethod 10683 0x000002858b8fcd10 code [0x000002858b8fcf40, 0x000002858b8fd770]
Event: 14.936 Thread 0x000002859d4fdb00 10684       3       java.lang.System$2::defineClass (14 bytes)
Event: 14.936 Thread 0x000002859d4fdb00 nmethod 10684 0x000002858b8fdb10 code [0x000002858b8fdcc0, 0x000002858b8fde18]
Event: 14.936 Thread 0x000002859d4fdb00 10685       3       java.lang.reflect.ProxyGenerator::computeUniqueCatchList (163 bytes)
Event: 14.936 Thread 0x000002859d4fc500 10686       4       java.lang.invoke.BoundMethodHandle$SpeciesData::extendWith (64 bytes)
Event: 14.937 Thread 0x000002859d4fdb00 nmethod 10685 0x000002858b8fdf10 code [0x000002858b8fe260, 0x000002858b8ffa30]
Event: 14.939 Thread 0x000002859d4fc500 nmethod 10686 0x00000285926d6810 code [0x00000285926d6a20, 0x00000285926d6f38]
Event: 14.941 Thread 0x000002859d4fc500 10687       4       java.util.concurrent.locks.ReentrantLock$NonfairSync::tryAcquire (27 bytes)
Event: 14.942 Thread 0x000002859d4fc500 nmethod 10687 0x00000285926d7310 code [0x00000285926d74a0, 0x00000285926d7620]
Event: 14.950 Thread 0x000002859d4fdb00 10688       3       java.util.IdentityHashMap::put (137 bytes)
Event: 14.951 Thread 0x000002859d4fdb00 nmethod 10688 0x000002858b900310 code [0x000002858b900540, 0x000002858b900f80]
Event: 14.951 Thread 0x000002859d4fdb00 10689       3       java.lang.reflect.ProxyGenerator::checkReturnTypes (288 bytes)
Event: 14.951 Thread 0x000002859d4fc500 10690       4       jdk.internal.org.objectweb.asm.Frame::merge (395 bytes)
Event: 14.952 Thread 0x000002859d4fdb00 nmethod 10689 0x000002858b901310 code [0x000002858b901820, 0x000002858b903de8]
Event: 14.953 Thread 0x000002859d4fdb00 10691       3       java.lang.StringConcatHelper::simpleConcat (94 bytes)
Event: 14.953 Thread 0x000002859d4fdb00 nmethod 10691 0x000002858b904a90 code [0x000002858b904de0, 0x000002858b906078]
Event: 14.962 Thread 0x000002859d4fc500 nmethod 10690 0x00000285926d7690 code [0x00000285926d7940, 0x00000285926d8ec0]
Event: 15.753 Thread 0x000002859d4fdb00 10692       3       java.lang.invoke.DirectMethodHandle$Holder::invokeStatic (14 bytes)

GC Heap History (20 events):
Event: 3.416 GC heap before
{Heap before GC invocations=5 (full 0):
 garbage-first heap   total 262144K, used 134320K [0x00000000e0000000, 0x0000000100000000)
  region size 1024K, 108 young (110592K), 9 survivors (9216K)
 Metaspace       used 35294K, committed 36160K, reserved 393216K
  class space    used 4734K, committed 5184K, reserved 327680K
}
Event: 3.424 GC heap after
{Heap after GC invocations=6 (full 0):
 garbage-first heap   total 262144K, used 44179K [0x00000000e0000000, 0x0000000100000000)
  region size 1024K, 18 young (18432K), 18 survivors (18432K)
 Metaspace       used 35294K, committed 36160K, reserved 393216K
  class space    used 4734K, committed 5184K, reserved 327680K
}
Event: 3.461 GC heap before
{Heap before GC invocations=6 (full 0):
 garbage-first heap   total 262144K, used 48275K [0x00000000e0000000, 0x0000000100000000)
  region size 1024K, 23 young (23552K), 18 survivors (18432K)
 Metaspace       used 35589K, committed 36480K, reserved 393216K
  class space    used 4783K, committed 5248K, reserved 327680K
}
Event: 3.467 GC heap after
{Heap after GC invocations=7 (full 0):
 garbage-first heap   total 262144K, used 44788K [0x00000000e0000000, 0x0000000100000000)
  region size 1024K, 11 young (11264K), 11 survivors (11264K)
 Metaspace       used 35589K, committed 36480K, reserved 393216K
  class space    used 4783K, committed 5248K, reserved 327680K
}
Event: 3.497 GC heap before
{Heap before GC invocations=7 (full 0):
 garbage-first heap   total 262144K, used 46836K [0x00000000e0000000, 0x0000000100000000)
  region size 1024K, 14 young (14336K), 11 survivors (11264K)
 Metaspace       used 35927K, committed 36800K, reserved 393216K
  class space    used 4850K, committed 5312K, reserved 327680K
}
Event: 3.500 GC heap after
{Heap after GC invocations=8 (full 0):
 garbage-first heap   total 262144K, used 43901K [0x00000000e0000000, 0x0000000100000000)
  region size 1024K, 10 young (10240K), 10 survivors (10240K)
 Metaspace       used 35927K, committed 36800K, reserved 393216K
  class space    used 4850K, committed 5312K, reserved 327680K
}
Event: 5.210 GC heap before
{Heap before GC invocations=9 (full 0):
 garbage-first heap   total 262144K, used 194429K [0x00000000e0000000, 0x0000000100000000)
  region size 1024K, 153 young (156672K), 10 survivors (10240K)
 Metaspace       used 55029K, committed 56512K, reserved 393216K
  class space    used 7432K, committed 8192K, reserved 327680K
}
Event: 5.220 GC heap after
{Heap after GC invocations=10 (full 0):
 garbage-first heap   total 262144K, used 54263K [0x00000000e0000000, 0x0000000100000000)
  region size 1024K, 20 young (20480K), 20 survivors (20480K)
 Metaspace       used 55029K, committed 56512K, reserved 393216K
  class space    used 7432K, committed 8192K, reserved 327680K
}
Event: 7.060 GC heap before
{Heap before GC invocations=10 (full 0):
 garbage-first heap   total 262144K, used 137207K [0x00000000e0000000, 0x0000000100000000)
  region size 1024K, 87 young (89088K), 20 survivors (20480K)
 Metaspace       used 59800K, committed 61440K, reserved 393216K
  class space    used 8032K, committed 8832K, reserved 327680K
}
Event: 7.070 GC heap after
{Heap after GC invocations=11 (full 0):
 garbage-first heap   total 262144K, used 76862K [0x00000000e0000000, 0x0000000100000000)
  region size 1024K, 20 young (20480K), 20 survivors (20480K)
 Metaspace       used 59800K, committed 61440K, reserved 393216K
  class space    used 8032K, committed 8832K, reserved 327680K
}
Event: 7.124 GC heap before
{Heap before GC invocations=11 (full 0):
 garbage-first heap   total 262144K, used 79934K [0x00000000e0000000, 0x0000000100000000)
  region size 1024K, 24 young (24576K), 20 survivors (20480K)
 Metaspace       used 60177K, committed 61760K, reserved 393216K
  class space    used 8096K, committed 8896K, reserved 327680K
}
Event: 7.131 GC heap after
{Heap after GC invocations=12 (full 0):
 garbage-first heap   total 262144K, used 77955K [0x00000000e0000000, 0x0000000100000000)
  region size 1024K, 11 young (11264K), 11 survivors (11264K)
 Metaspace       used 60177K, committed 61760K, reserved 393216K
  class space    used 8096K, committed 8896K, reserved 327680K
}
Event: 8.371 GC heap before
{Heap before GC invocations=13 (full 0):
 garbage-first heap   total 262144K, used 222339K [0x00000000e0000000, 0x0000000100000000)
  region size 1024K, 153 young (156672K), 11 survivors (11264K)
 Metaspace       used 66880K, committed 68672K, reserved 393216K
  class space    used 9038K, committed 9920K, reserved 327680K
}
Event: 8.378 GC heap after
{Heap after GC invocations=14 (full 0):
 garbage-first heap   total 262144K, used 84459K [0x00000000e0000000, 0x0000000100000000)
  region size 1024K, 17 young (17408K), 17 survivors (17408K)
 Metaspace       used 66880K, committed 68672K, reserved 393216K
  class space    used 9038K, committed 9920K, reserved 327680K
}
Event: 9.812 GC heap before
{Heap before GC invocations=14 (full 0):
 garbage-first heap   total 262144K, used 234987K [0x00000000e0000000, 0x0000000100000000)
  region size 1024K, 153 young (156672K), 17 survivors (17408K)
 Metaspace       used 78070K, committed 80000K, reserved 458752K
  class space    used 10445K, committed 11392K, reserved 327680K
}
Event: 9.824 GC heap after
{Heap after GC invocations=15 (full 0):
 garbage-first heap   total 267264K, used 106425K [0x00000000e0000000, 0x0000000100000000)
  region size 1024K, 20 young (20480K), 20 survivors (20480K)
 Metaspace       used 78070K, committed 80000K, reserved 458752K
  class space    used 10445K, committed 11392K, reserved 327680K
}
Event: 10.910 GC heap before
{Heap before GC invocations=15 (full 0):
 garbage-first heap   total 267264K, used 231353K [0x00000000e0000000, 0x0000000100000000)
  region size 1024K, 143 young (146432K), 20 survivors (20480K)
 Metaspace       used 85421K, committed 87424K, reserved 458752K
  class space    used 11429K, committed 12416K, reserved 327680K
}
Event: 10.920 GC heap after
{Heap after GC invocations=16 (full 0):
 garbage-first heap   total 267264K, used 113121K [0x00000000e0000000, 0x0000000100000000)
  region size 1024K, 10 young (10240K), 10 survivors (10240K)
 Metaspace       used 85421K, committed 87424K, reserved 458752K
  class space    used 11429K, committed 12416K, reserved 327680K
}
Event: 13.522 GC heap before
{Heap before GC invocations=17 (full 0):
 garbage-first heap   total 267264K, used 255457K [0x00000000e0000000, 0x0000000100000000)
  region size 1024K, 130 young (133120K), 10 survivors (10240K)
 Metaspace       used 97239K, committed 99328K, reserved 458752K
  class space    used 13118K, committed 14144K, reserved 327680K
}
Event: 13.530 GC heap after
{Heap after GC invocations=18 (full 0):
 garbage-first heap   total 276480K, used 137206K [0x00000000e0000000, 0x0000000100000000)
  region size 1024K, 17 young (17408K), 17 survivors (17408K)
 Metaspace       used 97239K, committed 99328K, reserved 458752K
  class space    used 13118K, committed 14144K, reserved 327680K
}

Dll operation events (3 events):
Event: 0.010 Loaded shared library C:\Program Files\Android\Android Studio\jbr\bin\java.dll
Event: 0.014 Loaded shared library C:\Program Files\Android\Android Studio\jbr\bin\zip.dll
Event: 0.612 Loaded shared library C:\Program Files\Android\Android Studio\jbr\bin\verify.dll

Deoptimization events (20 events):
Event: 13.426 Thread 0x00000285a3ac0440 DEOPT PACKING pc=0x00000285922950f0 sp=0x000000edb13fb0a0
Event: 13.426 Thread 0x00000285a3ac0440 DEOPT UNPACKING pc=0x0000028591c446a2 sp=0x000000edb13fb010 mode 2
Event: 14.607 Thread 0x00000285a3ac0440 DEOPT PACKING pc=0x000002858b4d0178 sp=0x000000edb13f7d70
Event: 14.607 Thread 0x00000285a3ac0440 DEOPT UNPACKING pc=0x0000028591c44e42 sp=0x000000edb13f7258 mode 0
Event: 14.666 Thread 0x00000285a3ac0440 Uncommon trap: trap_request=0xffffffde fr.pc=0x00000285923a4c8c relative=0x00000000000002ac
Event: 14.666 Thread 0x00000285a3ac0440 Uncommon trap: reason=class_check action=maybe_recompile pc=0x00000285923a4c8c method=java.util.regex.Matcher.search(I)Z @ 121 c2
Event: 14.666 Thread 0x00000285a3ac0440 DEOPT PACKING pc=0x00000285923a4c8c sp=0x000000edb13f9f40
Event: 14.666 Thread 0x00000285a3ac0440 DEOPT UNPACKING pc=0x0000028591c446a2 sp=0x000000edb13f9e68 mode 2
Event: 14.668 Thread 0x00000285a3ac0440 Uncommon trap: trap_request=0xffffffde fr.pc=0x00000285923a4c8c relative=0x00000000000002ac
Event: 14.668 Thread 0x00000285a3ac0440 Uncommon trap: reason=class_check action=maybe_recompile pc=0x00000285923a4c8c method=java.util.regex.Matcher.search(I)Z @ 121 c2
Event: 14.668 Thread 0x00000285a3ac0440 DEOPT PACKING pc=0x00000285923a4c8c sp=0x000000edb13fa1e0
Event: 14.668 Thread 0x00000285a3ac0440 DEOPT UNPACKING pc=0x0000028591c446a2 sp=0x000000edb13fa108 mode 2
Event: 14.668 Thread 0x00000285a3ac0440 Uncommon trap: trap_request=0xffffffde fr.pc=0x00000285923a4c8c relative=0x00000000000002ac
Event: 14.668 Thread 0x00000285a3ac0440 Uncommon trap: reason=class_check action=maybe_recompile pc=0x00000285923a4c8c method=java.util.regex.Matcher.search(I)Z @ 121 c2
Event: 14.668 Thread 0x00000285a3ac0440 DEOPT PACKING pc=0x00000285923a4c8c sp=0x000000edb13f9f20
Event: 14.668 Thread 0x00000285a3ac0440 DEOPT UNPACKING pc=0x0000028591c446a2 sp=0x000000edb13f9e48 mode 2
Event: 14.676 Thread 0x00000285a3ac0440 Uncommon trap: trap_request=0xffffff76 fr.pc=0x00000285926b888c relative=0x00000000000001ec
Event: 14.676 Thread 0x00000285a3ac0440 Uncommon trap: reason=predicate action=maybe_recompile pc=0x00000285926b888c method=java.util.Arrays.fill([Ljava/lang/Object;IILjava/lang/Object;)V @ 13 c2
Event: 14.676 Thread 0x00000285a3ac0440 DEOPT PACKING pc=0x00000285926b888c sp=0x000000edb13f9500
Event: 14.676 Thread 0x00000285a3ac0440 DEOPT UNPACKING pc=0x0000028591c446a2 sp=0x000000edb13f94d0 mode 2

Classes loaded (20 events):
Event: 14.908 Loading class javax/xml/datatype/DatatypeConstants$Field
Event: 14.908 Loading class javax/xml/datatype/DatatypeConstants$Field done
Event: 14.911 Loading class java/awt/image/RenderedImage
Event: 14.911 Loading class java/awt/image/RenderedImage done
Event: 14.912 Loading class java/awt/image/BufferedImage
Event: 14.913 Loading class java/awt/image/WritableRenderedImage
Event: 14.913 Loading class java/awt/image/WritableRenderedImage done
Event: 14.913 Loading class java/awt/image/BufferedImage done
Event: 14.914 Loading class java/awt/Graphics2D
Event: 14.914 Loading class java/awt/Graphics2D done
Event: 14.917 Loading class java/awt/datatransfer/Transferable
Event: 14.917 Loading class java/awt/datatransfer/Transferable done
Event: 14.919 Loading class javax/xml/transform/Result
Event: 14.919 Loading class javax/xml/transform/Result done
Event: 14.919 Loading class javax/xml/datatype/XMLGregorianCalendar
Event: 14.919 Loading class javax/xml/datatype/XMLGregorianCalendar done
Event: 14.922 Loading class javax/xml/namespace/NamespaceContext
Event: 14.922 Loading class javax/xml/namespace/NamespaceContext done
Event: 14.922 Loading class javax/xml/datatype/Duration
Event: 14.922 Loading class javax/xml/datatype/Duration done

Classes unloaded (0 events):
No events

Classes redefined (0 events):
No events

Internal exceptions (20 events):
Event: 13.399 Thread 0x00000285a3ac6e20 Exception <a 'java/lang/NoSuchMethodError'{0x00000000e98cee58}: static Lorg/gradle/internal/build/event/types/DefaultTaskStartedProgressEvent;.<clinit>()V> (0x00000000e98cee58) 
thrown [s\src\hotspot\share\prims\jni.cpp, line 1135]
Event: 13.399 Thread 0x00000285a3ac6e20 Exception <a 'java/lang/NoSuchMethodError'{0x00000000e98d86a0}: static Lorg/gradle/internal/build/event/types/DefaultTaskDescriptor;.<clinit>()V> (0x00000000e98d86a0) 
thrown [s\src\hotspot\share\prims\jni.cpp, line 1135]
Event: 13.407 Thread 0x00000285a3ac6e20 Exception <a 'java/lang/NoSuchMethodError'{0x00000000e9702098}: static Lorg/gradle/internal/build/event/types/DefaultTaskFinishedProgressEvent;.<clinit>()V> (0x00000000e9702098) 
thrown [s\src\hotspot\share\prims\jni.cpp, line 1135]
Event: 13.407 Thread 0x00000285a3ac6e20 Exception <a 'java/lang/NoSuchMethodError'{0x00000000e97143e0}: static Lorg/gradle/internal/build/event/types/DefaultTaskSuccessResult;.<clinit>()V> (0x00000000e97143e0) 
thrown [s\src\hotspot\share\prims\jni.cpp, line 1135]
Event: 13.408 Thread 0x00000285a3ac6e20 Exception <a 'java/lang/NoSuchMethodError'{0x00000000e9715698}: static Lorg/gradle/internal/build/event/types/AbstractTaskResult;.<clinit>()V> (0x00000000e9715698) 
thrown [s\src\hotspot\share\prims\jni.cpp, line 1135]
Event: 13.425 Thread 0x00000285a74b0000 Implicit null exception at 0x0000028592460987 to 0x0000028592460a4c
Event: 13.463 Thread 0x00000285a74b0000 Exception <a 'java/lang/NoSuchMethodError'{0x00000000e91542a0}: 'void java.lang.invoke.DirectMethodHandle$Holder.invokeStaticInit(java.lang.Object)'> (0x00000000e91542a0) 
thrown [s\src\hotspot\share\interpreter\linkResolver.cpp, line 784]
Event: 13.463 Thread 0x00000285a74b0000 Exception <a 'java/lang/NoSuchMethodError'{0x00000000e9165ce8}: 'void java.lang.invoke.DirectMethodHandle$Holder.invokeStatic(java.lang.Object, int)'> (0x00000000e9165ce8) 
thrown [s\src\hotspot\share\interpreter\linkResolver.cpp, line 784]
Event: 13.464 Thread 0x00000285a74b0000 Exception <a 'java/lang/NoSuchMethodError'{0x00000000e9169118}: 'void java.lang.invoke.DirectMethodHandle$Holder.invokeStaticInit(java.lang.Object, int)'> (0x00000000e9169118) 
thrown [s\src\hotspot\share\interpreter\linkResolver.cpp, line 784]
Event: 13.520 Thread 0x00000285a74b0000 Exception <a 'java/lang/NoSuchMethodError'{0x00000000e8bda8e0}: static Lcom/intellij/gradle/toolingExtension/impl/javaModel/manifestModel/DefaultJavaGradleManifestModel;.<clinit>()V> (0x00000000e8bda8e0) 
thrown [s\src\hotspot\share\prims\jni.cpp, line 1135]
Event: 13.521 Thread 0x00000285a74b0000 Exception <a 'java/lang/NoSuchMethodError'{0x00000000e8be9f00}: static Lorg/jetbrains/kotlin/android/synthetic/idea/AndroidExtensionsGradleModelImpl;.<clinit>()V> (0x00000000e8be9f00) 
thrown [s\src\hotspot\share\prims\jni.cpp, line 1135]
Event: 13.521 Thread 0x00000285a74b0000 Exception <a 'java/lang/NoSuchMethodError'{0x00000000e8bf2a20}: static Lorg/jetbrains/kotlin/idea/gradleTooling/model/parcelize/ParcelizeGradleModelImpl;.<clinit>()V> (0x00000000e8bf2a20) 
thrown [s\src\hotspot\share\prims\jni.cpp, line 1135]
Event: 13.521 Thread 0x00000285a74b0000 Exception <a 'java/lang/NoSuchMethodError'{0x00000000e8bfaa88}: static Lorg/jetbrains/kotlin/idea/gradleTooling/model/assignment/AssignmentModelImpl;.<clinit>()V> (0x00000000e8bfaa88) 
thrown [s\src\hotspot\share\prims\jni.cpp, line 1135]
Event: 13.531 Thread 0x00000285a74b0000 Exception <a 'java/lang/NoSuchMethodError'{0x00000000f020a6e0}: static Lorg/jetbrains/kotlin/idea/gradleTooling/model/samWithReceiver/SamWithReceiverModelImpl;.<clinit>()V> (0x00000000f020a6e0) 
thrown [s\src\hotspot\share\prims\jni.cpp, line 1135]
Event: 13.531 Thread 0x00000285a74b0000 Exception <a 'java/lang/NoSuchMethodError'{0x00000000f0213430}: static Lorg/jetbrains/kotlin/idea/gradleTooling/model/noarg/NoArgModelImpl;.<clinit>()V> (0x00000000f0213430) 
thrown [s\src\hotspot\share\prims\jni.cpp, line 1135]
Event: 13.532 Thread 0x00000285a74b0000 Exception <a 'java/lang/NoSuchMethodError'{0x00000000f021bf80}: static Lorg/jetbrains/kotlin/idea/gradleTooling/model/allopen/AllOpenModelImpl;.<clinit>()V> (0x00000000f021bf80) 
thrown [s\src\hotspot\share\prims\jni.cpp, line 1135]
Event: 13.535 Thread 0x00000285a74b0000 Exception <a 'java/lang/NoSuchMethodError'{0x00000000f02e23d0}: static Lorg/jetbrains/plugins/gradle/tooling/internal/VersionCatalogsModelImpl;.<clinit>()V> (0x00000000f02e23d0) 
thrown [s\src\hotspot\share\prims\jni.cpp, line 1135]
Event: 13.540 Thread 0x00000285a74b0000 Exception <a 'java/lang/NoSuchMethodError'{0x00000000f01939f0}: static Lorg/jetbrains/plugins/gradle/tooling/serialization/internal/adapter/kotlin/dsl/InternalKotlinDslScriptsModel;.<clinit>()V> (0x00000000f01939f0) 
thrown [s\src\hotspot\share\prims\jni.cpp, line 1135]
Event: 13.548 Thread 0x00000285a3ac0440 Exception <a 'java/lang/NoSuchMethodError'{0x00000000f0160830}: 'java.lang.Object java.lang.invoke.DirectMethodHandle$Holder.invokeStatic(java.lang.Object, int, java.lang.Object)'> (0x00000000f0160830) 
thrown [s\src\hotspot\share\interpreter\linkResolver.cpp, line 784]
Event: 14.901 Thread 0x00000285a3ac0440 Exception <a 'java/lang/NullPointerException'{0x00000000ee115ae0}> (0x00000000ee115ae0) 
thrown [s\src\hotspot\share\interpreter\linkResolver.cpp, line 1471]

ZGC Phase Switch (0 events):
No events

VM Operations (20 events):
Event: 12.014 Executing VM operation: HandshakeAllThreads (Deoptimize) done
Event: 12.014 Executing VM operation: HandshakeAllThreads (Deoptimize)
Event: 12.015 Executing VM operation: HandshakeAllThreads (Deoptimize) done
Event: 12.908 Executing VM operation: ICBufferFull
Event: 12.908 Executing VM operation: ICBufferFull done
Event: 13.295 Executing VM operation: ICBufferFull
Event: 13.295 Executing VM operation: ICBufferFull done
Event: 13.397 Executing VM operation: HandshakeAllThreads (Deoptimize)
Event: 13.397 Executing VM operation: HandshakeAllThreads (Deoptimize) done
Event: 13.397 Executing VM operation: HandshakeAllThreads (Deoptimize)
Event: 13.398 Executing VM operation: HandshakeAllThreads (Deoptimize) done
Event: 13.405 Executing VM operation: HandshakeAllThreads (Deoptimize)
Event: 13.405 Executing VM operation: HandshakeAllThreads (Deoptimize) done
Event: 13.521 Executing VM operation: G1CollectForAllocation (G1 Evacuation Pause)
Event: 13.530 Executing VM operation: G1CollectForAllocation (G1 Evacuation Pause) done
Event: 14.538 Executing VM operation: Cleanup
Event: 14.586 Executing VM operation: Cleanup done
Event: 14.868 Executing VM operation: HandshakeAllThreads (Deoptimize)
Event: 14.869 Executing VM operation: HandshakeAllThreads (Deoptimize) done
Event: 15.880 Executing VM operation: Cleanup

Memory protections (0 events):
No events

Nmethod flushes (20 events):
Event: 10.947 Thread 0x000002859d41c240 flushing  nmethod 0x000002858aa00690
Event: 10.947 Thread 0x000002859d41c240 flushing  nmethod 0x000002858aa3bf10
Event: 10.947 Thread 0x000002859d41c240 flushing  nmethod 0x000002858aa3ec90
Event: 10.947 Thread 0x000002859d41c240 flushing  nmethod 0x000002858aa40890
Event: 10.947 Thread 0x000002859d41c240 flushing  nmethod 0x000002858aa42210
Event: 10.947 Thread 0x000002859d41c240 flushing  nmethod 0x000002858aa76f90
Event: 10.947 Thread 0x000002859d41c240 flushing osr nmethod 0x000002858ab2f290
Event: 10.947 Thread 0x000002859d41c240 flushing  nmethod 0x000002858ab87690
Event: 10.947 Thread 0x000002859d41c240 flushing  nmethod 0x000002858ab88410
Event: 10.947 Thread 0x000002859d41c240 flushing  nmethod 0x000002858ac26790
Event: 10.947 Thread 0x000002859d41c240 flushing  nmethod 0x000002858ac27990
Event: 10.947 Thread 0x000002859d41c240 flushing  nmethod 0x000002858ac75010
Event: 10.947 Thread 0x000002859d41c240 flushing  nmethod 0x000002858acdf590
Event: 10.947 Thread 0x000002859d41c240 flushing  nmethod 0x000002858ace0690
Event: 10.947 Thread 0x000002859d41c240 flushing  nmethod 0x000002858ace0c90
Event: 10.947 Thread 0x000002859d41c240 flushing  nmethod 0x000002858ad6bd10
Event: 10.947 Thread 0x000002859d41c240 flushing  nmethod 0x000002858ad6e190
Event: 10.947 Thread 0x000002859d41c240 flushing  nmethod 0x000002858af24c10
Event: 10.947 Thread 0x000002859d41c240 flushing  nmethod 0x000002858af93090
Event: 10.947 Thread 0x000002859d41c240 flushing  nmethod 0x000002858b03e610

Events (20 events):
Event: 12.947 Thread 0x00000285aca758a0 Thread exited: 0x00000285aca758a0
Event: 13.211 Thread 0x00000285aca751d0 Thread exited: 0x00000285aca751d0
Event: 13.239 Thread 0x00000285a3ac0440 Thread added: 0x00000285a61fecb0
Event: 13.252 Thread 0x00000285a61fecb0 Thread exited: 0x00000285a61fecb0
Event: 13.312 Thread 0x000002859d4fdb00 Thread added: 0x00000285aca76640
Event: 13.334 Thread 0x00000285a3ac0440 Thread added: 0x00000285a61fecb0
Event: 13.340 Thread 0x00000285a61fecb0 Thread added: 0x00000285a61fdf90
Event: 13.340 Thread 0x00000285a61fecb0 Thread added: 0x00000285a74aa420
Event: 13.340 Thread 0x00000285a61fecb0 Thread added: 0x00000285a74ac4f0
Event: 13.340 Thread 0x00000285a61fecb0 Thread added: 0x00000285a74a9700
Event: 13.340 Thread 0x00000285a61fecb0 Thread added: 0x00000285a74aaab0
Event: 13.340 Thread 0x00000285a61fecb0 Thread added: 0x00000285a74ab140
Event: 13.341 Thread 0x00000285a61fecb0 Thread added: 0x00000285a74ab7d0
Event: 13.341 Thread 0x00000285a61fecb0 Thread added: 0x00000285a74a9d90
Event: 13.341 Thread 0x00000285a61fecb0 Thread added: 0x00000285a74abe60
Event: 13.341 Thread 0x00000285a61fecb0 Thread added: 0x00000285a74a9070
Event: 13.341 Thread 0x00000285a61fecb0 Thread added: 0x00000285a74af970
Event: 13.361 Thread 0x00000285a61fecb0 Thread added: 0x00000285a74ae5c0
Event: 13.425 Thread 0x00000285a3ac0440 Thread added: 0x00000285a74b0000
Event: 14.586 Thread 0x00000285aca76640 Thread exited: 0x00000285aca76640


Dynamic libraries:
0x00007ff716e90000 - 0x00007ff716e9a000 	C:\Program Files\Android\Android Studio\jbr\bin\java.exe
0x00007ffe2bbc0000 - 0x00007ffe2be27000 	C:\WINDOWS\SYSTEM32\ntdll.dll
0x00007ffe2a960000 - 0x00007ffe2aa29000 	C:\WINDOWS\System32\KERNEL32.DLL
0x00007ffe294b0000 - 0x00007ffe298a1000 	C:\WINDOWS\System32\KERNELBASE.dll
0x00007ffe291e0000 - 0x00007ffe2932b000 	C:\WINDOWS\System32\ucrtbase.dll
0x00007ffe21c10000 - 0x00007ffe21c2b000 	C:\Program Files\Android\Android Studio\jbr\bin\VCRUNTIME140.dll
0x00007ffe0db60000 - 0x00007ffe0db78000 	C:\Program Files\Android\Android Studio\jbr\bin\jli.dll
0x00007ffe2b450000 - 0x00007ffe2b615000 	C:\WINDOWS\System32\USER32.dll
0x00007ffe10290000 - 0x00007ffe10523000 	C:\WINDOWS\WinSxS\amd64_microsoft.windows.common-controls_6595b64144ccf1df_6.0.26100.8037_none_3e092faae333b53b\COMCTL32.dll
0x00007ffe284a0000 - 0x00007ffe284c7000 	C:\WINDOWS\System32\win32u.dll
0x00007ffe29a40000 - 0x00007ffe29ae9000 	C:\WINDOWS\System32\msvcrt.dll
0x00007ffe2aaf0000 - 0x00007ffe2ab1b000 	C:\WINDOWS\System32\GDI32.dll
0x00007ffe28e00000 - 0x00007ffe28f2b000 	C:\WINDOWS\System32\gdi32full.dll
0x00007ffe298b0000 - 0x00007ffe29953000 	C:\WINDOWS\System32\msvcp_win.dll
0x00007ffe29fc0000 - 0x00007ffe29ff1000 	C:\WINDOWS\System32\IMM32.DLL
0x00007ffe21640000 - 0x00007ffe2164c000 	C:\Program Files\Android\Android Studio\jbr\bin\vcruntime140_1.dll
0x00007ffdc8930000 - 0x00007ffdc89bd000 	C:\Program Files\Android\Android Studio\jbr\bin\msvcp140.dll
0x00007ffd54450000 - 0x00007ffd550da000 	C:\Program Files\Android\Android Studio\jbr\bin\server\jvm.dll
0x00007ffe2aa30000 - 0x00007ffe2aaeb000 	C:\WINDOWS\System32\ADVAPI32.dll
0x00007ffe2b800000 - 0x00007ffe2b8a7000 	C:\WINDOWS\System32\sechost.dll
0x00007ffe2b9f0000 - 0x00007ffe2bb08000 	C:\WINDOWS\System32\RPCRT4.dll
0x00007ffe29bb0000 - 0x00007ffe29c24000 	C:\WINDOWS\System32\WS2_32.dll
0x00007ffe28300000 - 0x00007ffe2835e000 	C:\WINDOWS\SYSTEM32\POWRPROF.dll
0x00007ffe211e0000 - 0x00007ffe21215000 	C:\WINDOWS\SYSTEM32\WINMM.dll
0x00007ffe21220000 - 0x00007ffe2122b000 	C:\WINDOWS\SYSTEM32\VERSION.dll
0x00007ffe282e0000 - 0x00007ffe282f4000 	C:\WINDOWS\SYSTEM32\UMPDC.dll
0x00007ffe27230000 - 0x00007ffe2724b000 	C:\WINDOWS\SYSTEM32\kernel.appcore.dll
0x00007ffe21630000 - 0x00007ffe2163a000 	C:\Program Files\Android\Android Studio\jbr\bin\jimage.dll
0x00007ffe1ba30000 - 0x00007ffe1bc72000 	C:\WINDOWS\SYSTEM32\DBGHELP.DLL
0x00007ffe29c30000 - 0x00007ffe29fb2000 	C:\WINDOWS\System32\combase.dll
0x00007ffe2a020000 - 0x00007ffe2a0f7000 	C:\WINDOWS\System32\OLEAUT32.dll
0x00007ffe08170000 - 0x00007ffe081ab000 	C:\WINDOWS\SYSTEM32\dbgcore.DLL
0x00007ffe29130000 - 0x00007ffe291d5000 	C:\WINDOWS\System32\bcryptPrimitives.dll
0x00007ffe17f70000 - 0x00007ffe17f7e000 	C:\Program Files\Android\Android Studio\jbr\bin\instrument.dll
0x00007ffe21610000 - 0x00007ffe21630000 	C:\Program Files\Android\Android Studio\jbr\bin\java.dll
0x00007ffe1a7b0000 - 0x00007ffe1a7c8000 	C:\Program Files\Android\Android Studio\jbr\bin\zip.dll
0x00007ffe2ab80000 - 0x00007ffe2b2df000 	C:\WINDOWS\System32\SHELL32.dll
0x00007ffe28fc0000 - 0x00007ffe2912a000 	C:\WINDOWS\System32\wintypes.dll
0x00007ffe28590000 - 0x00007ffe28df4000 	C:\WINDOWS\System32\windows.storage.dll
0x00007ffe2a340000 - 0x00007ffe2a437000 	C:\WINDOWS\System32\SHCORE.dll
0x00007ffe2bb10000 - 0x00007ffe2bb77000 	C:\WINDOWS\System32\shlwapi.dll
0x00007ffe283c0000 - 0x00007ffe283e9000 	C:\WINDOWS\SYSTEM32\profapi.dll
0x00007ffe21600000 - 0x00007ffe21610000 	C:\Program Files\Android\Android Studio\jbr\bin\net.dll
0x00007ffe1eae0000 - 0x00007ffe1ec07000 	C:\WINDOWS\SYSTEM32\WINHTTP.dll
0x00007ffe277a0000 - 0x00007ffe2780b000 	C:\WINDOWS\system32\mswsock.dll
0x00007ffe1a790000 - 0x00007ffe1a7a6000 	C:\Program Files\Android\Android Studio\jbr\bin\nio.dll
0x00007ffe1a850000 - 0x00007ffe1a860000 	C:\Program Files\Android\Android Studio\jbr\bin\verify.dll
0x00007ffdcda10000 - 0x00007ffdcda37000 	C:\Users\nihar\.gradle\native\c067742578af261105cb4f569cf0c3c89f3d7b1fecec35dd04571415982c5e48\windows-amd64\native-platform.dll
0x00007ffd72c20000 - 0x00007ffd72d64000 	C:\Users\nihar\.gradle\native\100fb08df4bc3b14c8652ba06237920a3bd2aa13389f12d3474272988ae205f9\windows-amd64\native-platform-file-events.dll
0x00007ffe0dff0000 - 0x00007ffe0dff9000 	C:\Program Files\Android\Android Studio\jbr\bin\management.dll
0x00007ffe0dfe0000 - 0x00007ffe0dfeb000 	C:\Program Files\Android\Android Studio\jbr\bin\management_ext.dll
0x00007ffe2b8b0000 - 0x00007ffe2b8b8000 	C:\WINDOWS\System32\PSAPI.DLL
0x00007ffe27a80000 - 0x00007ffe27a9b000 	C:\WINDOWS\SYSTEM32\CRYPTSP.dll
0x00007ffe27190000 - 0x00007ffe271c9000 	C:\WINDOWS\system32\rsaenh.dll
0x00007ffe27850000 - 0x00007ffe27882000 	C:\WINDOWS\SYSTEM32\USERENV.dll
0x00007ffe28390000 - 0x00007ffe283ba000 	C:\WINDOWS\SYSTEM32\bcrypt.dll
0x00007ffe27aa0000 - 0x00007ffe27aac000 	C:\WINDOWS\SYSTEM32\CRYPTBASE.dll
0x00007ffe26c50000 - 0x00007ffe26c83000 	C:\WINDOWS\SYSTEM32\IPHLPAPI.DLL
0x00007ffe2a180000 - 0x00007ffe2a18a000 	C:\WINDOWS\System32\NSI.dll
0x00007ffe0e000000 - 0x00007ffe0e009000 	C:\Program Files\Android\Android Studio\jbr\bin\extnet.dll
0x00007ffdf71d0000 - 0x00007ffdf71d8000 	C:\WINDOWS\system32\wshunix.dll

dbghelp: loaded successfully - version: 4.0.5 - missing functions: none
symbol engine: initialized successfully - sym options: 0x614 - pdb path: .;C:\Program Files\Android\Android Studio\jbr\bin;C:\WINDOWS\SYSTEM32;C:\WINDOWS\WinSxS\amd64_microsoft.windows.common-controls_6595b64144ccf1df_6.0.26100.8037_none_3e092faae333b53b;C:\Program Files\Android\Android Studio\jbr\bin\server;C:\Users\nihar\.gradle\native\c067742578af261105cb4f569cf0c3c89f3d7b1fecec35dd04571415982c5e48\windows-amd64;C:\Users\nihar\.gradle\native\100fb08df4bc3b14c8652ba06237920a3bd2aa13389f12d3474272988ae205f9\windows-amd64

VM Arguments:
jvm_args: --add-opens=java.base/java.util=ALL-UNNAMED --add-opens=java.base/java.lang=ALL-UNNAMED --add-opens=java.base/java.lang.invoke=ALL-UNNAMED --add-opens=java.prefs/java.util.prefs=ALL-UNNAMED --add-exports=jdk.compiler/com.sun.tools.javac.api=ALL-UNNAMED --add-exports=jdk.compiler/com.sun.tools.javac.util=ALL-UNNAMED --add-opens=java.base/java.nio.charset=ALL-UNNAMED --add-opens=java.base/java.net=ALL-UNNAMED --add-opens=java.base/java.util.concurrent.atomic=ALL-UNNAMED -XX:MaxMetaspaceSize=384m -XX:+HeapDumpOnOutOfMemoryError -Xms256m -Xmx512m -Dfile.encoding=UTF-8 -Duser.country=IN -Duser.language=en -Duser.variant -javaagent:C:\Users\nihar\.gradle\wrapper\dists\gradle-8.10-bin\deqhafrv1ntovfmgh0nh3npr9\gradle-8.10\lib\agents\gradle-instrumentation-agent-8.10.jar 
java_command: org.gradle.launcher.daemon.bootstrap.GradleDaemon 8.10
java_class_path (initial): C:\Users\nihar\.gradle\wrapper\dists\gradle-8.10-bin\deqhafrv1ntovfmgh0nh3npr9\gradle-8.10\lib\gradle-daemon-main-8.10.jar
Launcher Type: SUN_STANDARD

[Global flags]
     intx CICompilerCount                          = 4                                         {product} {ergonomic}
   size_t CompressedClassSpaceSize                 = 335544320                                 {product} {ergonomic}
     uint ConcGCThreads                            = 3                                         {product} {ergonomic}
     uint G1ConcRefinementThreads                  = 10                                        {product} {ergonomic}
   size_t G1HeapRegionSize                         = 1048576                                   {product} {ergonomic}
    uintx GCDrainStackTargetSize                   = 64                                        {product} {ergonomic}
     bool HeapDumpOnOutOfMemoryError               = true                                   {manageable} {command line}
   size_t InitialHeapSize                          = 268435456                                 {product} {command line}
   size_t MarkStackSize                            = 4194304                                   {product} {ergonomic}
   size_t MaxHeapSize                              = 536870912                                 {product} {command line}
   size_t MaxMetaspaceSize                         = 402653184                                 {product} {command line}
   size_t MaxNewSize                               = 321912832                                 {product} {ergonomic}
   size_t MinHeapDeltaBytes                        = 1048576                                   {product} {ergonomic}
   size_t MinHeapSize                              = 268435456                                 {product} {command line}
    uintx NonNMethodCodeHeapSize                   = 5839372                                {pd product} {ergonomic}
    uintx NonProfiledCodeHeapSize                  = 122909434                              {pd product} {ergonomic}
    uintx ProfiledCodeHeapSize                     = 122909434                              {pd product} {ergonomic}
    uintx ReservedCodeCacheSize                    = 251658240                              {pd product} {ergonomic}
     bool SegmentedCodeCache                       = true                                      {product} {ergonomic}
   size_t SoftMaxHeapSize                          = 536870912                              {manageable} {ergonomic}
     bool UseCompressedOops                        = true                           {product lp64_product} {ergonomic}
     bool UseG1GC                                  = true                                      {product} {ergonomic}
     bool UseLargePagesIndividualAllocation        = false                                  {pd product} {ergonomic}

Logging:
Log output configuration:
 #0: stdout all=warning uptime,level,tags foldmultilines=false
 #1: stderr all=off uptime,level,tags foldmultilines=false

Environment Variables:
PATH=C:\Python313\Scripts\;C:\Python313\;C:\Program Files\Eclipse Adoptium\jdk-21.0.6.7-hotspot\bin;C:\Program Files\Common Files\Oracle\Java\javapath;C:\WINDOWS\system32;C:\WINDOWS;C:\WINDOWS\System32\Wbem;C:\WINDOWS\System32\WindowsPowerShell\v1.0\;C:\WINDOWS\System32\OpenSSH\;C:\Program Files\nodejs\;C:\ProgramData\chocolatey\bin;C:\Program Files\nodejs\;C:\Program Files\Java\jdk-24\bin;C:\Program Files\MySQL\MySQL Server 8.0\bin;C:\MinGW\bin;C:\Program Files\Git\cmd;C:\flutter\bin;c:\Users\nihar\AppData\Local\Programs\Trae\bin;C:\Program Files\MySQL\MySQL Shell 8.0\bin\;C:\Users\nihar\AppData\Local\Programs\Python\Launcher\;C:\Users\nihar\AppData\Local\Microsoft\WindowsApps;C:\Users\nihar\AppData\Local\Programs\cursor\resources\app\bin;C:\Users\nihar\AppData\Roaming\npm;C:\Users\nihar\AppData\Local\Programs\Microsoft VS Code\bin;C:\flutter\bin;C:\Users\nihar\AppData\Local\Programs\Antigravity\bin
USERNAME=nihar
OS=Windows_NT
PROCESSOR_IDENTIFIER=AMD64 Family 25 Model 80 Stepping 0, AuthenticAMD
TMP=C:\Users\nihar\AppData\Local\Temp
TEMP=C:\Users\nihar\AppData\Local\Temp




Periodic native trim disabled

JNI global refs:
JNI global refs: 27, weak refs: 0

JNI global refs memory usage: 835, weak refs: 833

Process memory usage:
Resident Set Size: 468212K (6% of 7698784K total physical memory with 1043916K free physical memory)

OOME stack traces (most recent first):
Classloader memory used:
Loader org.gradle.internal.classloader.VisitableURLClassLoader                         : 34515K
Loader bootstrap                                                                       : 26079K
Loader org.gradle.internal.classloader.VisitableURLClassLoader$InstrumentingVisitableURLClassLoader: 24271K
Loader org.gradle.initialization.MixInLegacyTypesClassLoader                           : 12179K
Loader org.gradle.internal.classloader.VisitableURLClassLoader                         : 4291K
Loader jdk.internal.loader.ClassLoaders$PlatformClassLoader                            : 523K
Loader jdk.internal.reflect.DelegatingClassLoader                                      : 377K
Loader org.gradle.groovy.scripts.internal.DefaultScriptCompilationHandler$ScriptClassLoader: 248K
Loader jdk.internal.loader.ClassLoaders$AppClassLoader                                 : 234K
Loader org.codehaus.groovy.runtime.callsite.CallSiteClassLoader                        : 63992B

Classes loaded by more than one classloader:
Class com.google.common.collect.RegularImmutableSet                                   : loaded 3 times (x 144B)
Class com.google.common.collect.ImmutableList$SubList                                 : loaded 3 times (x 204B)
Class com.google.common.collect.ImmutableSet$SetBuilderImpl                           : loaded 3 times (x 72B)
Class com.google.common.collect.ImmutableList                                         : loaded 3 times (x 202B)
Class com.google.common.base.Joiner$2                                                 : loaded 3 times (x 75B)
Class com.google.common.collect.PeekingIterator                                       : loaded 3 times (x 66B)
Class com.google.common.base.Joiner$1                                                 : loaded 3 times (x 76B)
Class com.google.common.base.Preconditions                                            : loaded 3 times (x 67B)
Class com.google.common.collect.ImmutableSet$RegularSetBuilderImpl                    : loaded 3 times (x 73B)
Class org.gradle.internal.IoActions                                                   : loaded 3 times (x 67B)
Class org.gradle.api.GradleException                                                  : loaded 3 times (x 78B)
Class com.google.common.base.Predicate                                                : loaded 3 times (x 66B)
Class org.gradle.internal.Cast                                                        : loaded 3 times (x 67B)
Class org.gradle.api.Action                                                           : loaded 3 times (x 66B)
Class com.google.common.collect.ImmutableSet                                          : loaded 3 times (x 141B)
Class com.google.common.collect.RegularImmutableList                                  : loaded 3 times (x 208B)
Class com.google.common.collect.ImmutableList$1                                       : loaded 3 times (x 93B)
Class com.google.common.base.Function                                                 : loaded 3 times (x 66B)
Class com.google.common.collect.Iterators$MergingIterator                             : loaded 3 times (x 77B)
Class com.google.common.collect.ImmutableAsList                                       : loaded 3 times (x 205B)
Class com.google.common.collect.Iterators$9                                           : loaded 3 times (x 77B)
Class com.google.common.collect.Lists                                                 : loaded 3 times (x 67B)
Class com.google.common.collect.ImmutableSet$CachingAsList                            : loaded 3 times (x 143B)
Class com.google.common.collect.ImmutableCollection                                   : loaded 3 times (x 121B)
Class com.google.common.collect.Iterators$5                                           : loaded 3 times (x 78B)
Class com.google.common.collect.Iterators$4                                           : loaded 3 times (x 78B)
Class com.google.common.collect.SingletonImmutableSet                                 : loaded 3 times (x 142B)
Class com.google.common.collect.Iterators$1                                           : loaded 3 times (x 77B)
Class com.google.common.collect.ImmutableList$ReverseImmutableList                    : loaded 3 times (x 204B)
Class com.google.common.collect.UnmodifiableListIterator                              : loaded 3 times (x 91B)
Class org.gradle.api.UncheckedIOException                                             : loaded 3 times (x 78B)
Class com.google.common.collect.SingletonImmutableList                                : loaded 3 times (x 203B)
Class com.google.common.collect.AbstractIndexedListIterator                           : loaded 3 times (x 92B)
Class com.google.common.collect.AbstractIterator                                      : loaded 3 times (x 78B)
Class com.google.common.collect.Lists$StringAsImmutableList                           : loaded 3 times (x 203B)
Class com.google.common.collect.Iterators                                             : loaded 3 times (x 67B)
Class com.google.common.collect.RegularImmutableAsList                                : loaded 3 times (x 212B)
Class com.google.common.collect.ImmutableList$Builder                                 : loaded 3 times (x 73B)
Class com.google.common.collect.UnmodifiableIterator                                  : loaded 3 times (x 76B)
Class com.google.common.base.Joiner                                                   : loaded 3 times (x 75B)
Class com.google.common.collect.ImmutableCollection$Builder                           : loaded 3 times (x 72B)
Class com.google.common.collect.Iterators$ArrayItr                                    : loaded 3 times (x 93B)
Class com.google.common.collect.ReverseNaturalOrdering                                : loaded 2 times (x 110B)
Class kotlin.sequences.SequencesKt___SequencesKt                                      : loaded 2 times (x 67B)
Class kotlin.collections.AbstractList$Companion                                       : loaded 2 times (x 67B)
Class org.gradle.internal.classloader.ClassLoaderVisitor                              : loaded 2 times (x 72B)
Class [Lcom.google.common.collect.ImmutableMapEntry;                                  : loaded 2 times (x 65B)
Class org.jetbrains.plugins.gradle.tooling.serialization.internal.IdeaProjectSerializationService: loaded 2 times (x 73B)
Class com.google.common.collect.Ordering                                              : loaded 2 times (x 110B)
Class kotlin.sequences.SequencesKt___SequencesKt$flatMap$2                            : loaded 2 times (x 121B)
Class org.gradle.api.internal.classpath.EffectiveClassPath                            : loaded 2 times (x 86B)
Class com.android.builder.model.v2.models.AndroidDsl                                  : loaded 2 times (x 66B)
Class com.google.common.collect.ImmutableEnumMap                                      : loaded 2 times (x 121B)
Class com.google.common.collect.ListMultimap                                          : loaded 2 times (x 66B)
Class com.google.common.collect.ImmutableRangeSet                                     : loaded 2 times (x 111B)
Class org.gradle.tooling.internal.gradle.DefaultProjectIdentifier                     : loaded 2 times (x 82B)
Class com.google.common.collect.Sets$1                                                : loaded 2 times (x 135B)
Class org.objectweb.asm.AnnotationVisitor                                             : loaded 2 times (x 73B)
Class com.google.common.base.Splitter                                                 : loaded 2 times (x 68B)
Class com.intellij.gradle.toolingExtension.impl.model.buildScriptClasspathModel.GradleBuildScriptClasspathSerializationService$ReadContext: loaded 2 times (x 68B)
Class org.gradle.internal.impldep.gnu.trove.TObjectIntHashMap                         : loaded 2 times (x 105B)
Class org.jetbrains.kotlin.idea.gradleTooling.model.allopen.AllOpenModel              : loaded 2 times (x 66B)
Class com.google.common.collect.ComparatorOrdering                                    : loaded 2 times (x 111B)
Class org.gradle.api.internal.DefaultClassPathProvider                                : loaded 2 times (x 72B)
Class com.android.builder.model.v2.models.BasicAndroidProject                         : loaded 2 times (x 66B)
Class com.android.builder.model.AndroidProject                                        : loaded 2 times (x 66B)
Class com.google.common.collect.Sets$2                                                : loaded 2 times (x 135B)
Class com.google.common.collect.NaturalOrdering                                       : loaded 2 times (x 111B)
Class kotlin.sequences.SequenceScope                                                  : loaded 2 times (x 69B)
Class kotlin.sequences.Sequence                                                       : loaded 2 times (x 66B)
Class [Lorg.gradle.api.internal.ClassPathProvider;                                    : loaded 2 times (x 65B)
Class org.gradle.api.internal.ClassPathProvider                                       : loaded 2 times (x 66B)
Class [Lorg.objectweb.asm.AnnotationVisitor;                                          : loaded 2 times (x 65B)
Class com.google.common.collect.Sets$3                                                : loaded 2 times (x 135B)
Class com.google.common.util.concurrent.AbstractFuture$SafeAtomicHelper               : loaded 2 times (x 75B)
Class com.google.common.cache.LocalCache$LocalLoadingCache                            : loaded 2 times (x 130B)
Class com.google.common.base.AbstractIterator$State                                   : loaded 2 times (x 75B)
Class org.gradle.internal.impldep.gnu.trove.TObjectHash$NULL                          : loaded 2 times (x 67B)
Class kotlin.collections.CollectionsKt___CollectionsKt$asSequence$$inlined$Sequence$1 : loaded 2 times (x 71B)
Class org.gradle.internal.service.UnknownServiceException                             : loaded 2 times (x 79B)
Class com.google.common.collect.Sets$4                                                : loaded 2 times (x 135B)
Class org.objectweb.asm.ModuleVisitor                                                 : loaded 2 times (x 76B)
Class com.google.common.cache.LocalCache$Strength$1                                   : loaded 2 times (x 77B)
Class org.jetbrains.kotlin.idea.gradleTooling.model.kapt.KaptGradleModel              : loaded 2 times (x 66B)
Class org.jetbrains.kotlin.idea.gradleTooling.KotlinDslScriptAdditionalTask           : loaded 2 times (x 66B)
Class org.jetbrains.plugins.gradle.model.ClasspathEntryModel                          : loaded 2 times (x 66B)
Class com.google.common.util.concurrent.SettableFuture                                : loaded 2 times (x 110B)
Class com.google.common.cache.LocalCache$Strength$2                                   : loaded 2 times (x 77B)
Class org.jetbrains.plugins.gradle.tooling.serialization.GradleExtensionsSerializationService: loaded 2 times (x 73B)
Class org.gradle.api.JavaVersion                                                      : loaded 2 times (x 75B)
Class org.gradle.tooling.model.Dependency                                             : loaded 2 times (x 66B)
Class com.google.common.cache.LocalCache$Strength$3                                   : loaded 2 times (x 77B)
Class com.google.common.collect.MapDifference                                         : loaded 2 times (x 66B)
Class com.google.common.base.Splitter$1                                               : loaded 2 times (x 73B)
Class com.intellij.openapi.externalSystem.model.project.dependencies.ResolutionState  : loaded 2 times (x 75B)
Class com.google.common.collect.AllEqualOrdering                                      : loaded 2 times (x 110B)
Class kotlin.collections.ArraysKt___ArraysJvmKt                                       : loaded 2 times (x 67B)
Class kotlin.collections.CollectionsKt__CollectionsKt                                 : loaded 2 times (x 67B)
Class org.objectweb.asm.FieldWriter                                                   : loaded 2 times (x 73B)
Class com.google.common.cache.CacheBuilder$NullListener                               : loaded 2 times (x 78B)
Class kotlin.text.Regex$Companion                                                     : loaded 2 times (x 67B)
Class org.gradle.internal.classpath.TransformedClassPath                              : loaded 2 times (x 92B)
Class org.gradle.internal.classloader.InstrumentingClassLoader                        : loaded 2 times (x 66B)
Class com.google.common.cache.CacheLoader$FunctionToCacheLoader                       : loaded 2 times (x 71B)
Class com.google.common.base.CharMatcher$None                                         : loaded 2 times (x 108B)
Class org.gradle.internal.classloader.DefaultClassLoaderFactory                       : loaded 2 times (x 78B)
Class com.google.common.collect.ImmutableRangeSet$AsSet                               : loaded 2 times (x 296B)
Class kotlin.jvm.internal.FunctionReference                                           : loaded 2 times (x 118B)
Class [Lkotlin.coroutines.intrinsics.CoroutineSingletons;                             : loaded 2 times (x 65B)
Class kotlin.jvm.internal.FunctionBase                                                : loaded 2 times (x 66B)
Class kotlin.enums.EnumEntriesList                                                    : loaded 2 times (x 219B)
Class org.jetbrains.kotlin.idea.gradleTooling.model.noarg.NoArgModel                  : loaded 2 times (x 66B)
Class com.google.common.base.MoreObjects                                              : loaded 2 times (x 67B)
Class kotlin.collections.CollectionsKt__IteratorsJVMKt                                : loaded 2 times (x 67B)
Class [Lorg.objectweb.asm.Type;                                                       : loaded 2 times (x 65B)
Class com.google.common.collect.Platform                                              : loaded 2 times (x 67B)
Class com.intellij.util.containers.IntObjectHashMap$ArrayProducer                     : loaded 2 times (x 66B)
Class org.jetbrains.plugins.gradle.model.IntelliJSettings                             : loaded 2 times (x 66B)
Class org.jetbrains.kotlin.idea.gradleTooling.KotlinSourceSetContainer                : loaded 2 times (x 66B)
Class kotlin.Result                                                                   : loaded 2 times (x 68B)
Class org.gradle.internal.service.ServiceLocator                                      : loaded 2 times (x 66B)
Class com.google.common.base.Ascii                                                    : loaded 2 times (x 67B)
Class com.google.common.collect.SingletonImmutableBiMap                               : loaded 2 times (x 139B)
Class com.google.common.cache.LocalCache$1                                            : loaded 2 times (x 85B)
Class com.google.common.collect.AbstractMapEntry                                      : loaded 2 times (x 77B)
Class org.jetbrains.kotlin.android.synthetic.idea.AndroidExtensionsGradleModel        : loaded 2 times (x 66B)
Class com.intellij.gradle.toolingExtension.util.GradleVersionUtil                     : loaded 2 times (x 67B)
Class kotlin.sequences.TransformingSequence$iterator$1                                : loaded 2 times (x 75B)
Class kotlin.Pair                                                                     : loaded 2 times (x 68B)
Class org.gradle.tooling.internal.adapter.ProtocolToModelAdapter$SupportedPropertyInvoker: loaded 2 times (x 72B)
Class org.gradle.tooling.model.UnsupportedMethodException                             : loaded 2 times (x 78B)
Class com.google.common.collect.Sets$ImprovedAbstractSet                              : loaded 2 times (x 131B)
Class org.jetbrains.kotlin.idea.gradleTooling.AndroidAwareGradleModelProvider$Companion: loaded 2 times (x 67B)
Class com.google.common.cache.LocalCache$2                                            : loaded 2 times (x 138B)
Class com.google.common.collect.AbstractMultimap                                      : loaded 2 times (x 119B)
Class kotlin.collections.CollectionsKt__MutableCollectionsKt                          : loaded 2 times (x 67B)
Class com.google.common.util.concurrent.AbstractFuture$UnsafeAtomicHelper$1           : loaded 2 times (x 72B)
Class com.google.common.base.Suppliers                                                : loaded 2 times (x 67B)
Class org.jetbrains.plugins.gradle.tooling.serialization.AnnotationProcessingModelSerializationService$WriteContext: loaded 2 times (x 68B)
Class org.gradle.internal.impldep.gnu.trove.THash                                     : loaded 2 times (x 77B)
Class com.google.common.collect.ImmutableRangeSet$1                                   : loaded 2 times (x 206B)
Class kotlin.reflect.KCallable                                                        : loaded 2 times (x 66B)
Class com.google.common.util.concurrent.AbstractFuture$Trusted                        : loaded 2 times (x 66B)
Class [Lcom.google.common.cache.CacheBuilder$OneWeigher;                              : loaded 2 times (x 65B)
Class com.google.common.base.CharMatcher$RangesMatcher                                : loaded 2 times (x 108B)
Class org.jetbrains.plugins.gradle.tooling.serialization.ProjectDependenciesSerializationService$WriteContext: loaded 2 times (x 68B)
Class org.jetbrains.plugins.gradle.tooling.serialization.ProjectDependenciesSerializationService: loaded 2 times (x 73B)
Class com.google.common.collect.Range                                                 : loaded 2 times (x 83B)
Class org.gradle.tooling.internal.adapter.CollectionMapper                            : loaded 2 times (x 69B)
Class com.google.common.util.concurrent.UncheckedExecutionException                   : loaded 2 times (x 78B)
Class com.google.common.base.Platform$JdkPatternCompiler                              : loaded 2 times (x 71B)
Class org.gradle.internal.impldep.gnu.trove.Equality                                  : loaded 2 times (x 66B)
Class com.google.common.collect.ExplicitOrdering                                      : loaded 2 times (x 111B)
Class com.google.common.base.CharMatcher$JavaLetterOrDigit                            : loaded 2 times (x 107B)
Class com.intellij.gradle.toolingExtension.impl.model.buildScriptClasspathModel.GradleBuildScriptClasspathSerializationService$WriteContext: loaded 2 times (x 68B)
Class org.gradle.tooling.internal.adapter.ProtocolToModelAdapter                      : loaded 2 times (x 76B)
Class org.gradle.internal.InternalTransformer                                         : loaded 2 times (x 66B)
Class com.google.common.collect.AbstractMapBasedMultimap$KeySet$1                     : loaded 2 times (x 78B)
Class org.objectweb.asm.ClassWriter                                                   : loaded 2 times (x 100B)
Class com.google.common.cache.CacheLoader$UnsupportedLoadingOperationException        : loaded 2 times (x 78B)
Class com.google.common.base.CharMatcher$And                                          : loaded 2 times (x 108B)
Class org.gradle.internal.impldep.gnu.trove.TObjectCanonicalHashingStrategy           : loaded 2 times (x 76B)
Class kotlin.collections.MapsKt__MapsJVMKt                                            : loaded 2 times (x 67B)
Class kotlin.collections.EmptyList                                                    : loaded 2 times (x 170B)
Class org.gradle.internal.time.DefaultTimer                                           : loaded 2 times (x 76B)
Class org.gradle.internal.classloader.ClasspathUtil$1                                 : loaded 2 times (x 72B)
Class com.google.common.base.Objects                                                  : loaded 2 times (x 67B)
Class org.objectweb.asm.FieldVisitor                                                  : loaded 2 times (x 72B)
Class com.google.common.collect.IndexedImmutableSet                                   : loaded 2 times (x 146B)
Class com.google.common.collect.ImmutableMap$1                                        : loaded 2 times (x 77B)
Class com.google.common.collect.BiMap                                                 : loaded 2 times (x 66B)
Class org.gradle.tooling.internal.adapter.ProtocolToModelAdapter$ViewKey              : loaded 2 times (x 68B)
Class org.gradle.api.internal.classpath.DefaultModuleRegistry$DefaultModule           : loaded 2 times (x 82B)
Class com.google.common.primitives.Ints                                               : loaded 2 times (x 67B)
Class org.objectweb.asm.MethodTooLargeException                                       : loaded 2 times (x 79B)
Class org.jetbrains.kotlin.idea.gradleTooling.model.lombok.LombokModel                : loaded 2 times (x 66B)
Class com.google.common.collect.NullsFirstOrdering                                    : loaded 2 times (x 111B)
Class kotlin.ResultKt                                                                 : loaded 2 times (x 67B)
Class org.gradle.tooling.internal.adapter.ProtocolToModelAdapter$PropertyCachingMethodInvoker: loaded 2 times (x 72B)
Class com.android.builder.model.v2.models.ProjectSyncIssues                           : loaded 2 times (x 66B)
Class com.google.common.math.MathPreconditions                                        : loaded 2 times (x 67B)
Class com.google.common.collect.Multiset                                              : loaded 2 times (x 66B)
Class com.google.common.collect.ArrayListMultimapGwtSerializationDependencies         : loaded 2 times (x 168B)
Class com.google.common.collect.ObjectArrays                                          : loaded 2 times (x 67B)
Class org.gradle.internal.operations.MultipleBuildOperationFailures                   : loaded 2 times (x 91B)
Class org.jetbrains.plugins.gradle.model.ExternalTask                                 : loaded 2 times (x 66B)
Class kotlin.collections.ArraysKt__ArraysKt                                           : loaded 2 times (x 67B)
Class kotlin.Result$Failure                                                           : loaded 2 times (x 68B)
Class org.gradle.internal.time.DefaultCountdownTimer                                  : loaded 2 times (x 84B)
Class com.google.common.collect.ImmutableMapEntrySet                                  : loaded 2 times (x 147B)
Class settings_9jmx9v41srtcui1zpr40p44xl                                              : loaded 2 times (x 175B)
Class org.jetbrains.plugins.gradle.tooling.util.ObjectCollector                       : loaded 2 times (x 68B)
Class org.jetbrains.plugins.gradle.model.GradleTaskModel                              : loaded 2 times (x 66B)
Class kotlin.collections.SetsKt__SetsJVMKt                                            : loaded 2 times (x 67B)
Class org.gradle.tooling.internal.adapter.ProtocolToModelAdapter$AdaptingMethodInvoker: loaded 2 times (x 72B)
Class org.gradle.tooling.internal.gradle.DefaultBuildIdentifier                       : loaded 2 times (x 75B)
Class kotlin.Function                                                                 : loaded 2 times (x 66B)
Class org.gradle.api.internal.classpath.Module                                        : loaded 2 times (x 66B)
Class com.google.common.cache.Weigher                                                 : loaded 2 times (x 66B)
Class com.intellij.openapi.externalSystem.model.project.IExternalSystemSourceType     : loaded 2 times (x 66B)
Class org.gradle.api.internal.classpath.UnknownModuleException                        : loaded 2 times (x 78B)
Class com.google.common.base.Stopwatch                                                : loaded 2 times (x 68B)
Class com.google.common.cache.LocalCache$Strength                                     : loaded 2 times (x 77B)
Class com.google.common.cache.Cache                                                   : loaded 2 times (x 66B)
Class org.jetbrains.plugins.gradle.tooling.serialization.ProjectDependenciesSerializationService$ReadContext: loaded 2 times (x 68B)
Class org.gradle.internal.impldep.gnu.trove.TObjectIdentityHashingStrategy            : loaded 2 times (x 74B)
Class com.intellij.openapi.externalSystem.model.project.dependencies.ProjectDependencies: loaded 2 times (x 66B)
Class com.google.common.util.concurrent.AbstractFuture$Cancellation                   : loaded 2 times (x 68B)
Class com.google.common.collect.ImmutableMap$Builder                                  : loaded 2 times (x 78B)
Class com.google.common.base.NullnessCasts                                            : loaded 2 times (x 67B)
Class com.android.builder.model.Variant                                               : loaded 2 times (x 66B)
Class com.google.common.cache.RemovalListener                                         : loaded 2 times (x 66B)
Class org.jetbrains.plugins.gradle.tooling.serialization.RepositoriesModelSerializationService: loaded 2 times (x 78B)
Class com.android.ide.gradle.model.artifacts.AdditionalClassifierArtifactsModel       : loaded 2 times (x 66B)
Class org.gradle.tooling.internal.gradle.GradleProjectIdentity                        : loaded 2 times (x 66B)
Class org.gradle.api.internal.DefaultClassPathRegistry                                : loaded 2 times (x 72B)
Class com.android.builder.model.ProjectSyncIssues                                     : loaded 2 times (x 66B)
Class com.google.common.primitives.IntsMethodsForWeb                                  : loaded 2 times (x 67B)
Class com.google.common.collect.Multimap                                              : loaded 2 times (x 66B)
Class settings_9jmx9v41srtcui1zpr40p44xl$_run_closure1                                : loaded 2 times (x 135B)
Class org.jetbrains.plugins.gradle.tooling.serialization.RepositoriesModelSerializationService$ReadContext: loaded 2 times (x 68B)
Class org.gradle.api.internal.ClassPathRegistry                                       : loaded 2 times (x 66B)
Class org.gradle.internal.classpath.DefaultClassPath$ImmutableUniqueList              : loaded 2 times (x 195B)
Class com.google.common.base.ExtraObjectsMethodsForWeb                                : loaded 2 times (x 67B)
Class org.jetbrains.plugins.gradle.tooling.serialization.internal.adapter.InternalBuildIdentifier: loaded 2 times (x 71B)
Class com.intellij.gradle.toolingExtension.impl.model.projectModel.GradleExternalProjectSerializationService$WriteContext: loaded 2 times (x 69B)
Class com.google.common.collect.NullnessCasts                                         : loaded 2 times (x 67B)
Class com.android.builder.model.v2.models.AndroidProject                              : loaded 2 times (x 66B)
Class com.android.builder.model.v2.AndroidModel                                       : loaded 2 times (x 66B)
Class com.google.common.cache.CacheBuilder                                            : loaded 2 times (x 68B)
Class org.gradle.tooling.internal.adapter.MethodInvocation                            : loaded 2 times (x 81B)
Class kotlin.collections.SetsKt                                                       : loaded 2 times (x 67B)
Class kotlin.sequences.TransformingSequence                                           : loaded 2 times (x 71B)
Class org.gradle.internal.classpath.ClassPath                                         : loaded 2 times (x 66B)
Class org.objectweb.asm.ClassVisitor                                                  : loaded 2 times (x 83B)
Class com.google.common.base.JdkPattern                                               : loaded 2 times (x 71B)
Class org.jetbrains.plugins.gradle.tooling.serialization.KotlinDslScriptsModelSerializationService: loaded 2 times (x 77B)
Class kotlin.reflect.KFunction                                                        : loaded 2 times (x 66B)
Class kotlin.collections.ArrayDeque                                                   : loaded 2 times (x 203B)
Class org.objectweb.asm.SymbolTable$Entry                                             : loaded 2 times (x 70B)
Class com.google.common.util.concurrent.AbstractFuture$AtomicHelper                   : loaded 2 times (x 74B)
Class org.jetbrains.plugins.gradle.tooling.serialization.ExternalTestsSerializationService$WriteContext: loaded 2 times (x 68B)
Class org.jetbrains.kotlin.idea.gradleTooling.KotlinGradleModel                       : loaded 2 times (x 66B)
Class kotlin.collections.MapsKt__MapsKt                                               : loaded 2 times (x 67B)
Class org.objectweb.asm.Edge                                                          : loaded 2 times (x 68B)
Class com.google.common.base.Suppliers$SupplierOfInstance                             : loaded 2 times (x 75B)
Class [Lorg.objectweb.asm.Symbol;                                                     : loaded 2 times (x 65B)
Class org.gradle.tooling.model.Model                                                  : loaded 2 times (x 66B)
Class com.google.common.cache.LocalCache$ComputingValueReference                      : loaded 2 times (x 92B)
Class com.android.utils.FileUtils                                                     : loaded 2 times (x 67B)
Class com.google.common.collect.ImmutableMap$IteratorBasedImmutableMap                : loaded 2 times (x 121B)
Class com.android.ide.gradle.model.composites.BuildMap                                : loaded 2 times (x 66B)
Class kotlin.Metadata                                                                 : loaded 2 times (x 66B)
Class kotlin.UninitializedPropertyAccessException                                     : loaded 2 times (x 78B)
Class com.android.builder.model.v2.models.Versions                                    : loaded 2 times (x 66B)
Class com.google.common.cache.LocalCache$Segment                                      : loaded 2 times (x 150B)
Class org.jetbrains.plugins.gradle.model.IntelliJProjectSettings                      : loaded 2 times (x 66B)
Class org.jetbrains.kotlin.idea.gradleTooling.model.annotation.AnnotationBasedPluginModel: loaded 2 times (x 66B)
Class org.gradle.tooling.internal.adapter.ProtocolToModelAdapter$MethodInvocationCache: loaded 2 times (x 69B)
Class com.android.builder.model.v2.models.ndk.NativeModule                            : loaded 2 times (x 66B)
Class [Lorg.objectweb.asm.SymbolTable$Entry;                                          : loaded 2 times (x 65B)
Class com.google.common.cache.CacheLoader                                             : loaded 2 times (x 70B)
Class org.gradle.tooling.internal.adapter.TargetTypeProvider                          : loaded 2 times (x 66B)
Class com.google.common.collect.ImmutableBiMap                                        : loaded 2 times (x 139B)
Class com.google.common.collect.AbstractListMultimap                                  : loaded 2 times (x 168B)
Class org.jetbrains.plugins.gradle.model.ExternalDependency                           : loaded 2 times (x 66B)
Class com.intellij.util.containers.IntObjectHashMap                                   : loaded 2 times (x 68B)
Class com.google.common.collect.SortedIterable                                        : loaded 2 times (x 66B)
Class org.gradle.internal.installation.GradleInstallation$1                           : loaded 2 times (x 71B)
Class org.gradle.api.internal.classpath.ModuleRegistry                                : loaded 2 times (x 66B)
Class com.google.common.util.concurrent.internal.InternalFutureFailureAccess          : loaded 2 times (x 68B)
Class org.jetbrains.plugins.gradle.model.AnnotationProcessingModel                    : loaded 2 times (x 66B)
Class com.google.common.collect.ImmutableSet$JdkBackedSetBuilderImpl                  : loaded 2 times (x 72B)
Class com.google.common.base.Splitter$SplittingIterator                               : loaded 2 times (x 80B)
Class com.intellij.gradle.toolingExtension.impl.model.sourceSetDependencyModel.GradleSourceSetDependencySerialisationService$SourceSetDependencyModelReadContext: loaded 2 times (x 68B)
Class com.intellij.gradle.toolingExtension.impl.model.dependencyModel.DependencyReadContext: loaded 2 times (x 68B)
Class org.jetbrains.plugins.gradle.model.VersionCatalogsModel                         : loaded 2 times (x 66B)
Class org.gradle.tooling.internal.adapter.ObjectGraphAdapter                          : loaded 2 times (x 66B)
Class com.google.common.util.concurrent.AbstractFuture$UnsafeAtomicHelper             : loaded 2 times (x 74B)
Class com.google.common.cache.LocalCache$LocalManualCache$1                           : loaded 2 times (x 71B)
Class com.google.common.base.CharMatcher$ForPredicate                                 : loaded 2 times (x 108B)
Class org.jetbrains.plugins.gradle.model.ProjectImportModelProvider                   : loaded 2 times (x 66B)
Class org.jetbrains.plugins.gradle.model.ExternalSourceSet                            : loaded 2 times (x 66B)
Class com.intellij.gradle.toolingExtension.impl.model.warmUp.GradleTaskWarmUpRequest  : loaded 2 times (x 66B)
Class com.google.common.collect.ImmutableSortedAsList                                 : loaded 2 times (x 217B)
Class kotlin.coroutines.intrinsics.IntrinsicsKt__IntrinsicsKt                         : loaded 2 times (x 67B)
Class org.jetbrains.plugins.gradle.model.GradleExtensions                             : loaded 2 times (x 66B)
Class com.google.common.base.CharMatcher$AnyOf                                        : loaded 2 times (x 108B)
Class com.intellij.gradle.toolingExtension.impl.model.sourceSetArtifactIndex.GradleSourceSetArtifactBuildRequest: loaded 2 times (x 66B)
Class com.google.common.collect.Lists$TransformingRandomAccessList                    : loaded 2 times (x 195B)
Class kotlin.collections.CollectionsKt__CollectionsJVMKt                              : loaded 2 times (x 67B)
Class org.gradle.api.internal.classpath.DefaultModuleRegistry                         : loaded 2 times (x 82B)
Class com.google.common.util.concurrent.ListenableFuture                              : loaded 2 times (x 66B)
Class com.google.common.cache.ReferenceEntry                                          : loaded 2 times (x 66B)
Class com.google.common.collect.ImmutableMap$MapViewOfValuesAsSingletonSets           : loaded 2 times (x 121B)
Class com.google.common.base.Converter                                                : loaded 2 times (x 86B)
Class com.google.common.collect.RegularImmutableMap                                   : loaded 2 times (x 117B)
Class com.google.common.base.CharMatcher$Any                                          : loaded 2 times (x 108B)
Class org.jetbrains.plugins.gradle.tooling.serialization.internal.IdeaProjectSerializationService$WriteContext$1: loaded 2 times (x 79B)
Class org.jetbrains.plugins.gradle.model.ExternalProject                              : loaded 2 times (x 66B)
Class kotlin.collections.CollectionsKt__IteratorsKt                                   : loaded 2 times (x 67B)
Class kotlin.sequences.SequencesKt                                                    : loaded 2 times (x 67B)
Class com.google.common.util.concurrent.AbstractFuture                                : loaded 2 times (x 102B)
Class com.google.common.base.FunctionalEquivalence                                    : loaded 2 times (x 79B)
Class org.gradle.api.internal.classpath.ManifestUtil                                  : loaded 2 times (x 67B)
Class com.google.common.collect.AbstractMapBasedMultimap                              : loaded 2 times (x 135B)
Class org.gradle.tooling.internal.adapter.ProtocolToModelAdapter$InvocationHandlerImpl: loaded 2 times (x 73B)
Class org.jetbrains.plugins.gradle.tooling.serialization.internal.IdeaProjectSerializationService$WriteContext$2: loaded 2 times (x 79B)
Class org.objectweb.asm.RecordComponentVisitor                                        : loaded 2 times (x 73B)
Class com.google.common.cache.CacheLoader$SupplierToCacheLoader                       : loaded 2 times (x 71B)
Class org.jetbrains.plugins.gradle.tooling.serialization.AnnotationProcessingModelSerializationService$ReadContext: loaded 2 times (x 68B)
Class org.jetbrains.plugins.gradle.tooling.serialization.internal.IdeaProjectSerializationService$WriteContext$3: loaded 2 times (x 79B)
Class org.gradle.util.internal.DefaultGradleVersion$Stage                             : loaded 2 times (x 71B)
Class kotlin.coroutines.jvm.internal.RestrictedContinuationImpl                       : loaded 2 times (x 83B)
Class com.google.common.collect.Maps$EntryTransformer                                 : loaded 2 times (x 66B)
Class org.jetbrains.kotlin.idea.gradleTooling.AndroidAwareGradleModelProvider         : loaded 2 times (x 79B)
Class org.jetbrains.plugins.gradle.tooling.serialization.internal.IdeaProjectSerializationService$WriteContext$4: loaded 2 times (x 79B)
Class com.intellij.gradle.toolingExtension.impl.model.sourceSetDependencyModel.GradleSourceSetDependencySerialisationService$Companion: loaded 2 times (x 67B)
Class com.google.common.collect.UsingToStringOrdering                                 : loaded 2 times (x 110B)
Class kotlin.jvm.internal.markers.KMutableList                                        : loaded 2 times (x 66B)
Class org.gradle.internal.time.MonotonicClock                                         : loaded 2 times (x 73B)
Class org.gradle.internal.service.ServiceLookupException                              : loaded 2 times (x 78B)
Class [Lcom.google.common.cache.LocalCache$EntryFactory;                              : loaded 2 times (x 65B)
Class org.gradle.tooling.model.build.GradleEnvironment                                : loaded 2 times (x 66B)
Class org.jetbrains.plugins.gradle.tooling.serialization.internal.IdeaProjectSerializationService$WriteContext$5: loaded 2 times (x 79B)
Class com.intellij.gradle.toolingExtension.impl.model.sourceSetDependencyModel.GradleSourceSetDependencySerialisationService$SourceSetDependencyModelWriteContext: loaded 2 times (x 68B)
Class com.google.common.collect.ImmutableSortedSet                                    : loaded 2 times (x 296B)
Class org.gradle.internal.classloader.ClassLoaderFactory                              : loaded 2 times (x 66B)
Class com.google.common.cache.LocalCache$LocalManualCache                             : loaded 2 times (x 95B)
Class com.google.common.base.CharMatcher$IsNot                                        : loaded 2 times (x 107B)
Class com.google.common.base.CommonPattern                                            : loaded 2 times (x 70B)
Class org.jetbrains.plugins.gradle.tooling.serialization.internal.IdeaProjectSerializationService$WriteContext$6: loaded 2 times (x 79B)
Class org.jetbrains.plugins.gradle.tooling.util.IntObjectMap                          : loaded 2 times (x 69B)
Class org.gradle.internal.service.CachingServiceLocator                               : loaded 2 times (x 78B)
Class com.google.common.collect.AbstractMapBasedMultimap$KeySet                       : loaded 2 times (x 133B)
Class com.google.common.math.IntMath                                                  : loaded 2 times (x 67B)
Class settings_9jmx9v41srtcui1zpr40p44xl$_run_closure1$_closure2                      : loaded 2 times (x 135B)
Class org.jetbrains.plugins.gradle.tooling.serialization.internal.IdeaProjectSerializationService$WriteContext$7: loaded 2 times (x 79B)
Class org.jetbrains.plugins.gradle.model.RepositoryModels                             : loaded 2 times (x 66B)
Class com.google.common.collect.RegularImmutableSortedSet                             : loaded 2 times (x 296B)
Class kotlin.jvm.internal.CallableReference                                           : loaded 2 times (x 102B)
Class com.google.common.collect.Iterators$10                                          : loaded 2 times (x 77B)
Class com.google.common.collect.ImmutableMapEntry                                     : loaded 2 times (x 81B)
Class com.google.common.base.CharMatcher$JavaDigit                                    : loaded 2 times (x 107B)
Class org.jetbrains.plugins.gradle.tooling.serialization.internal.IdeaProjectSerializationService$WriteContext$8: loaded 2 times (x 79B)
Class org.gradle.tooling.model.idea.IdeaDependencyScope                               : loaded 2 times (x 66B)
Class org.gradle.internal.time.TimeSource                                             : loaded 2 times (x 66B)
Class org.gradle.tooling.model.kotlin.dsl.KotlinDslScriptsModel                       : loaded 2 times (x 66B)
Class com.google.common.base.Equivalence                                              : loaded 2 times (x 78B)
Class com.google.common.collect.ImmutableMapEntry$NonTerminalImmutableMapEntry        : loaded 2 times (x 81B)
Class org.jetbrains.plugins.gradle.tooling.util.IntObjectMap$ObjectFactory            : loaded 2 times (x 66B)
Class org.jetbrains.plugins.gradle.tooling.serialization.SerializationService         : loaded 2 times (x 66B)
Class org.gradle.tooling.internal.gradle.GradleBuildIdentity                          : loaded 2 times (x 66B)
Class kotlin.enums.EnumEntries                                                        : loaded 2 times (x 66B)
Class com.google.common.collect.IndexedImmutableSet$1                                 : loaded 2 times (x 208B)
Class com.google.common.cache.CacheBuilder$OneWeigher                                 : loaded 2 times (x 78B)
Class com.google.common.util.concurrent.ExecutionError                                : loaded 2 times (x 78B)
Class org.jetbrains.plugins.gradle.tooling.serialization.internal.adapter.Supplier    : loaded 2 times (x 66B)
Class org.gradle.tooling.internal.adapter.ProtocolToModelAdapter$MixInMappingAction   : loaded 2 times (x 76B)
Class org.gradle.internal.exceptions.ResolutionProvider                               : loaded 2 times (x 66B)
Class com.google.common.collect.ImmutableBiMapFauxverideShim                          : loaded 2 times (x 116B)
Class sync_studio_tooling11989_eukvmk85n68hb8o2a3bnuwvtw                              : loaded 2 times (x 175B)
Class org.gradle.tooling.model.idea.IdeaCompilerOutput                                : loaded 2 times (x 66B)
Class org.gradle.tooling.model.ProjectIdentifier                                      : loaded 2 times (x 66B)
Class org.gradle.internal.classloader.ClasspathUtil                                   : loaded 2 times (x 67B)
Class com.google.common.base.Charsets                                                 : loaded 2 times (x 67B)
Class com.google.common.util.concurrent.Uninterruptibles                              : loaded 2 times (x 67B)
Class com.intellij.gradle.toolingExtension.impl.model.sourceSetModel.GradleSourceSetSerialisationService: loaded 2 times (x 73B)
Class com.google.common.collect.Maps                                                  : loaded 2 times (x 67B)
Class com.google.common.base.CharMatcher$JavaUpperCase                                : loaded 2 times (x 107B)
Class org.gradle.internal.time.TimeSource$1                                           : loaded 2 times (x 73B)
Class kotlin.jvm.internal.DefaultConstructorMarker                                    : loaded 2 times (x 67B)
Class org.gradle.api.specs.Spec                                                       : loaded 2 times (x 66B)
Class [Lcom.google.common.collect.ImmutableEntry;                                     : loaded 2 times (x 65B)
Class com.google.common.cache.LocalCache$LoadingValueReference                        : loaded 2 times (x 92B)
Class com.intellij.gradle.toolingExtension.impl.model.buildScriptClasspathModel.GradleBuildScriptClasspathSerializationService: loaded 2 times (x 73B)
Class com.google.common.base.Platform                                                 : loaded 2 times (x 67B)
Class org.jetbrains.plugins.gradle.model.FileCollectionDependency                     : loaded 2 times (x 66B)
Class org.gradle.internal.impldep.gnu.trove.TObjectHashingStrategy                    : loaded 2 times (x 66B)
Class com.intellij.gradle.toolingExtension.impl.model.utilDummyModel.DummyModel       : loaded 2 times (x 66B)
Class org.gradle.internal.time.Clock                                                  : loaded 2 times (x 66B)
Class [Lorg.objectweb.asm.AnnotationWriter;                                           : loaded 2 times (x 65B)
Class com.google.common.primitives.Ints$IntConverter                                  : loaded 2 times (x 86B)
Class com.google.common.collect.Maps$8                                                : loaded 2 times (x 78B)
Class org.jetbrains.plugins.gradle.model.GradleSourceSetDependencyModel               : loaded 2 times (x 66B)
Class com.google.common.collect.CompoundOrdering                                      : loaded 2 times (x 111B)
Class kotlin.sequences.SequencesKt__SequencesJVMKt                                    : loaded 2 times (x 67B)
Class kotlin.coroutines.jvm.internal.RestrictedSuspendLambda                          : loaded 2 times (x 87B)
Class org.gradle.tooling.internal.adapter.TypeInspector                               : loaded 2 times (x 69B)
Class org.gradle.tooling.internal.adapter.ProtocolToModelAdapter$NoOpDecoration       : loaded 2 times (x 75B)
Class org.gradle.tooling.model.Element                                                : loaded 2 times (x 66B)
Class kotlin.collections.AbstractList                                                 : loaded 2 times (x 193B)
Class kotlin.collections.AbstractCollection                                           : loaded 2 times (x 113B)
Class com.google.common.collect.Sets$SetView                                          : loaded 2 times (x 134B)
Class com.google.common.cache.LocalCache$StrongValueReference                         : loaded 2 times (x 86B)
Class com.google.common.util.concurrent.AbstractFuture$SynchronizedHelper             : loaded 2 times (x 74B)
Class com.google.common.base.CharMatcher$Invisible                                    : loaded 2 times (x 108B)
Class com.intellij.gradle.toolingExtension.impl.model.taskModel.GradleTaskSerialisationService: loaded 2 times (x 72B)
Class com.android.ide.gradle.model.LegacyV1AgpVersionModel                            : loaded 2 times (x 66B)
Class com.google.common.collect.ImmutableRangeSet$Builder                             : loaded 2 times (x 73B)
Class kotlin.text.Regex                                                               : loaded 2 times (x 68B)
Class kotlin.sequences.SequencesKt__SequenceBuilderKt$sequence$$inlined$Sequence$1    : loaded 2 times (x 71B)
Class org.objectweb.asm.Type                                                          : loaded 2 times (x 68B)
Class org.jetbrains.plugins.gradle.tooling.util.IntObjectMap$1                        : loaded 2 times (x 73B)
Class org.gradle.internal.impldep.com.google.common.base.Preconditions                : loaded 2 times (x 67B)
Class org.gradle.internal.classloader.VisitableURLClassLoader$InstrumentingVisitableURLClassLoader: loaded 2 times (x 119B)
Class org.objectweb.asm.ByteVector                                                    : loaded 2 times (x 74B)
Class [Lcom.google.common.cache.CacheBuilder$NullListener;                            : loaded 2 times (x 65B)
Class com.google.common.math.IntMath$1                                                : loaded 2 times (x 67B)
Class kotlin.ranges.RangesKt__RangesKt                                                : loaded 2 times (x 67B)
Class kotlin.collections.SetsKt___SetsKt                                              : loaded 2 times (x 67B)
Class kotlin.sequences.SequencesKt__SequencesKt                                       : loaded 2 times (x 67B)
Class kotlin.coroutines.Continuation                                                  : loaded 2 times (x 66B)
Class org.gradle.internal.classloader.VisitableURLClassLoader$Spec                    : loaded 2 times (x 70B)
Class org.gradle.internal.classpath.DefaultClassPath                                  : loaded 2 times (x 86B)
Class org.objectweb.asm.Symbol                                                        : loaded 2 times (x 69B)
Class com.google.common.base.AbstractIterator                                         : loaded 2 times (x 76B)
Class org.jetbrains.plugins.gradle.model.GradleBuildScriptClasspathModel              : loaded 2 times (x 66B)
Class kotlin.coroutines.jvm.internal.BaseContinuationImpl                             : loaded 2 times (x 83B)
Class kotlin.Result$Companion                                                         : loaded 2 times (x 67B)
Class org.gradle.util.internal.DefaultGradleVersion                                   : loaded 2 times (x 80B)
Class com.google.common.collect.RegularImmutableMap$Values                            : loaded 2 times (x 203B)
Class com.google.common.collect.ImmutableEnumSet                                      : loaded 2 times (x 142B)
Class com.google.common.base.CharMatcher$BitSetMatcher                                : loaded 2 times (x 108B)
Class com.google.common.base.CharMatcher$Ascii                                        : loaded 2 times (x 108B)
Class org.gradle.internal.classloader.ClassLoaderSpec                                 : loaded 2 times (x 67B)
Class org.objectweb.asm.AnnotationWriter                                              : loaded 2 times (x 74B)
Class com.google.common.cache.CacheStats                                              : loaded 2 times (x 67B)
Class kotlin.jvm.internal.FunctionReferenceImpl                                       : loaded 2 times (x 118B)
Class kotlin.collections.CollectionsKt___CollectionsJvmKt                             : loaded 2 times (x 67B)
Class org.objectweb.asm.RecordComponentWriter                                         : loaded 2 times (x 74B)
Class com.google.common.util.concurrent.AbstractFuture$Listener                       : loaded 2 times (x 68B)
Class com.google.common.base.CharMatcher$Or                                           : loaded 2 times (x 108B)
Class kotlin.TuplesKt                                                                 : loaded 2 times (x 67B)
Class kotlin.jvm.internal.markers.KMutableIterable                                    : loaded 2 times (x 66B)
Class kotlin.sequences.SequencesKt___SequencesJvmKt                                   : loaded 2 times (x 67B)
Class org.gradle.tooling.internal.adapter.ProtocolToModelAdapter$DefaultViewBuilder   : loaded 2 times (x 76B)
Class kotlin.Unit                                                                     : loaded 2 times (x 67B)
Class org.objectweb.asm.Attribute                                                     : loaded 2 times (x 73B)
Class com.google.common.base.Supplier                                                 : loaded 2 times (x 66B)
Class kotlin.ranges.RangesKt                                                          : loaded 2 times (x 67B)
Class org.gradle.tooling.internal.adapter.ProtocolToModelAdapter$ViewGraphDetails$1   : loaded 2 times (x 73B)
Class org.gradle.internal.classloader.VisitableURLClassLoader                         : loaded 2 times (x 113B)
Class build_c97nr23ix64pb6zn9bb0sm9oh                                                 : loaded 2 times (x 176B)
Class com.google.common.util.concurrent.AbstractFuture$Waiter                         : loaded 2 times (x 68B)
Class org.jetbrains.plugins.gradle.tooling.serialization.ExternalTestsSerializationService$ReadContext: loaded 2 times (x 68B)
Class kotlin.collections.ArraysUtilJVM                                                : loaded 2 times (x 67B)
Class kotlin.sequences.FlatteningSequence$iterator$1                                  : loaded 2 times (x 75B)
Class kotlin.jvm.functions.Function0                                                  : loaded 2 times (x 66B)
Class com.android.builder.model.v2.models.VariantDependenciesAdjacencyList            : loaded 2 times (x 66B)
Class org.gradle.internal.classloader.ClassLoaderHierarchy                            : loaded 2 times (x 66B)
Class org.gradle.tooling.model.idea.IdeaDependency                                    : loaded 2 times (x 66B)
Class com.google.common.collect.Sets                                                  : loaded 2 times (x 67B)
Class org.objectweb.asm.Handler                                                       : loaded 2 times (x 68B)
Class com.google.common.base.Strings                                                  : loaded 2 times (x 67B)
Class com.google.common.base.Ticker                                                   : loaded 2 times (x 68B)
Class com.google.common.base.CharMatcher$FastMatcher                                  : loaded 2 times (x 107B)
Class kotlin.collections.AbstractMutableList                                          : loaded 2 times (x 202B)
Class kotlin.jvm.functions.Function1                                                  : loaded 2 times (x 66B)
Class [Lcom.google.common.cache.LocalCache$Segment;                                   : loaded 2 times (x 65B)
Class [Lcom.google.common.cache.LocalCache$Strength;                                  : loaded 2 times (x 65B)
Class com.google.common.cache.CacheBuilder$1                                          : loaded 2 times (x 81B)
Class com.google.common.collect.ImmutableMap                                          : loaded 2 times (x 116B)
Class kotlin.sequences.SequencesKt__SequenceBuilderKt                                 : loaded 2 times (x 67B)
Class org.jetbrains.plugins.gradle.tooling.serialization.internal.IdeaProjectSerializationService$WriteContext: loaded 2 times (x 68B)
Class com.intellij.gradle.toolingExtension.impl.model.sourceSetDependencyModel.GradleSourceSetDependencySerialisationService: loaded 2 times (x 73B)
Class org.jetbrains.plugins.gradle.model.GradleSourceSetModel                         : loaded 2 times (x 66B)
Class kotlin.jvm.functions.Function2                                                  : loaded 2 times (x 66B)
Class org.gradle.internal.classpath.DefaultClassPath$ImmutableUniqueList$Builder      : loaded 2 times (x 71B)
Class com.google.common.cache.LocalCache                                              : loaded 2 times (x 183B)
Class com.google.common.cache.CacheBuilder$2                                          : loaded 2 times (x 75B)
Class com.google.common.base.CharMatcher$NegatedFastMatcher                           : loaded 2 times (x 109B)
Class com.google.common.collect.AbstractRangeSet                                      : loaded 2 times (x 110B)
Class kotlin.collections.MapsKt___MapsJvmKt                                           : loaded 2 times (x 67B)
Class org.gradle.tooling.internal.adapter.WeakIdentityHashMap$AbsentValueProvider     : loaded 2 times (x 66B)
Class com.google.common.cache.CacheBuilder$3                                          : loaded 2 times (x 68B)
Class [Lcom.google.common.collect.AbstractMapEntry;                                   : loaded 2 times (x 65B)
Class com.google.common.collect.ImmutableEntry                                        : loaded 2 times (x 78B)
Class com.google.common.collect.ArrayListMultimap                                     : loaded 2 times (x 168B)
Class com.google.common.base.AbstractIterator$1                                       : loaded 2 times (x 67B)
Class com.google.common.base.CharMatcher$Digit                                        : loaded 2 times (x 108B)
Class org.jetbrains.plugins.gradle.tooling.util.ObjectCollector$Processor             : loaded 2 times (x 66B)
Class org.jetbrains.kotlin.idea.gradleTooling.model.samWithReceiver.SamWithReceiverModel: loaded 2 times (x 66B)
Class kotlin.collections.CollectionsKt___CollectionsKt                                : loaded 2 times (x 67B)
Class kotlin.annotation.Target                                                        : loaded 2 times (x 66B)
Class kotlin.collections.CollectionsKt__ReversedViewsKt                               : loaded 2 times (x 67B)
Class org.gradle.internal.exceptions.NonGradleCauseExceptionsHolder                   : loaded 2 times (x 66B)
Class org.gradle.tooling.model.idea.IdeaModuleDependency                              : loaded 2 times (x 66B)
Class org.gradle.tooling.internal.adapter.ViewBuilder                                 : loaded 2 times (x 66B)
Class com.google.common.collect.CollectPreconditions                                  : loaded 2 times (x 67B)
Class com.google.common.base.CharMatcher$JavaIsoControl                               : loaded 2 times (x 108B)
Class org.jetbrains.plugins.gradle.model.AnnotationProcessingConfig                   : loaded 2 times (x 66B)
Class kotlin.reflect.KDeclarationContainer                                            : loaded 2 times (x 66B)
Class kotlin.annotation.Retention                                                     : loaded 2 times (x 66B)
Class com.android.builder.model.v2.models.Versions$Version                            : loaded 2 times (x 66B)
Class com.google.common.collect.SortedMapDifference                                   : loaded 2 times (x 66B)
Class com.google.common.base.CharMatcher$JavaLowerCase                                : loaded 2 times (x 107B)
Class org.jetbrains.plugins.gradle.tooling.ModelBuilderService$Parameter              : loaded 2 times (x 66B)
Class kotlin.collections.MapsKt___MapsKt                                              : loaded 2 times (x 67B)
Class kotlin.collections.ArraysKt___ArraysKt                                          : loaded 2 times (x 67B)
Class com.google.common.cache.LocalCache$WriteThroughEntry                            : loaded 2 times (x 75B)
Class com.google.common.cache.LocalCache$HashIterator                                 : loaded 2 times (x 82B)
Class com.google.common.cache.LocalCache$EntryFactory                                 : loaded 2 times (x 79B)
Class org.gradle.internal.impldep.gnu.trove.TObjectIntProcedure                       : loaded 2 times (x 66B)
Class kotlin.collections.MapsKt__MapWithDefaultKt                                     : loaded 2 times (x 67B)
Class org.gradle.tooling.internal.adapter.ProtocolToModelAdapter$ReflectionMethodInvoker: loaded 2 times (x 72B)
Class com.google.common.cache.LocalCache$AbstractReferenceEntry                       : loaded 2 times (x 103B)
Class com.google.common.base.Splitter$1$1                                             : loaded 2 times (x 82B)
Class com.google.common.base.CharMatcher$Whitespace                                   : loaded 2 times (x 108B)
Class org.jetbrains.kotlin.idea.gradleTooling.model.assignment.AssignmentModel        : loaded 2 times (x 66B)
Class com.google.common.collect.NullsLastOrdering                                     : loaded 2 times (x 111B)
Class kotlin.collections.CollectionsKt__MutableCollectionsJVMKt                       : loaded 2 times (x 67B)
Class com.intellij.gradle.toolingExtension.impl.model.sourceSetModel.GradleSourceSetSerialisationService$Companion: loaded 2 times (x 67B)
Class kotlin.enums.EnumEntriesKt                                                      : loaded 2 times (x 67B)
Class com.android.builder.model.v2.models.VariantDependencies                         : loaded 2 times (x 66B)
Class org.objectweb.asm.SymbolTable                                                   : loaded 2 times (x 68B)
Class com.google.common.cache.CacheLoader$InvalidCacheLoadException                   : loaded 2 times (x 78B)
Class com.google.common.base.CharMatcher$IsEither                                     : loaded 2 times (x 107B)
Class com.google.common.base.CharMatcher$SingleWidth                                  : loaded 2 times (x 108B)
Class org.jetbrains.plugins.gradle.model.GradleProperty                               : loaded 2 times (x 66B)
Class com.google.common.collect.ImmutableRangeSet$ComplementRanges                    : loaded 2 times (x 203B)
Class org.gradle.internal.classloader.SystemClassLoaderSpec                           : loaded 2 times (x 67B)
Class com.google.common.cache.LocalCache$StrongEntry                                  : loaded 2 times (x 104B)
Class com.google.common.util.concurrent.AbstractFuture$TrustedFuture                  : loaded 2 times (x 110B)
Class com.google.common.cache.LoadingCache                                            : loaded 2 times (x 66B)
Class kotlin.collections.EmptyMap                                                     : loaded 2 times (x 105B)
Class kotlin.reflect.KAnnotatedElement                                                : loaded 2 times (x 66B)
Class kotlin.jvm.internal.markers.KMutableCollection                                  : loaded 2 times (x 66B)
Class kotlin.coroutines.intrinsics.IntrinsicsKt                                       : loaded 2 times (x 67B)
Class org.gradle.internal.exceptions.MultiCauseException                              : loaded 2 times (x 66B)
Class org.gradle.internal.time.CountdownTimer                                         : loaded 2 times (x 66B)
Class kotlin.jvm.internal.Intrinsics                                                  : loaded 2 times (x 67B)
Class org.objectweb.asm.MethodWriter                                                  : loaded 2 times (x 101B)
Class [Lcom.google.common.cache.Weigher;                                              : loaded 2 times (x 65B)
Class com.google.common.collect.RegularImmutableMap$BucketOverflowException           : loaded 2 times (x 78B)
Class com.intellij.gradle.toolingExtension.impl.model.projectModel.GradleExternalProjectSerializationService$ReadContext: loaded 2 times (x 69B)
Class com.intellij.gradle.toolingExtension.impl.model.dependencyModel.DependencyWriteContext: loaded 2 times (x 68B)
Class org.jetbrains.kotlin.idea.gradleTooling.model.parcelize.ParcelizeGradleModel    : loaded 2 times (x 66B)
Class kotlin.collections.MapsKt                                                       : loaded 2 times (x 67B)
Class kotlin.collections.CollectionsKt__IterablesKt                                   : loaded 2 times (x 67B)
Class kotlin.coroutines.intrinsics.CoroutineSingletons                                : loaded 2 times (x 75B)
Class org.gradle.tooling.model.ProjectModel                                           : loaded 2 times (x 66B)
Class build_a4rihn3zx9cbc2kbjbsh9i3kz                                                 : loaded 2 times (x 176B)
Class org.jetbrains.plugins.gradle.model.GradleConfiguration                          : loaded 2 times (x 66B)
Class kotlin.sequences.SequenceBuilderIterator                                        : loaded 2 times (x 81B)
Class kotlin.KotlinNullPointerException                                               : loaded 2 times (x 79B)
Class build_c97nr23ix64pb6zn9bb0sm9oh$_run_closure1                                   : loaded 2 times (x 135B)
Class com.google.common.collect.RegularImmutableBiMap                                 : loaded 2 times (x 144B)
Class com.google.common.cache.LocalCache$ValueReference                               : loaded 2 times (x 66B)
Class com.google.common.base.CharMatcher$Negated                                      : loaded 2 times (x 109B)
Class com.google.common.base.CharMatcher$Is                                           : loaded 2 times (x 107B)
Class build_a4rihn3zx9cbc2kbjbsh9i3kz$_run_closure1                                   : loaded 2 times (x 135B)
Class org.jetbrains.plugins.gradle.model.tests.ExternalTestsModel                     : loaded 2 times (x 66B)
Class kotlin.ranges.RangesKt___RangesKt                                               : loaded 2 times (x 67B)
Class org.gradle.tooling.model.idea.IdeaLanguageLevel                                 : loaded 2 times (x 66B)
Class org.gradle.tooling.internal.adapter.ProtocolToModelAdapter$SafeMethodInvoker    : loaded 2 times (x 72B)
Class org.gradle.tooling.internal.adapter.WeakIdentityHashMap$WeakKey                 : loaded 2 times (x 75B)
Class org.gradle.internal.exceptions.DefaultMultiCauseException                       : loaded 2 times (x 91B)
Class com.google.common.util.concurrent.AbstractFuture$Failure                        : loaded 2 times (x 68B)
Class com.google.common.base.PatternCompiler                                          : loaded 2 times (x 66B)
Class com.google.common.base.Equivalence$Equals                                       : loaded 2 times (x 78B)
Class com.google.common.collect.Hashing                                               : loaded 2 times (x 67B)
Class [Lcom.google.common.base.AbstractIterator$State;                                : loaded 2 times (x 65B)
Class com.intellij.gradle.toolingExtension.impl.model.projectModel.GradleExternalProjectSerializationService: loaded 2 times (x 73B)
Class kotlin.collections.ArraysKt                                                     : loaded 2 times (x 67B)
Class kotlin.collections.ArrayDeque$Companion                                         : loaded 2 times (x 67B)
Class org.gradle.tooling.model.HierarchicalElement                                    : loaded 2 times (x 66B)
Class org.gradle.internal.classloader.FilteringClassLoader                            : loaded 2 times (x 101B)
Class org.objectweb.asm.Label                                                         : loaded 2 times (x 69B)
Class org.objectweb.asm.CurrentFrame                                                  : loaded 2 times (x 69B)
Class org.objectweb.asm.ClassTooLargeException                                        : loaded 2 times (x 79B)
Class kotlin.NotImplementedError                                                      : loaded 2 times (x 78B)
Class com.google.common.base.CharMatcher                                              : loaded 2 times (x 107B)
Class org.jetbrains.plugins.gradle.tooling.serialization.ExternalTestsSerializationService: loaded 2 times (x 73B)
Class com.google.common.collect.ByFunctionOrdering                                    : loaded 2 times (x 111B)
Class kotlin.collections.SetsKt__SetsKt                                               : loaded 2 times (x 67B)
Class kotlin.coroutines.EmptyCoroutineContext                                         : loaded 2 times (x 73B)
Class org.gradle.internal.time.Time                                                   : loaded 2 times (x 67B)
Class kotlin.sequences.FlatteningSequence                                             : loaded 2 times (x 71B)
Class org.objectweb.asm.Frame                                                         : loaded 2 times (x 69B)
Class org.objectweb.asm.MethodVisitor                                                 : loaded 2 times (x 100B)
Class com.google.common.cache.LocalCache$EntryFactory$1                               : loaded 2 times (x 79B)
Class [Lcom.google.common.cache.RemovalListener;                                      : loaded 2 times (x 65B)
Class com.google.common.base.CharMatcher$1                                            : loaded 2 times (x 109B)
Class com.google.common.base.CharMatcher$NamedFastMatcher                             : loaded 2 times (x 108B)
Class org.jetbrains.plugins.gradle.tooling.serialization.AnnotationProcessingModelSerializationService: loaded 2 times (x 73B)
Class com.google.common.collect.RangeGwtSerializationDependencies                     : loaded 2 times (x 67B)
Class kotlin.collections.ArraysKt__ArraysJVMKt                                        : loaded 2 times (x 67B)
Class com.google.common.cache.LocalCache$EntryFactory$2                               : loaded 2 times (x 79B)
Class [Lcom.intellij.openapi.externalSystem.model.project.dependencies.ResolutionState;: loaded 2 times (x 65B)
Class org.gradle.internal.impldep.gnu.trove.TObjectHash                               : loaded 2 times (x 90B)
Class org.jetbrains.plugins.gradle.model.DependencyAccessorsModel                     : loaded 2 times (x 66B)
Class com.google.common.collect.RangeSet                                              : loaded 2 times (x 66B)
Class kotlin.jvm.internal.CallableReference$NoReceiver                                : loaded 2 times (x 67B)
Class org.gradle.api.internal.classpath.GlobalCacheRootsProvider                      : loaded 2 times (x 66B)
Class org.objectweb.asm.ModuleWriter                                                  : loaded 2 times (x 77B)
Class com.google.common.cache.LocalCache$EntryFactory$3                               : loaded 2 times (x 79B)
Class com.google.common.base.Ticker$1                                                 : loaded 2 times (x 68B)
Class com.google.common.collect.ImmutableMapEntrySet$RegularEntrySet                  : loaded 2 times (x 147B)
Class com.google.common.collect.Maps$BiMapConverter                                   : loaded 2 times (x 86B)
Class org.jetbrains.kotlin.idea.gradleTooling.KotlinMPPGradleModel                    : loaded 2 times (x 66B)
Class com.intellij.gradle.toolingExtension.impl.model.dependencyDownloadPolicyModel.GradleDependencyDownloadPolicy: loaded 2 times (x 66B)
Class kotlin.NoWhenBranchMatchedException                                             : loaded 2 times (x 78B)
Class org.gradle.tooling.model.BuildIdentifier                                        : loaded 2 times (x 66B)
Class com.google.common.cache.LocalCache$EntryFactory$4                               : loaded 2 times (x 79B)
Class com.google.common.collect.ImmutableSet$Builder                                  : loaded 2 times (x 81B)
Class com.google.common.base.CharMatcher$InRange                                      : loaded 2 times (x 107B)
Class org.jetbrains.kotlin.idea.gradleTooling.PrepareKotlinIdeImportTaskModel         : loaded 2 times (x 66B)
Class com.google.common.cache.LocalCache$EntryFactory$5                               : loaded 2 times (x 79B)
Class com.android.ide.gradle.model.GradlePluginModel                                  : loaded 2 times (x 66B)
Class com.google.common.collect.ReverseOrdering                                       : loaded 2 times (x 111B)
Class org.gradle.tooling.model.build.JavaEnvironment                                  : loaded 2 times (x 66B)
Class com.google.common.cache.LocalCache$EntryFactory$6                               : loaded 2 times (x 79B)
Class org.jetbrains.plugins.gradle.model.GradleExtension                              : loaded 2 times (x 66B)
Class ijInit1_aigjrxuf3snavayjjbwvdbo7u                                               : loaded 2 times (x 175B)
Class org.gradle.internal.time.Timer                                                  : loaded 2 times (x 66B)
Class kotlin.jvm.internal.markers.KMappedMarker                                       : loaded 2 times (x 66B)
Class org.gradle.internal.installation.CurrentGradleInstallationLocator               : loaded 2 times (x 67B)
Class com.google.common.collect.Maps$KeySet                                           : loaded 2 times (x 133B)
Class com.google.common.cache.LocalCache$EntryFactory$7                               : loaded 2 times (x 79B)
Class com.google.common.collect.ImmutableSet$EmptySetBuilderImpl                      : loaded 2 times (x 72B)
Class org.jetbrains.plugins.gradle.tooling.serialization.internal.IdeaProjectSerializationService$ReadContext: loaded 2 times (x 68B)
Class org.gradle.tooling.internal.adapter.ProtocolToModelAdapter$ViewGraphDetails     : loaded 2 times (x 68B)
Class org.gradle.tooling.model.idea.IdeaProject                                       : loaded 2 times (x 66B)
Class org.gradle.tooling.model.DomainObjectSet                                        : loaded 2 times (x 66B)
Class org.gradle.internal.service.DefaultServiceLocator                               : loaded 2 times (x 79B)
Class com.google.common.cache.LocalCache$EntryFactory$8                               : loaded 2 times (x 79B)
Class com.google.common.collect.RegularImmutableMap$KeySet                            : loaded 2 times (x 146B)
Class kotlin.coroutines.jvm.internal.SuspendFunction                                  : loaded 2 times (x 66B)
Class org.gradle.util.GradleVersion                                                   : loaded 2 times (x 79B)
Class org.gradle.internal.installation.CurrentGradleInstallation                      : loaded 2 times (x 69B)
Class com.google.common.cache.CacheLoader$1                                           : loaded 2 times (x 71B)
Class com.google.common.collect.ForwardingObject                                      : loaded 2 times (x 68B)
Class com.google.common.base.Equivalence$Identity                                     : loaded 2 times (x 78B)
Class org.jetbrains.plugins.gradle.tooling.serialization.GradleExtensionsSerializationService$WriteContext: loaded 2 times (x 68B)
Class com.intellij.gradle.toolingExtension.impl.model.taskModel.GradleTaskSerialisationService$Companion: loaded 2 times (x 67B)
Class org.jetbrains.plugins.gradle.javaModel.JavaGradleManifestModel                  : loaded 2 times (x 66B)
Class kotlin.coroutines.intrinsics.IntrinsicsKt__IntrinsicsJvmKt                      : loaded 2 times (x 67B)
Class kotlin.coroutines.jvm.internal.CoroutineStackFrame                              : loaded 2 times (x 66B)
Class org.gradle.tooling.internal.adapter.ProtocolToModelAdapter$MethodInvocationCache$MethodInvocationKey: loaded 2 times (x 69B)
Class org.gradle.util.internal.GUtil                                                  : loaded 2 times (x 67B)
Class com.google.common.util.concurrent.AbstractFuture$SetFuture                      : loaded 2 times (x 71B)
Class com.google.common.cache.AbstractCache$StatsCounter                              : loaded 2 times (x 66B)
Class com.intellij.gradle.toolingExtension.impl.model.sourceSetModel.GradleSourceSetSerialisationService$SourceSetModelReadContext: loaded 2 times (x 68B)
Class com.intellij.gradle.toolingExtension.impl.model.utilTurnOffDefaultTasksModel.TurnOffDefaultTasks: loaded 2 times (x 66B)
Class kotlin.collections.CollectionsKt                                                : loaded 2 times (x 67B)
Class com.google.common.base.CharMatcher$JavaLetter                                   : loaded 2 times (x 107B)
Class com.google.common.base.PairwiseEquivalence                                      : loaded 2 times (x 79B)
Class com.intellij.gradle.toolingExtension.impl.model.sourceSetModel.GradleSourceSetSerialisationService$SourceSetModelWriteContext: loaded 2 times (x 68B)
Class kotlin.coroutines.CoroutineContext                                              : loaded 2 times (x 66B)
Class kotlin.coroutines.jvm.internal.DebugProbesKt                                    : loaded 2 times (x 67B)
Class org.gradle.tooling.internal.adapter.WeakIdentityHashMap                         : loaded 2 times (x 72B)
Class org.gradle.tooling.internal.adapter.ProtocolToModelAdapter$1                    : loaded 2 times (x 71B)
Class org.gradle.tooling.internal.adapter.ProtocolToModelAdapter$ViewDecoration       : loaded 2 times (x 66B)
Class org.gradle.internal.installation.GradleInstallation                             : loaded 2 times (x 71B)
Class com.google.common.collect.Iterables                                             : loaded 2 times (x 67B)
Class com.google.common.base.Splitter$Strategy                                        : loaded 2 times (x 66B)
Class org.jetbrains.plugins.gradle.tooling.serialization.GradleExtensionsSerializationService$ReadContext: loaded 2 times (x 68B)
Class com.google.common.collect.LexicographicalOrdering                               : loaded 2 times (x 111B)
Class org.gradle.tooling.internal.adapter.MethodInvoker                               : loaded 2 times (x 66B)
Class org.jetbrains.plugins.gradle.tooling.serialization.RepositoriesModelSerializationService$WriteContext: loaded 2 times (x 68B)
Class com.android.ide.gradle.model.LegacyAndroidGradlePluginProperties                : loaded 2 times (x 66B)
Class kotlin.jvm.KotlinReflectionNotSupportedError                                    : loaded 2 times (x 78B)
Class org.gradle.tooling.model.gradle.GradleScript                                    : loaded 2 times (x 66B)

---------------  S Y S T E M  ---------------

OS:
 Windows 11 , 64 bit Build 26100 (10.0.26100.7920)
OS uptime: 3 days 12:11 hours
Hyper-V role detected

CPU: total 12 (initial active 12) (12 cores per cpu, 2 threads per core) family 25 model 80 stepping 0 microcode 0xa50000f, cx8, cmov, fxsr, ht, mmx, 3dnowpref, sse, sse2, sse3, ssse3, sse4a, sse4.1, sse4.2, popcnt, lzcnt, tsc, tscinvbit, avx, avx2, aes, erms, clmul, bmi1, bmi2, adx, sha, fma, vzeroupper, clflush, clflushopt, hv, rdtscp, rdpid, fsrm, f16c, cet_ss
Processor Information for processor 0
  Max Mhz: 3301, Current Mhz: 2088, Mhz Limit: 2079
Processor Information for processor 1
  Max Mhz: 3301, Current Mhz: 2088, Mhz Limit: 2079
Processor Information for processor 2
  Max Mhz: 3301, Current Mhz: 2630, Mhz Limit: 3301
Processor Information for processor 3
  Max Mhz: 3301, Current Mhz: 3301, Mhz Limit: 3301
Processor Information for processor 4
  Max Mhz: 3301, Current Mhz: 2630, Mhz Limit: 3301
Processor Information for processor 5
  Max Mhz: 3301, Current Mhz: 2630, Mhz Limit: 3301
Processor Information for processor 6
  Max Mhz: 3301, Current Mhz: 3301, Mhz Limit: 3301
Processor Information for processor 7
  Max Mhz: 3301, Current Mhz: 3301, Mhz Limit: 3301
Processor Information for processor 8
  Max Mhz: 3301, Current Mhz: 2630, Mhz Limit: 3301
Processor Information for processor 9
  Max Mhz: 3301, Current Mhz: 3301, Mhz Limit: 3301
Processor Information for processor 10
  Max Mhz: 3301, Current Mhz: 2630, Mhz Limit: 3301
Processor Information for processor 11
  Max Mhz: 3301, Current Mhz: 3301, Mhz Limit: 3301

Memory: 4k page, system-wide physical 7518M (1020M free)
TotalPageFile size 31070M (AvailPageFile size 19M)
current process WorkingSet (physical memory assigned to process): 460M, peak: 482M
current process commit charge ("private bytes"): 564M, peak: 587M

vm_info: OpenJDK 64-Bit Server VM (21.0.5+-13047016-b750.29) for windows-amd64 JRE (21.0.5+-13047016-b750.29), built on 2025-02-11T21:12:39Z by "builder" with MS VC++ 16.10 / 16.11 (VS2019)

END.
