#
# There is insufficient memory for the Java Runtime Environment to continue.
# Native memory allocation (malloc) failed to allocate 1969808 bytes. Error detail: Chunk::new
# Possible reasons:
#   The system is out of physical RAM or swap space
#   This process is running with CompressedOops enabled, and the Java Heap may be blocking the growth of the native heap
# Possible solutions:
#   Reduce memory load on the system
#   Increase physical memory or swap space
#   Check if swap backing store is full
#   Decrease Java heap size (-Xmx/-Xms)
#   Decrease number of Java threads
#   Decrease Java thread stack sizes (-Xss)
#   Set larger code cache with -XX:ReservedCodeCacheSize=
#   JVM is running with Unscaled Compressed Oops mode in which the Java heap is
#     placed in the first 4GB address space. The Java Heap base address is the
#     maximum limit for the native heap growth. Please use -XX:HeapBaseMinAddress
#     to set the Java Heap base and to place the Java Heap above 4GB virtual address.
# This output file may be truncated or incomplete.
#
#  Out of Memory Error (arena.cpp:168), pid=31336, tid=28508
#
# JRE version: OpenJDK Runtime Environment (21.0.5) (build 21.0.5+-13047016-b750.29)
# Java VM: OpenJDK 64-Bit Server VM (21.0.5+-13047016-b750.29, mixed mode, tiered, compressed oops, compressed class ptrs, g1 gc, windows-amd64)
# No core dump will be written. Minidumps are not enabled by default on client versions of Windows
#

---------------  S U M M A R Y ------------

Command Line: --add-opens=java.base/java.util=ALL-UNNAMED --add-opens=java.base/java.lang=ALL-UNNAMED --add-opens=java.base/java.lang.invoke=ALL-UNNAMED --add-opens=java.prefs/java.util.prefs=ALL-UNNAMED --add-exports=jdk.compiler/com.sun.tools.javac.api=ALL-UNNAMED --add-exports=jdk.compiler/com.sun.tools.javac.util=ALL-UNNAMED --add-opens=java.base/java.nio.charset=ALL-UNNAMED --add-opens=java.base/java.net=ALL-UNNAMED --add-opens=java.base/java.util.concurrent.atomic=ALL-UNNAMED -XX:MaxMetaspaceSize=384m -XX:+HeapDumpOnOutOfMemoryError -Xms256m -Xmx512m -Dfile.encoding=UTF-8 -Duser.country=IN -Duser.language=en -Duser.variant -javaagent:C:\Users\nihar\.gradle\wrapper\dists\gradle-8.10-bin\deqhafrv1ntovfmgh0nh3npr9\gradle-8.10\lib\agents\gradle-instrumentation-agent-8.10.jar org.gradle.launcher.daemon.bootstrap.GradleDaemon 8.10

Host: AMD Ryzen 5 5600H with Radeon Graphics         , 12 cores, 7G,  Windows 11 , 64 bit Build 26100 (10.0.26100.7920)
Time: Sun Mar 29 10:35:55 2026 India Standard Time elapsed time: 22.708265 seconds (0d 0h 0m 22s)

---------------  T H R E A D  ---------------

Current thread (0x000002417f0e3950):  JavaThread "C2 CompilerThread0" daemon [_thread_in_native, id=28508, stack(0x00000071a5900000,0x00000071a5a00000) (1024K)]


Current CompileTask:
C2:22708 13052       4       org.gradle.tooling.internal.adapter.ProtocolToModelAdapter$SupportedPropertyInvoker::invoke (154 bytes)

Stack: [0x00000071a5900000,0x00000071a5a00000]
Native frames: (J=compiled Java code, j=interpreted, Vv=VM code, C=native code)
V  [jvm.dll+0x6cfb29]
V  [jvm.dll+0x85df93]
V  [jvm.dll+0x8604ee]
V  [jvm.dll+0x860bd3]
V  [jvm.dll+0x27e6b6]
V  [jvm.dll+0xbff6d]
V  [jvm.dll+0xc04a3]
V  [jvm.dll+0x3b5ffb]
V  [jvm.dll+0x381f97]
V  [jvm.dll+0x38140a]
V  [jvm.dll+0x247c62]
V  [jvm.dll+0x247231]
V  [jvm.dll+0x1c5ee4]
V  [jvm.dll+0x25697c]
V  [jvm.dll+0x254ec6]
V  [jvm.dll+0x3f0ce6]
V  [jvm.dll+0x806368]
V  [jvm.dll+0x6ce3fd]
C  [ucrtbase.dll+0x37b0]
C  [KERNEL32.DLL+0x2e8d7]
C  [ntdll.dll+0x8c48c]


---------------  P R O C E S S  ---------------

Threads class SMR info:
_java_thread_list=0x0000024102a7cde0, length=182, elements={
0x0000024164d998e0, 0x000002417f0b2130, 0x000002417f0f5250, 0x000002417f0f5f20,
0x000002417f0f6970, 0x000002417f0ddcc0, 0x000002417f0df280, 0x000002417f0e3950,
0x000002417f0fbf10, 0x000002417f1f78d0, 0x000002417f3f7330, 0x00000241015ec390,
0x00000241015d52a0, 0x0000024101616c30, 0x000002410162eab0, 0x000002410161ffe0,
0x0000024101654290, 0x00000241018b20e0, 0x00000241018b4d00, 0x00000241018ba5f0,
0x00000241018b8520, 0x00000241018bac80, 0x00000241018b7800, 0x00000241018b7e90,
0x00000241018b8bb0, 0x00000241018b98d0, 0x00000241018b9240, 0x00000241018b9f60,
0x0000024101c210b0, 0x0000024101c20a20, 0x0000024101c20390, 0x0000024101c1efe0,
0x0000024101c1f670, 0x0000024101c1fd00, 0x0000024101c1e950, 0x0000024101c21740,
0x0000024101c1e2c0, 0x0000024101c24bc0, 0x0000024101c25250, 0x0000024101c24530,
0x0000024101c21dd0, 0x0000024101c23ea0, 0x0000024101c23180, 0x0000024101c258e0,
0x0000024103822ea0, 0x0000024103823530, 0x0000024103821af0, 0x0000024103820740,
0x0000024103822180, 0x0000024103820dd0, 0x0000024103821460, 0x0000024103827040,
0x00000241038276d0, 0x00000241038269b0, 0x0000024103824250, 0x0000024103827d60,
0x00000241038248e0, 0x0000024103826320, 0x0000024103824f70, 0x0000024103825600,
0x0000024103825c90, 0x00000241028f62d0, 0x00000241028f4200, 0x00000241028f4890,
0x00000241028f5c40, 0x00000241028f34e0, 0x00000241028f8a30, 0x00000241028f83a0,
0x00000241028f90c0, 0x00000241028f9750, 0x00000241028f9de0, 0x00000241028fa470,
0x00000241028f6ff0, 0x00000241028f7680, 0x00000241028f7d10, 0x0000024103de0720,
0x0000024103de1ad0, 0x0000024103ddfa00, 0x0000024103ddece0, 0x0000024103de0090,
0x0000024103de0db0, 0x0000024103de1440, 0x0000024103ddf370, 0x0000024103dde650,
0x0000024103de2e80, 0x0000024103de3510, 0x0000024103de3ba0, 0x0000024103de4230,
0x0000024103de55e0, 0x0000024103de2160, 0x0000024103de5c70, 0x0000024103de4f50,
0x0000024103de48c0, 0x0000024103de27f0, 0x00000241038f9f80, 0x00000241038f7eb0,
0x00000241038fa610, 0x00000241038f8540, 0x00000241038f7820, 0x0000024104ee1380,
0x0000024104ee20a0, 0x0000024104ee1a10, 0x0000024104ee2730, 0x0000024104ee2dc0,
0x0000024104ee3450, 0x0000024104ee0660, 0x0000024104ee4170, 0x0000024104ee0cf0,
0x0000024104ee6f60, 0x0000024104ee68d0, 0x0000024104ee6240, 0x0000024104ee75f0,
0x0000024104ee7c80, 0x0000024104ee4800, 0x00000241031e3e40, 0x00000241031e2400,
0x000002410a5f3ee0, 0x000002410a5f0a60, 0x000002410a5f2b30, 0x000002410a5f4570,
0x000002410a5f1e10, 0x000002410a5f31c0, 0x000002410a5f3850, 0x000002410a5f1780,
0x000002410a5f10f0, 0x000002410a5f4c00, 0x000002410a5f5920, 0x0000024102d0bc80,
0x000002410a5f6640, 0x000002410a5f5290, 0x000002410a5f5fb0, 0x000002410a5f6cd0,
0x000002410a5f79f0, 0x000002410abd2830, 0x000002410abd3be0, 0x000002410abd4270,
0x000002410abd21a0, 0x000002410abd0df0, 0x000002410abd1480, 0x000002410abd2ec0,
0x000002410abd1b10, 0x000002410abd4f90, 0x000002410abd4900, 0x000002410abd5620,
0x000002410abd8410, 0x000002410abd6340, 0x000002410abd5cb0, 0x000002410abd76f0,
0x000002410abd69d0, 0x000002410abd7060, 0x000002410aa540d0, 0x000002410aa56830,
0x000002410aa54760, 0x000002410aa54df0, 0x000002410aa55480, 0x000002410aa533b0,
0x000002410aa55b10, 0x000002410aa561a0, 0x000002410aa56ec0, 0x000002410aa53a40,
0x000002410aa5a9d0, 0x000002410aa57550, 0x000002410aa59cb0, 0x000002410aa5a340,
0x000002410aa5b060, 0x000002410aa57be0, 0x000002410aa58270, 0x000002410aa5b6f0,
0x000002410aa59620, 0x000002410aa5bd80, 0x000002410aa58900, 0x000002410aa58f90,
0x000002410aa5f890, 0x000002410aa5de50, 0x000002410aa5c410, 0x000002410aa5ff20,
0x000002410aa5d130, 0x000002410aa5caa0, 0x000002410aa5e4e0, 0x000002410aa60c40,
0x000002410aa605b0, 0x0000024102d0ec30
}

Java Threads: ( => current thread )
  0x0000024164d998e0 JavaThread "main"                              [_thread_blocked, id=30668, stack(0x00000071a4b00000,0x00000071a4c00000) (1024K)]
  0x000002417f0b2130 JavaThread "Reference Handler"          daemon [_thread_blocked, id=33576, stack(0x00000071a5300000,0x00000071a5400000) (1024K)]
  0x000002417f0f5250 JavaThread "Finalizer"                  daemon [_thread_blocked, id=3592, stack(0x00000071a5400000,0x00000071a5500000) (1024K)]
  0x000002417f0f5f20 JavaThread "Signal Dispatcher"          daemon [_thread_blocked, id=24964, stack(0x00000071a5500000,0x00000071a5600000) (1024K)]
  0x000002417f0f6970 JavaThread "Attach Listener"            daemon [_thread_blocked, id=14412, stack(0x00000071a5600000,0x00000071a5700000) (1024K)]
  0x000002417f0ddcc0 JavaThread "Service Thread"             daemon [_thread_blocked, id=23176, stack(0x00000071a5700000,0x00000071a5800000) (1024K)]
  0x000002417f0df280 JavaThread "Monitor Deflation Thread"   daemon [_thread_blocked, id=24908, stack(0x00000071a5800000,0x00000071a5900000) (1024K)]
=>0x000002417f0e3950 JavaThread "C2 CompilerThread0"         daemon [_thread_in_native, id=28508, stack(0x00000071a5900000,0x00000071a5a00000) (1024K)]
  0x000002417f0fbf10 JavaThread "C1 CompilerThread0"         daemon [_thread_blocked, id=25156, stack(0x00000071a5a00000,0x00000071a5b00000) (1024K)]
  0x000002417f1f78d0 JavaThread "Common-Cleaner"             daemon [_thread_blocked, id=15532, stack(0x00000071a5b00000,0x00000071a5c00000) (1024K)]
  0x000002417f3f7330 JavaThread "Notification Thread"        daemon [_thread_blocked, id=17248, stack(0x00000071a5c00000,0x00000071a5d00000) (1024K)]
  0x00000241015ec390 JavaThread "Daemon health stats"               [_thread_blocked, id=19332, stack(0x00000071a6500000,0x00000071a6600000) (1024K)]
  0x00000241015d52a0 JavaThread "Incoming local TCP Connector on port 63634"        [_thread_in_native, id=17364, stack(0x00000071a6600000,0x00000071a6700000) (1024K)]
  0x0000024101616c30 JavaThread "Daemon periodic checks"            [_thread_blocked, id=32716, stack(0x00000071a6700000,0x00000071a6800000) (1024K)]
  0x000002410162eab0 JavaThread "Daemon"                            [_thread_blocked, id=27152, stack(0x00000071a6800000,0x00000071a6900000) (1024K)]
  0x000002410161ffe0 JavaThread "Handler for socket connection from /127.0.0.1:63634 to /127.0.0.1:63635"        [_thread_in_native, id=33976, stack(0x00000071a6900000,0x00000071a6a00000) (1024K)]
  0x0000024101654290 JavaThread "Cancel handler"                    [_thread_blocked, id=28328, stack(0x00000071a6a00000,0x00000071a6b00000) (1024K)]
  0x00000241018b20e0 JavaThread "Daemon worker"                     [_thread_in_native, id=19476, stack(0x00000071a6b00000,0x00000071a6c00000) (1024K)]
  0x00000241018b4d00 JavaThread "Asynchronous log dispatcher for DefaultDaemonConnection: socket connection from /127.0.0.1:63634 to /127.0.0.1:63635"        [_thread_blocked, id=4724, stack(0x00000071a6c00000,0x00000071a6d00000) (1024K)]
  0x00000241018ba5f0 JavaThread "Stdin handler"                     [_thread_blocked, id=34464, stack(0x00000071a6d00000,0x00000071a6e00000) (1024K)]
  0x00000241018b8520 JavaThread "Daemon client event forwarder"        [_thread_blocked, id=32160, stack(0x00000071a6e00000,0x00000071a6f00000) (1024K)]
  0x00000241018bac80 JavaThread "Cache worker for journal cache (C:\Users\nihar\.gradle\caches\journal-1)"        [_thread_blocked, id=10544, stack(0x00000071a7200000,0x00000071a7300000) (1024K)]
  0x00000241018b7800 JavaThread "File lock request listener"        [_thread_in_native, id=22308, stack(0x00000071a7300000,0x00000071a7400000) (1024K)]
  0x00000241018b7e90 JavaThread "Cache worker for file hash cache (C:\Users\nihar\.gradle\caches\8.10\fileHashes)"        [_thread_blocked, id=34148, stack(0x00000071a7400000,0x00000071a7500000) (1024K)]
  0x00000241018b8bb0 JavaThread "Cache worker for file hash cache (C:\Users\nihar\Documents\trae_projects\KisanSetu\.gradle\8.10\fileHashes)"        [_thread_blocked, id=3704, stack(0x00000071a7500000,0x00000071a7600000) (1024K)]
  0x00000241018b98d0 JavaThread "Cache worker for Build Output Cleanup Cache (C:\Users\nihar\Documents\trae_projects\KisanSetu\.gradle\buildOutputCleanup)"        [_thread_blocked, id=8744, stack(0x00000071a7600000,0x00000071a7700000) (1024K)]
  0x00000241018b9240 JavaThread "File watcher server"        daemon [_thread_in_native, id=12372, stack(0x00000071a7700000,0x00000071a7800000) (1024K)]
  0x00000241018b9f60 JavaThread "File watcher consumer"      daemon [_thread_blocked, id=24448, stack(0x00000071a7800000,0x00000071a7900000) (1024K)]
  0x0000024101c210b0 JavaThread "jar transforms"                    [_thread_blocked, id=7688, stack(0x00000071a7900000,0x00000071a7a00000) (1024K)]
  0x0000024101c20a20 JavaThread "jar transforms Thread 2"           [_thread_blocked, id=18644, stack(0x00000071a7a00000,0x00000071a7b00000) (1024K)]
  0x0000024101c20390 JavaThread "jar transforms Thread 3"           [_thread_blocked, id=23508, stack(0x00000071a7b00000,0x00000071a7c00000) (1024K)]
  0x0000024101c1efe0 JavaThread "jar transforms Thread 4"           [_thread_blocked, id=8112, stack(0x00000071a7c00000,0x00000071a7d00000) (1024K)]
  0x0000024101c1f670 JavaThread "jar transforms Thread 5"           [_thread_blocked, id=25716, stack(0x00000071a7d00000,0x00000071a7e00000) (1024K)]
  0x0000024101c1fd00 JavaThread "jar transforms Thread 6"           [_thread_blocked, id=5136, stack(0x00000071a7e00000,0x00000071a7f00000) (1024K)]
  0x0000024101c1e950 JavaThread "jar transforms Thread 7"           [_thread_blocked, id=12580, stack(0x00000071a7f00000,0x00000071a8000000) (1024K)]
  0x0000024101c21740 JavaThread "jar transforms Thread 8"           [_thread_blocked, id=19976, stack(0x00000071a8000000,0x00000071a8100000) (1024K)]
  0x0000024101c1e2c0 JavaThread "jar transforms Thread 9"           [_thread_blocked, id=3304, stack(0x00000071a8100000,0x00000071a8200000) (1024K)]
  0x0000024101c24bc0 JavaThread "jar transforms Thread 10"          [_thread_blocked, id=27944, stack(0x00000071a8200000,0x00000071a8300000) (1024K)]
  0x0000024101c25250 JavaThread "jar transforms Thread 11"          [_thread_blocked, id=14520, stack(0x00000071a8300000,0x00000071a8400000) (1024K)]
  0x0000024101c24530 JavaThread "jar transforms Thread 12"          [_thread_blocked, id=11540, stack(0x00000071a8400000,0x00000071a8500000) (1024K)]
  0x0000024101c21dd0 JavaThread "Cache worker for checksums cache (C:\Users\nihar\Documents\trae_projects\KisanSetu\.gradle\8.10\checksums)"        [_thread_blocked, id=14136, stack(0x00000071a8500000,0x00000071a8600000) (1024K)]
  0x0000024101c23ea0 JavaThread "Cache worker for file content cache (C:\Users\nihar\.gradle\caches\8.10\fileContent)"        [_thread_blocked, id=12272, stack(0x00000071a8600000,0x00000071a8700000) (1024K)]
  0x0000024101c23180 JavaThread "Cache worker for cache directory md-rule (C:\Users\nihar\.gradle\caches\8.10\md-rule)"        [_thread_blocked, id=26896, stack(0x00000071a8700000,0x00000071a8800000) (1024K)]
  0x0000024101c258e0 JavaThread "Cache worker for cache directory md-supplier (C:\Users\nihar\.gradle\caches\8.10\md-supplier)"        [_thread_blocked, id=13764, stack(0x00000071a8800000,0x00000071a8900000) (1024K)]
  0x0000024103822ea0 JavaThread "Unconstrained build operations"        [_thread_blocked, id=33952, stack(0x00000071a8900000,0x00000071a8a00000) (1024K)]
  0x0000024103823530 JavaThread "Unconstrained build operations Thread 2"        [_thread_blocked, id=1108, stack(0x00000071a8a00000,0x00000071a8b00000) (1024K)]
  0x0000024103821af0 JavaThread "Unconstrained build operations Thread 3"        [_thread_blocked, id=6676, stack(0x00000071a8b00000,0x00000071a8c00000) (1024K)]
  0x0000024103820740 JavaThread "Unconstrained build operations Thread 4"        [_thread_blocked, id=22872, stack(0x00000071a8c00000,0x00000071a8d00000) (1024K)]
  0x0000024103822180 JavaThread "Unconstrained build operations Thread 5"        [_thread_blocked, id=2168, stack(0x00000071a8d00000,0x00000071a8e00000) (1024K)]
  0x0000024103820dd0 JavaThread "Unconstrained build operations Thread 6"        [_thread_blocked, id=21248, stack(0x00000071a8e00000,0x00000071a8f00000) (1024K)]
  0x0000024103821460 JavaThread "Unconstrained build operations Thread 7"        [_thread_blocked, id=1104, stack(0x00000071a8f00000,0x00000071a9000000) (1024K)]
  0x0000024103827040 JavaThread "Unconstrained build operations Thread 8"        [_thread_blocked, id=24164, stack(0x00000071a9000000,0x00000071a9100000) (1024K)]
  0x00000241038276d0 JavaThread "Unconstrained build operations Thread 9"        [_thread_blocked, id=22212, stack(0x00000071a9100000,0x00000071a9200000) (1024K)]
  0x00000241038269b0 JavaThread "Unconstrained build operations Thread 10"        [_thread_blocked, id=31548, stack(0x00000071a9200000,0x00000071a9300000) (1024K)]
  0x0000024103824250 JavaThread "Unconstrained build operations Thread 11"        [_thread_blocked, id=6380, stack(0x00000071a9300000,0x00000071a9400000) (1024K)]
  0x0000024103827d60 JavaThread "Unconstrained build operations Thread 12"        [_thread_blocked, id=6888, stack(0x00000071a9400000,0x00000071a9500000) (1024K)]
  0x00000241038248e0 JavaThread "Unconstrained build operations Thread 13"        [_thread_blocked, id=31524, stack(0x00000071a9500000,0x00000071a9600000) (1024K)]
  0x0000024103826320 JavaThread "Unconstrained build operations Thread 14"        [_thread_blocked, id=28028, stack(0x00000071a9600000,0x00000071a9700000) (1024K)]
  0x0000024103824f70 JavaThread "Unconstrained build operations Thread 15"        [_thread_blocked, id=33584, stack(0x00000071a9700000,0x00000071a9800000) (1024K)]
  0x0000024103825600 JavaThread "Unconstrained build operations Thread 16"        [_thread_blocked, id=31364, stack(0x00000071a9800000,0x00000071a9900000) (1024K)]
  0x0000024103825c90 JavaThread "Unconstrained build operations Thread 17"        [_thread_blocked, id=28788, stack(0x00000071a9900000,0x00000071a9a00000) (1024K)]
  0x00000241028f62d0 JavaThread "Unconstrained build operations Thread 18"        [_thread_blocked, id=13124, stack(0x00000071a9a00000,0x00000071a9b00000) (1024K)]
  0x00000241028f4200 JavaThread "Unconstrained build operations Thread 19"        [_thread_blocked, id=27736, stack(0x00000071a9b00000,0x00000071a9c00000) (1024K)]
  0x00000241028f4890 JavaThread "Unconstrained build operations Thread 20"        [_thread_blocked, id=10128, stack(0x00000071a9c00000,0x00000071a9d00000) (1024K)]
  0x00000241028f5c40 JavaThread "Unconstrained build operations Thread 21"        [_thread_blocked, id=20532, stack(0x00000071a9d00000,0x00000071a9e00000) (1024K)]
  0x00000241028f34e0 JavaThread "Unconstrained build operations Thread 22"        [_thread_blocked, id=14448, stack(0x00000071a9e00000,0x00000071a9f00000) (1024K)]
  0x00000241028f8a30 JavaThread "Unconstrained build operations Thread 23"        [_thread_blocked, id=11280, stack(0x00000071a9f00000,0x00000071aa000000) (1024K)]
  0x00000241028f83a0 JavaThread "Unconstrained build operations Thread 24"        [_thread_blocked, id=4176, stack(0x00000071aa000000,0x00000071aa100000) (1024K)]
  0x00000241028f90c0 JavaThread "Unconstrained build operations Thread 25"        [_thread_blocked, id=12196, stack(0x00000071aa100000,0x00000071aa200000) (1024K)]
  0x00000241028f9750 JavaThread "Unconstrained build operations Thread 26"        [_thread_blocked, id=34744, stack(0x00000071aa200000,0x00000071aa300000) (1024K)]
  0x00000241028f9de0 JavaThread "Unconstrained build operations Thread 27"        [_thread_blocked, id=33220, stack(0x00000071aa300000,0x00000071aa400000) (1024K)]
  0x00000241028fa470 JavaThread "Unconstrained build operations Thread 28"        [_thread_blocked, id=15880, stack(0x00000071aa400000,0x00000071aa500000) (1024K)]
  0x00000241028f6ff0 JavaThread "Unconstrained build operations Thread 29"        [_thread_blocked, id=20332, stack(0x00000071aa500000,0x00000071aa600000) (1024K)]
  0x00000241028f7680 JavaThread "Unconstrained build operations Thread 30"        [_thread_blocked, id=32680, stack(0x00000071aa600000,0x00000071aa700000) (1024K)]
  0x00000241028f7d10 JavaThread "Unconstrained build operations Thread 31"        [_thread_blocked, id=1992, stack(0x00000071aa700000,0x00000071aa800000) (1024K)]
  0x0000024103de0720 JavaThread "Unconstrained build operations Thread 32"        [_thread_blocked, id=31580, stack(0x00000071aa800000,0x00000071aa900000) (1024K)]
  0x0000024103de1ad0 JavaThread "Unconstrained build operations Thread 33"        [_thread_blocked, id=32420, stack(0x00000071aa900000,0x00000071aaa00000) (1024K)]
  0x0000024103ddfa00 JavaThread "Unconstrained build operations Thread 34"        [_thread_blocked, id=32100, stack(0x00000071aaa00000,0x00000071aab00000) (1024K)]
  0x0000024103ddece0 JavaThread "Unconstrained build operations Thread 35"        [_thread_blocked, id=13412, stack(0x00000071aab00000,0x00000071aac00000) (1024K)]
  0x0000024103de0090 JavaThread "Unconstrained build operations Thread 36"        [_thread_blocked, id=6160, stack(0x00000071aac00000,0x00000071aad00000) (1024K)]
  0x0000024103de0db0 JavaThread "Unconstrained build operations Thread 37"        [_thread_blocked, id=26928, stack(0x00000071aad00000,0x00000071aae00000) (1024K)]
  0x0000024103de1440 JavaThread "Unconstrained build operations Thread 38"        [_thread_blocked, id=30768, stack(0x00000071aae00000,0x00000071aaf00000) (1024K)]
  0x0000024103ddf370 JavaThread "Unconstrained build operations Thread 39"        [_thread_blocked, id=5612, stack(0x00000071aaf00000,0x00000071ab000000) (1024K)]
  0x0000024103dde650 JavaThread "Unconstrained build operations Thread 40"        [_thread_blocked, id=27236, stack(0x00000071ab000000,0x00000071ab100000) (1024K)]
  0x0000024103de2e80 JavaThread "Unconstrained build operations Thread 41"        [_thread_blocked, id=27052, stack(0x00000071ab100000,0x00000071ab200000) (1024K)]
  0x0000024103de3510 JavaThread "Unconstrained build operations Thread 42"        [_thread_blocked, id=15792, stack(0x00000071ab200000,0x00000071ab300000) (1024K)]
  0x0000024103de3ba0 JavaThread "Unconstrained build operations Thread 43"        [_thread_blocked, id=4192, stack(0x00000071ab300000,0x00000071ab400000) (1024K)]
  0x0000024103de4230 JavaThread "Unconstrained build operations Thread 44"        [_thread_blocked, id=3128, stack(0x00000071ab400000,0x00000071ab500000) (1024K)]
  0x0000024103de55e0 JavaThread "Unconstrained build operations Thread 45"        [_thread_blocked, id=31848, stack(0x00000071ab500000,0x00000071ab600000) (1024K)]
  0x0000024103de2160 JavaThread "Unconstrained build operations Thread 46"        [_thread_blocked, id=18528, stack(0x00000071ab600000,0x00000071ab700000) (1024K)]
  0x0000024103de5c70 JavaThread "Unconstrained build operations Thread 47"        [_thread_blocked, id=25484, stack(0x00000071ab700000,0x00000071ab800000) (1024K)]
  0x0000024103de4f50 JavaThread "Unconstrained build operations Thread 48"        [_thread_blocked, id=28012, stack(0x00000071ab800000,0x00000071ab900000) (1024K)]
  0x0000024103de48c0 JavaThread "Unconstrained build operations Thread 49"        [_thread_blocked, id=9168, stack(0x00000071ab900000,0x00000071aba00000) (1024K)]
  0x0000024103de27f0 JavaThread "Unconstrained build operations Thread 50"        [_thread_blocked, id=16768, stack(0x00000071aba00000,0x00000071abb00000) (1024K)]
  0x00000241038f9f80 JavaThread "Unconstrained build operations Thread 51"        [_thread_blocked, id=28308, stack(0x00000071abb00000,0x00000071abc00000) (1024K)]
  0x00000241038f7eb0 JavaThread "Unconstrained build operations Thread 52"        [_thread_blocked, id=29660, stack(0x00000071abc00000,0x00000071abd00000) (1024K)]
  0x00000241038fa610 JavaThread "Unconstrained build operations Thread 53"        [_thread_blocked, id=33192, stack(0x00000071abd00000,0x00000071abe00000) (1024K)]
  0x00000241038f8540 JavaThread "Unconstrained build operations Thread 54"        [_thread_blocked, id=9964, stack(0x00000071abe00000,0x00000071abf00000) (1024K)]
  0x00000241038f7820 JavaThread "Memory manager"                    [_thread_blocked, id=22240, stack(0x00000071abf00000,0x00000071ac000000) (1024K)]
  0x0000024104ee1380 JavaThread "pool-3-thread-1"                   [_thread_blocked, id=33452, stack(0x00000071ac000000,0x00000071ac100000) (1024K)]
  0x0000024104ee20a0 JavaThread "File lock release action executor"        [_thread_blocked, id=26444, stack(0x00000071ac100000,0x00000071ac200000) (1024K)]
  0x0000024104ee1a10 JavaThread "included builds"                   [_thread_blocked, id=26428, stack(0x00000071ac200000,0x00000071ac300000) (1024K)]
  0x0000024104ee2730 JavaThread "Execution worker"                  [_thread_blocked, id=1952, stack(0x00000071ac300000,0x00000071ac400000) (1024K)]
  0x0000024104ee2dc0 JavaThread "Execution worker Thread 2"         [_thread_blocked, id=28940, stack(0x00000071ac400000,0x00000071ac500000) (1024K)]
  0x0000024104ee3450 JavaThread "Execution worker Thread 3"         [_thread_blocked, id=27292, stack(0x00000071ac500000,0x00000071ac600000) (1024K)]
  0x0000024104ee0660 JavaThread "Execution worker Thread 4"         [_thread_blocked, id=17600, stack(0x00000071ac600000,0x00000071ac700000) (1024K)]
  0x0000024104ee4170 JavaThread "Execution worker Thread 5"         [_thread_blocked, id=4576, stack(0x00000071ac700000,0x00000071ac800000) (1024K)]
  0x0000024104ee0cf0 JavaThread "Execution worker Thread 6"         [_thread_blocked, id=23792, stack(0x00000071ac800000,0x00000071ac900000) (1024K)]
  0x0000024104ee6f60 JavaThread "Execution worker Thread 7"         [_thread_blocked, id=14624, stack(0x00000071ac900000,0x00000071aca00000) (1024K)]
  0x0000024104ee68d0 JavaThread "Execution worker Thread 8"         [_thread_blocked, id=8200, stack(0x00000071aca00000,0x00000071acb00000) (1024K)]
  0x0000024104ee6240 JavaThread "Execution worker Thread 9"         [_thread_blocked, id=25772, stack(0x00000071acb00000,0x00000071acc00000) (1024K)]
  0x0000024104ee75f0 JavaThread "Execution worker Thread 10"        [_thread_blocked, id=26156, stack(0x00000071acc00000,0x00000071acd00000) (1024K)]
  0x0000024104ee7c80 JavaThread "Execution worker Thread 11"        [_thread_blocked, id=12852, stack(0x00000071acd00000,0x00000071ace00000) (1024K)]
  0x0000024104ee4800 JavaThread "Cache worker for execution history cache (C:\Users\nihar\Documents\trae_projects\KisanSetu\.gradle\8.10\executionHistory)"        [_thread_blocked, id=14676, stack(0x00000071ace00000,0x00000071acf00000) (1024K)]
  0x00000241031e3e40 JavaThread "Unconstrained build operations Thread 55"        [_thread_blocked, id=28272, stack(0x00000071ad000000,0x00000071ad100000) (1024K)]
  0x00000241031e2400 JavaThread "Unconstrained build operations Thread 56"        [_thread_blocked, id=6848, stack(0x00000071ad100000,0x00000071ad200000) (1024K)]
  0x000002410a5f3ee0 JavaThread "Unconstrained build operations Thread 57"        [_thread_blocked, id=30464, stack(0x00000071ad400000,0x00000071ad500000) (1024K)]
  0x000002410a5f0a60 JavaThread "Unconstrained build operations Thread 58"        [_thread_blocked, id=29876, stack(0x00000071ad500000,0x00000071ad600000) (1024K)]
  0x000002410a5f2b30 JavaThread "Unconstrained build operations Thread 59"        [_thread_blocked, id=16084, stack(0x00000071ad600000,0x00000071ad700000) (1024K)]
  0x000002410a5f4570 JavaThread "Unconstrained build operations Thread 60"        [_thread_blocked, id=3864, stack(0x00000071ad700000,0x00000071ad800000) (1024K)]
  0x000002410a5f1e10 JavaThread "Unconstrained build operations Thread 61"        [_thread_blocked, id=16620, stack(0x00000071ad800000,0x00000071ad900000) (1024K)]
  0x000002410a5f31c0 JavaThread "Unconstrained build operations Thread 62"        [_thread_blocked, id=23748, stack(0x00000071ad900000,0x00000071ada00000) (1024K)]
  0x000002410a5f3850 JavaThread "Unconstrained build operations Thread 63"        [_thread_blocked, id=4996, stack(0x00000071ada00000,0x00000071adb00000) (1024K)]
  0x000002410a5f1780 JavaThread "Unconstrained build operations Thread 64"        [_thread_blocked, id=15924, stack(0x00000071adb00000,0x00000071adc00000) (1024K)]
  0x000002410a5f10f0 JavaThread "Unconstrained build operations Thread 65"        [_thread_blocked, id=30756, stack(0x00000071adc00000,0x00000071add00000) (1024K)]
  0x000002410a5f4c00 JavaThread "Unconstrained build operations Thread 66"        [_thread_blocked, id=31512, stack(0x00000071add00000,0x00000071ade00000) (1024K)]
  0x000002410a5f5920 JavaThread "Unconstrained build operations Thread 67"        [_thread_blocked, id=9340, stack(0x00000071ade00000,0x00000071adf00000) (1024K)]
  0x0000024102d0bc80 JavaThread "C2 CompilerThread1"         daemon [_thread_in_native, id=15864, stack(0x00000071ad200000,0x00000071ad300000) (1024K)]
  0x000002410a5f6640 JavaThread "Unconstrained build operations Thread 68"        [_thread_blocked, id=33180, stack(0x00000071ad300000,0x00000071ad400000) (1024K)]
  0x000002410a5f5290 JavaThread "Unconstrained build operations Thread 69"        [_thread_blocked, id=30140, stack(0x00000071adf00000,0x00000071ae000000) (1024K)]
  0x000002410a5f5fb0 JavaThread "Unconstrained build operations Thread 70"        [_thread_blocked, id=5900, stack(0x00000071ae000000,0x00000071ae100000) (1024K)]
  0x000002410a5f6cd0 JavaThread "Unconstrained build operations Thread 71"        [_thread_blocked, id=21948, stack(0x00000071ae100000,0x00000071ae200000) (1024K)]
  0x000002410a5f79f0 JavaThread "Unconstrained build operations Thread 72"        [_thread_blocked, id=4840, stack(0x00000071ae200000,0x00000071ae300000) (1024K)]
  0x000002410abd2830 JavaThread "Unconstrained build operations Thread 73"        [_thread_blocked, id=26572, stack(0x00000071ae300000,0x00000071ae400000) (1024K)]
  0x000002410abd3be0 JavaThread "Unconstrained build operations Thread 74"        [_thread_blocked, id=24980, stack(0x00000071ae400000,0x00000071ae500000) (1024K)]
  0x000002410abd4270 JavaThread "Unconstrained build operations Thread 75"        [_thread_blocked, id=3048, stack(0x00000071ae500000,0x00000071ae600000) (1024K)]
  0x000002410abd21a0 JavaThread "Unconstrained build operations Thread 76"        [_thread_blocked, id=20928, stack(0x00000071ae600000,0x00000071ae700000) (1024K)]
  0x000002410abd0df0 JavaThread "Unconstrained build operations Thread 77"        [_thread_blocked, id=5712, stack(0x00000071ae700000,0x00000071ae800000) (1024K)]
  0x000002410abd1480 JavaThread "Unconstrained build operations Thread 78"        [_thread_blocked, id=12532, stack(0x00000071ae800000,0x00000071ae900000) (1024K)]
  0x000002410abd2ec0 JavaThread "Unconstrained build operations Thread 79"        [_thread_blocked, id=10708, stack(0x00000071ae900000,0x00000071aea00000) (1024K)]
  0x000002410abd1b10 JavaThread "Unconstrained build operations Thread 80"        [_thread_blocked, id=9536, stack(0x00000071aea00000,0x00000071aeb00000) (1024K)]
  0x000002410abd4f90 JavaThread "Unconstrained build operations Thread 81"        [_thread_blocked, id=31980, stack(0x00000071aeb00000,0x00000071aec00000) (1024K)]
  0x000002410abd4900 JavaThread "Unconstrained build operations Thread 82"        [_thread_blocked, id=30792, stack(0x00000071aec00000,0x00000071aed00000) (1024K)]
  0x000002410abd5620 JavaThread "Unconstrained build operations Thread 83"        [_thread_blocked, id=31668, stack(0x00000071aed00000,0x00000071aee00000) (1024K)]
  0x000002410abd8410 JavaThread "Unconstrained build operations Thread 84"        [_thread_blocked, id=6880, stack(0x00000071aee00000,0x00000071aef00000) (1024K)]
  0x000002410abd6340 JavaThread "Unconstrained build operations Thread 85"        [_thread_blocked, id=5012, stack(0x00000071aef00000,0x00000071af000000) (1024K)]
  0x000002410abd5cb0 JavaThread "Unconstrained build operations Thread 86"        [_thread_blocked, id=32664, stack(0x00000071af000000,0x00000071af100000) (1024K)]
  0x000002410abd76f0 JavaThread "Unconstrained build operations Thread 87"        [_thread_blocked, id=33008, stack(0x00000071af100000,0x00000071af200000) (1024K)]
  0x000002410abd69d0 JavaThread "Unconstrained build operations Thread 88"        [_thread_blocked, id=28424, stack(0x00000071af200000,0x00000071af300000) (1024K)]
  0x000002410abd7060 JavaThread "Unconstrained build operations Thread 89"        [_thread_blocked, id=14284, stack(0x00000071af300000,0x00000071af400000) (1024K)]
  0x000002410aa540d0 JavaThread "Unconstrained build operations Thread 90"        [_thread_blocked, id=33968, stack(0x00000071af400000,0x00000071af500000) (1024K)]
  0x000002410aa56830 JavaThread "Unconstrained build operations Thread 91"        [_thread_blocked, id=26520, stack(0x00000071af500000,0x00000071af600000) (1024K)]
  0x000002410aa54760 JavaThread "Unconstrained build operations Thread 92"        [_thread_blocked, id=13120, stack(0x00000071af600000,0x00000071af700000) (1024K)]
  0x000002410aa54df0 JavaThread "Unconstrained build operations Thread 93"        [_thread_blocked, id=8280, stack(0x00000071af700000,0x00000071af800000) (1024K)]
  0x000002410aa55480 JavaThread "Unconstrained build operations Thread 94"        [_thread_blocked, id=32656, stack(0x00000071af800000,0x00000071af900000) (1024K)]
  0x000002410aa533b0 JavaThread "Unconstrained build operations Thread 95"        [_thread_blocked, id=31472, stack(0x00000071af900000,0x00000071afa00000) (1024K)]
  0x000002410aa55b10 JavaThread "Unconstrained build operations Thread 96"        [_thread_blocked, id=15548, stack(0x00000071afa00000,0x00000071afb00000) (1024K)]
  0x000002410aa561a0 JavaThread "Unconstrained build operations Thread 97"        [_thread_blocked, id=34136, stack(0x00000071afb00000,0x00000071afc00000) (1024K)]
  0x000002410aa56ec0 JavaThread "Unconstrained build operations Thread 98"        [_thread_blocked, id=22520, stack(0x00000071afc00000,0x00000071afd00000) (1024K)]
  0x000002410aa53a40 JavaThread "Unconstrained build operations Thread 99"        [_thread_blocked, id=20964, stack(0x00000071afd00000,0x00000071afe00000) (1024K)]
  0x000002410aa5a9d0 JavaThread "Unconstrained build operations Thread 100"        [_thread_blocked, id=23492, stack(0x00000071afe00000,0x00000071aff00000) (1024K)]
  0x000002410aa57550 JavaThread "Unconstrained build operations Thread 101"        [_thread_blocked, id=31224, stack(0x00000071aff00000,0x00000071b0000000) (1024K)]
  0x000002410aa59cb0 JavaThread "Unconstrained build operations Thread 102"        [_thread_blocked, id=19468, stack(0x00000071b0000000,0x00000071b0100000) (1024K)]
  0x000002410aa5a340 JavaThread "Unconstrained build operations Thread 103"        [_thread_blocked, id=3164, stack(0x00000071b0100000,0x00000071b0200000) (1024K)]
  0x000002410aa5b060 JavaThread "Unconstrained build operations Thread 104"        [_thread_blocked, id=9808, stack(0x00000071b0200000,0x00000071b0300000) (1024K)]
  0x000002410aa57be0 JavaThread "Unconstrained build operations Thread 105"        [_thread_blocked, id=31440, stack(0x00000071b0300000,0x00000071b0400000) (1024K)]
  0x000002410aa58270 JavaThread "Unconstrained build operations Thread 106"        [_thread_blocked, id=15704, stack(0x00000071b0400000,0x00000071b0500000) (1024K)]
  0x000002410aa5b6f0 JavaThread "Unconstrained build operations Thread 107"        [_thread_blocked, id=33732, stack(0x00000071b0500000,0x00000071b0600000) (1024K)]
  0x000002410aa59620 JavaThread "Unconstrained build operations Thread 108"        [_thread_blocked, id=15328, stack(0x00000071b0600000,0x00000071b0700000) (1024K)]
  0x000002410aa5bd80 JavaThread "Unconstrained build operations Thread 109"        [_thread_blocked, id=14812, stack(0x00000071b0700000,0x00000071b0800000) (1024K)]
  0x000002410aa58900 JavaThread "Unconstrained build operations Thread 110"        [_thread_blocked, id=2068, stack(0x00000071b0800000,0x00000071b0900000) (1024K)]
  0x000002410aa58f90 JavaThread "Unconstrained build operations Thread 111"        [_thread_blocked, id=26256, stack(0x00000071b0900000,0x00000071b0a00000) (1024K)]
  0x000002410aa5f890 JavaThread "Unconstrained build operations Thread 112"        [_thread_blocked, id=13560, stack(0x00000071b0a00000,0x00000071b0b00000) (1024K)]
  0x000002410aa5de50 JavaThread "Unconstrained build operations Thread 113"        [_thread_blocked, id=30000, stack(0x00000071b0b00000,0x00000071b0c00000) (1024K)]
  0x000002410aa5c410 JavaThread "Unconstrained build operations Thread 114"        [_thread_blocked, id=27560, stack(0x00000071b0c00000,0x00000071b0d00000) (1024K)]
  0x000002410aa5ff20 JavaThread "Unconstrained build operations Thread 115"        [_thread_blocked, id=24152, stack(0x00000071b0d00000,0x00000071b0e00000) (1024K)]
  0x000002410aa5d130 JavaThread "Unconstrained build operations Thread 116"        [_thread_blocked, id=29044, stack(0x00000071b0e00000,0x00000071b0f00000) (1024K)]
  0x000002410aa5caa0 JavaThread "Unconstrained build operations Thread 117"        [_thread_blocked, id=15772, stack(0x00000071b0f00000,0x00000071b1000000) (1024K)]
  0x000002410aa5e4e0 JavaThread "Unconstrained build operations Thread 118"        [_thread_blocked, id=16552, stack(0x00000071b1000000,0x00000071b1100000) (1024K)]
  0x000002410aa60c40 JavaThread "Unconstrained build operations Thread 119"        [_thread_blocked, id=11092, stack(0x00000071b1100000,0x00000071b1200000) (1024K)]
  0x000002410aa605b0 JavaThread "Unconstrained build operations Thread 120"        [_thread_blocked, id=17588, stack(0x00000071b1200000,0x00000071b1300000) (1024K)]
  0x0000024102d0ec30 JavaThread "C2 CompilerThread2"         daemon [_thread_in_native, id=7564, stack(0x00000071b1300000,0x00000071b1400000) (1024K)]
Total: 182

Other Threads:
  0x000002417aaee280 VMThread "VM Thread"                           [id=21980, stack(0x00000071a5200000,0x00000071a5300000) (1024K)]
  0x000002417aae0000 WatcherThread "VM Periodic Task Thread"        [id=18376, stack(0x00000071a5100000,0x00000071a5200000) (1024K)]
  0x0000024164dc56c0 WorkerThread "GC Thread#0"                     [id=7744, stack(0x00000071a4c00000,0x00000071a4d00000) (1024K)]
  0x000002417f7b9550 WorkerThread "GC Thread#1"                     [id=16740, stack(0x00000071a5d00000,0x00000071a5e00000) (1024K)]
  0x000002417f7b98f0 WorkerThread "GC Thread#2"                     [id=20616, stack(0x00000071a5e00000,0x00000071a5f00000) (1024K)]
  0x000002417fb2f8e0 WorkerThread "GC Thread#3"                     [id=15176, stack(0x00000071a5f00000,0x00000071a6000000) (1024K)]
  0x000002417fb2fc80 WorkerThread "GC Thread#4"                     [id=20408, stack(0x00000071a6000000,0x00000071a6100000) (1024K)]
  0x000002417fb30020 WorkerThread "GC Thread#5"                     [id=10668, stack(0x00000071a6100000,0x00000071a6200000) (1024K)]
  0x00000241013d2a50 WorkerThread "GC Thread#6"                     [id=23652, stack(0x00000071a6200000,0x00000071a6300000) (1024K)]
  0x00000241009096c0 WorkerThread "GC Thread#7"                     [id=16784, stack(0x00000071a6300000,0x00000071a6400000) (1024K)]
  0x0000024101511f60 WorkerThread "GC Thread#8"                     [id=17432, stack(0x00000071a6400000,0x00000071a6500000) (1024K)]
  0x0000024101512a40 WorkerThread "GC Thread#9"                     [id=31572, stack(0x00000071a6f00000,0x00000071a7000000) (1024K)]
  0x0000024164dcdba0 ConcurrentGCThread "G1 Main Marker"            [id=19840, stack(0x00000071a4d00000,0x00000071a4e00000) (1024K)]
  0x0000024164dce5b0 WorkerThread "G1 Conc#0"                       [id=14888, stack(0x00000071a4e00000,0x00000071a4f00000) (1024K)]
  0x0000024101511bc0 WorkerThread "G1 Conc#1"                       [id=9656, stack(0x00000071a7000000,0x00000071a7100000) (1024K)]
  0x0000024101512300 WorkerThread "G1 Conc#2"                       [id=32020, stack(0x00000071a7100000,0x00000071a7200000) (1024K)]
  0x000002417a9ada60 ConcurrentGCThread "G1 Refine#0"               [id=18556, stack(0x00000071a4f00000,0x00000071a5000000) (1024K)]
  0x000002417a9af390 ConcurrentGCThread "G1 Service"                [id=14124, stack(0x00000071a5000000,0x00000071a5100000) (1024K)]
Total: 18

Threads with active compile tasks:
C2 CompilerThread0  26787 13052       4       org.gradle.tooling.internal.adapter.ProtocolToModelAdapter$SupportedPropertyInvoker::invoke (154 bytes)
C2 CompilerThread1  26787 13056       4       org.gradle.tooling.internal.adapter.ProtocolToModelAdapter$SafeMethodInvoker::invoke (118 bytes)
C2 CompilerThread2  26787 13042       4       org.gradle.tooling.internal.adapter.ProtocolToModelAdapter$InvocationHandlerImpl::invoke (176 bytes)
Total: 3

VM state: not at safepoint (normal execution)

VM Mutex/Monitor currently owned by a thread: None

Heap address: 0x00000000e0000000, size: 512 MB, Compressed Oops mode: 32-bit

CDS archive(s) not mapped
Compressed class space mapped at: 0x0000000100000000-0x0000000114000000, reserved size: 335544320
Narrow klass base: 0x0000000000000000, Narrow klass shift: 3, Narrow klass range: 0x114000000

GC Precious Log:
 CardTable entry size: 512
 Card Set container configuration: InlinePtr #cards 5 size 8 Array Of Cards #cards 12 size 40 Howl #buckets 4 coarsen threshold 1843 Howl Bitmap #cards 512 size 80 coarsen threshold 460 Card regions per heap region 1 cards per card region 2048
 CPUs: 12 total, 12 available
 Memory: 7518M
 Large Page Support: Disabled
 NUMA Support: Disabled
 Compressed Oops: Enabled (32-bit)
 Heap Region Size: 1M
 Heap Min Capacity: 256M
 Heap Initial Capacity: 256M
 Heap Max Capacity: 512M
 Pre-touch: Disabled
 Parallel Workers: 10
 Concurrent Workers: 3
 Concurrent Refinement Workers: 10
 Periodic GC: Disabled

Heap:
 garbage-first heap   total 278528K, used 206476K [0x00000000e0000000, 0x0000000100000000)
  region size 1024K, 68 young (69632K), 14 survivors (14336K)
 Metaspace       used 114705K, committed 116928K, reserved 458752K
  class space    used 15181K, committed 16320K, reserved 327680K

Heap Regions: E=young(eden), S=young(survivor), O=old, HS=humongous(starts), HC=humongous(continues), CS=collection set, F=free, TAMS=top-at-mark-start, PB=parsable bottom
|   0|0x00000000e0000000, 0x00000000e0100000, 0x00000000e0100000|100%| O|  |TAMS 0x00000000e0000000| PB 0x00000000e0000000| Untracked 
|   1|0x00000000e0100000, 0x00000000e0200000, 0x00000000e0200000|100%| O|  |TAMS 0x00000000e0100000| PB 0x00000000e0100000| Untracked 
|   2|0x00000000e0200000, 0x00000000e0300000, 0x00000000e0300000|100%|HS|  |TAMS 0x00000000e0200000| PB 0x00000000e0200000| Complete 
|   3|0x00000000e0300000, 0x00000000e0400000, 0x00000000e0400000|100%|HC|  |TAMS 0x00000000e0300000| PB 0x00000000e0300000| Complete 
|   4|0x00000000e0400000, 0x00000000e0500000, 0x00000000e0500000|100%|HC|  |TAMS 0x00000000e0400000| PB 0x00000000e0400000| Complete 
|   5|0x00000000e0500000, 0x00000000e0600000, 0x00000000e0600000|100%|HC|  |TAMS 0x00000000e0500000| PB 0x00000000e0500000| Complete 
|   6|0x00000000e0600000, 0x00000000e0700000, 0x00000000e0700000|100%| O|  |TAMS 0x00000000e0600000| PB 0x00000000e0600000| Untracked 
|   7|0x00000000e0700000, 0x00000000e0800000, 0x00000000e0800000|100%| O|  |TAMS 0x00000000e0700000| PB 0x00000000e0700000| Untracked 
|   8|0x00000000e0800000, 0x00000000e0900000, 0x00000000e0900000|100%| O|  |TAMS 0x00000000e0800000| PB 0x00000000e0800000| Untracked 
|   9|0x00000000e0900000, 0x00000000e0a00000, 0x00000000e0a00000|100%| O|  |TAMS 0x00000000e0900000| PB 0x00000000e0900000| Untracked 
|  10|0x00000000e0a00000, 0x00000000e0b00000, 0x00000000e0b00000|100%|HS|  |TAMS 0x00000000e0a00000| PB 0x00000000e0a00000| Complete 
|  11|0x00000000e0b00000, 0x00000000e0c00000, 0x00000000e0c00000|100%|HS|  |TAMS 0x00000000e0b00000| PB 0x00000000e0b00000| Complete 
|  12|0x00000000e0c00000, 0x00000000e0d00000, 0x00000000e0d00000|100%| O|  |TAMS 0x00000000e0c00000| PB 0x00000000e0c00000| Untracked 
|  13|0x00000000e0d00000, 0x00000000e0e00000, 0x00000000e0e00000|100%| O|  |TAMS 0x00000000e0d00000| PB 0x00000000e0d00000| Untracked 
|  14|0x00000000e0e00000, 0x00000000e0f00000, 0x00000000e0f00000|100%|HS|  |TAMS 0x00000000e0e00000| PB 0x00000000e0e00000| Complete 
|  15|0x00000000e0f00000, 0x00000000e1000000, 0x00000000e1000000|100%|HC|  |TAMS 0x00000000e0f00000| PB 0x00000000e0f00000| Complete 
|  16|0x00000000e1000000, 0x00000000e1100000, 0x00000000e1100000|100%|HC|  |TAMS 0x00000000e1000000| PB 0x00000000e1000000| Complete 
|  17|0x00000000e1100000, 0x00000000e1200000, 0x00000000e1200000|100%|HC|  |TAMS 0x00000000e1100000| PB 0x00000000e1100000| Complete 
|  18|0x00000000e1200000, 0x00000000e1300000, 0x00000000e1300000|100%|HC|  |TAMS 0x00000000e1200000| PB 0x00000000e1200000| Complete 
|  19|0x00000000e1300000, 0x00000000e1400000, 0x00000000e1400000|100%|HC|  |TAMS 0x00000000e1300000| PB 0x00000000e1300000| Complete 
|  20|0x00000000e1400000, 0x00000000e1500000, 0x00000000e1500000|100%|HS|  |TAMS 0x00000000e1400000| PB 0x00000000e1400000| Complete 
|  21|0x00000000e1500000, 0x00000000e1600000, 0x00000000e1600000|100%|HC|  |TAMS 0x00000000e1500000| PB 0x00000000e1500000| Complete 
|  22|0x00000000e1600000, 0x00000000e1700000, 0x00000000e1700000|100%|HC|  |TAMS 0x00000000e1600000| PB 0x00000000e1600000| Complete 
|  23|0x00000000e1700000, 0x00000000e1800000, 0x00000000e1800000|100%|HC|  |TAMS 0x00000000e1700000| PB 0x00000000e1700000| Complete 
|  24|0x00000000e1800000, 0x00000000e1900000, 0x00000000e1900000|100%|HS|  |TAMS 0x00000000e1800000| PB 0x00000000e1800000| Complete 
|  25|0x00000000e1900000, 0x00000000e1a00000, 0x00000000e1a00000|100%|HC|  |TAMS 0x00000000e1900000| PB 0x00000000e1900000| Complete 
|  26|0x00000000e1a00000, 0x00000000e1b00000, 0x00000000e1b00000|100%| O|  |TAMS 0x00000000e1a00000| PB 0x00000000e1a00000| Untracked 
|  27|0x00000000e1b00000, 0x00000000e1c00000, 0x00000000e1c00000|100%| O|  |TAMS 0x00000000e1b00000| PB 0x00000000e1b00000| Untracked 
|  28|0x00000000e1c00000, 0x00000000e1d00000, 0x00000000e1d00000|100%| O|  |TAMS 0x00000000e1c00000| PB 0x00000000e1c00000| Untracked 
|  29|0x00000000e1d00000, 0x00000000e1e00000, 0x00000000e1e00000|100%| O|  |TAMS 0x00000000e1d00000| PB 0x00000000e1d00000| Untracked 
|  30|0x00000000e1e00000, 0x00000000e1f00000, 0x00000000e1f00000|100%| O|  |TAMS 0x00000000e1e00000| PB 0x00000000e1e00000| Untracked 
|  31|0x00000000e1f00000, 0x00000000e2000000, 0x00000000e2000000|100%| O|  |TAMS 0x00000000e1f00000| PB 0x00000000e1f00000| Untracked 
|  32|0x00000000e2000000, 0x00000000e2100000, 0x00000000e2100000|100%| O|  |TAMS 0x00000000e2000000| PB 0x00000000e2000000| Untracked 
|  33|0x00000000e2100000, 0x00000000e2200000, 0x00000000e2200000|100%| O|  |TAMS 0x00000000e2100000| PB 0x00000000e2100000| Untracked 
|  34|0x00000000e2200000, 0x00000000e2300000, 0x00000000e2300000|100%| O|  |TAMS 0x00000000e2200000| PB 0x00000000e2200000| Untracked 
|  35|0x00000000e2300000, 0x00000000e2400000, 0x00000000e2400000|100%|HS|  |TAMS 0x00000000e2300000| PB 0x00000000e2300000| Complete 
|  36|0x00000000e2400000, 0x00000000e2500000, 0x00000000e2500000|100%|HC|  |TAMS 0x00000000e2400000| PB 0x00000000e2400000| Complete 
|  37|0x00000000e2500000, 0x00000000e2600000, 0x00000000e2600000|100%|HS|  |TAMS 0x00000000e2500000| PB 0x00000000e2500000| Complete 
|  38|0x00000000e2600000, 0x00000000e2700000, 0x00000000e2700000|100%|HC|  |TAMS 0x00000000e2600000| PB 0x00000000e2600000| Complete 
|  39|0x00000000e2700000, 0x00000000e2800000, 0x00000000e2800000|100%|HC|  |TAMS 0x00000000e2700000| PB 0x00000000e2700000| Complete 
|  40|0x00000000e2800000, 0x00000000e2900000, 0x00000000e2900000|100%|HC|  |TAMS 0x00000000e2800000| PB 0x00000000e2800000| Complete 
|  41|0x00000000e2900000, 0x00000000e2a00000, 0x00000000e2a00000|100%|HC|  |TAMS 0x00000000e2900000| PB 0x00000000e2900000| Complete 
|  42|0x00000000e2a00000, 0x00000000e2b00000, 0x00000000e2b00000|100%|HC|  |TAMS 0x00000000e2a00000| PB 0x00000000e2a00000| Complete 
|  43|0x00000000e2b00000, 0x00000000e2c00000, 0x00000000e2c00000|100%|HS|  |TAMS 0x00000000e2b00000| PB 0x00000000e2b00000| Complete 
|  44|0x00000000e2c00000, 0x00000000e2d00000, 0x00000000e2d00000|100%|HC|  |TAMS 0x00000000e2c00000| PB 0x00000000e2c00000| Complete 
|  45|0x00000000e2d00000, 0x00000000e2e00000, 0x00000000e2e00000|100%|HC|  |TAMS 0x00000000e2d00000| PB 0x00000000e2d00000| Complete 
|  46|0x00000000e2e00000, 0x00000000e2f00000, 0x00000000e2f00000|100%|HC|  |TAMS 0x00000000e2e00000| PB 0x00000000e2e00000| Complete 
|  47|0x00000000e2f00000, 0x00000000e3000000, 0x00000000e3000000|100%|HC|  |TAMS 0x00000000e2f00000| PB 0x00000000e2f00000| Complete 
|  48|0x00000000e3000000, 0x00000000e3100000, 0x00000000e3100000|100%|HC|  |TAMS 0x00000000e3000000| PB 0x00000000e3000000| Complete 
|  49|0x00000000e3100000, 0x00000000e3200000, 0x00000000e3200000|100%| O|  |TAMS 0x00000000e3100000| PB 0x00000000e3100000| Untracked 
|  50|0x00000000e3200000, 0x00000000e3300000, 0x00000000e3300000|100%| O|  |TAMS 0x00000000e3200000| PB 0x00000000e3200000| Untracked 
|  51|0x00000000e3300000, 0x00000000e3400000, 0x00000000e3400000|100%| O|  |TAMS 0x00000000e3300000| PB 0x00000000e3300000| Untracked 
|  52|0x00000000e3400000, 0x00000000e3500000, 0x00000000e3500000|100%| O|  |TAMS 0x00000000e3400000| PB 0x00000000e3400000| Untracked 
|  53|0x00000000e3500000, 0x00000000e3600000, 0x00000000e3600000|100%| O|  |TAMS 0x00000000e3500000| PB 0x00000000e3500000| Untracked 
|  54|0x00000000e3600000, 0x00000000e3700000, 0x00000000e3700000|100%| O|  |TAMS 0x00000000e3600000| PB 0x00000000e3600000| Untracked 
|  55|0x00000000e3700000, 0x00000000e3800000, 0x00000000e3800000|100%| O|  |TAMS 0x00000000e3700000| PB 0x00000000e3700000| Untracked 
|  56|0x00000000e3800000, 0x00000000e3900000, 0x00000000e3900000|100%| O|  |TAMS 0x00000000e3800000| PB 0x00000000e3800000| Untracked 
|  57|0x00000000e3900000, 0x00000000e3a00000, 0x00000000e3a00000|100%| O|  |TAMS 0x00000000e3900000| PB 0x00000000e3900000| Untracked 
|  58|0x00000000e3a00000, 0x00000000e3b00000, 0x00000000e3b00000|100%| O|  |TAMS 0x00000000e3a00000| PB 0x00000000e3a00000| Untracked 
|  59|0x00000000e3b00000, 0x00000000e3c00000, 0x00000000e3c00000|100%| O|  |TAMS 0x00000000e3b00000| PB 0x00000000e3b00000| Untracked 
|  60|0x00000000e3c00000, 0x00000000e3d00000, 0x00000000e3d00000|100%| O|  |TAMS 0x00000000e3c00000| PB 0x00000000e3c00000| Untracked 
|  61|0x00000000e3d00000, 0x00000000e3e00000, 0x00000000e3e00000|100%| O|  |TAMS 0x00000000e3d00000| PB 0x00000000e3d00000| Untracked 
|  62|0x00000000e3e00000, 0x00000000e3f00000, 0x00000000e3f00000|100%| O|  |TAMS 0x00000000e3e00000| PB 0x00000000e3e00000| Untracked 
|  63|0x00000000e3f00000, 0x00000000e4000000, 0x00000000e4000000|100%| O|  |TAMS 0x00000000e3f00000| PB 0x00000000e3f00000| Untracked 
|  64|0x00000000e4000000, 0x00000000e4100000, 0x00000000e4100000|100%| O|  |TAMS 0x00000000e4000000| PB 0x00000000e4000000| Untracked 
|  65|0x00000000e4100000, 0x00000000e41a3398, 0x00000000e4200000| 63%| O|  |TAMS 0x00000000e4100000| PB 0x00000000e4100000| Untracked 
|  66|0x00000000e4200000, 0x00000000e4300000, 0x00000000e4300000|100%| O|  |TAMS 0x00000000e4200000| PB 0x00000000e4200000| Untracked 
|  67|0x00000000e4300000, 0x00000000e4400000, 0x00000000e4400000|100%|HS|  |TAMS 0x00000000e4300000| PB 0x00000000e4300000| Complete 
|  68|0x00000000e4400000, 0x00000000e4500000, 0x00000000e4500000|100%|HS|  |TAMS 0x00000000e4400000| PB 0x00000000e4400000| Complete 
|  69|0x00000000e4500000, 0x00000000e4600000, 0x00000000e4600000|100%|HS|  |TAMS 0x00000000e4500000| PB 0x00000000e4500000| Complete 
|  70|0x00000000e4600000, 0x00000000e4700000, 0x00000000e4700000|100%| O|  |TAMS 0x00000000e4600000| PB 0x00000000e4600000| Untracked 
|  71|0x00000000e4700000, 0x00000000e4800000, 0x00000000e4800000|100%|HS|  |TAMS 0x00000000e4700000| PB 0x00000000e4700000| Complete 
|  72|0x00000000e4800000, 0x00000000e4900000, 0x00000000e4900000|100%|HS|  |TAMS 0x00000000e4800000| PB 0x00000000e4800000| Complete 
|  73|0x00000000e4900000, 0x00000000e4900000, 0x00000000e4a00000|  0%| F|  |TAMS 0x00000000e4900000| PB 0x00000000e4900000| Untracked 
|  74|0x00000000e4a00000, 0x00000000e4b00000, 0x00000000e4b00000|100%| O|  |TAMS 0x00000000e4a00000| PB 0x00000000e4a00000| Untracked 
|  75|0x00000000e4b00000, 0x00000000e4b00000, 0x00000000e4c00000|  0%| F|  |TAMS 0x00000000e4b00000| PB 0x00000000e4b00000| Untracked 
|  76|0x00000000e4c00000, 0x00000000e4d00000, 0x00000000e4d00000|100%| O|  |TAMS 0x00000000e4c00000| PB 0x00000000e4c00000| Untracked 
|  77|0x00000000e4d00000, 0x00000000e4e00000, 0x00000000e4e00000|100%| O|  |TAMS 0x00000000e4d00000| PB 0x00000000e4d00000| Untracked 
|  78|0x00000000e4e00000, 0x00000000e4f00000, 0x00000000e4f00000|100%| O|  |TAMS 0x00000000e4e00000| PB 0x00000000e4e00000| Untracked 
|  79|0x00000000e4f00000, 0x00000000e5000000, 0x00000000e5000000|100%| O|  |TAMS 0x00000000e4f00000| PB 0x00000000e4f00000| Untracked 
|  80|0x00000000e5000000, 0x00000000e5100000, 0x00000000e5100000|100%| O|  |TAMS 0x00000000e5000000| PB 0x00000000e5000000| Untracked 
|  81|0x00000000e5100000, 0x00000000e5200000, 0x00000000e5200000|100%| O|  |TAMS 0x00000000e5100000| PB 0x00000000e5100000| Untracked 
|  82|0x00000000e5200000, 0x00000000e5300000, 0x00000000e5300000|100%| O|  |TAMS 0x00000000e5200000| PB 0x00000000e5200000| Untracked 
|  83|0x00000000e5300000, 0x00000000e5400000, 0x00000000e5400000|100%| O|  |TAMS 0x00000000e5300000| PB 0x00000000e5300000| Untracked 
|  84|0x00000000e5400000, 0x00000000e5500000, 0x00000000e5500000|100%| O|  |TAMS 0x00000000e5400000| PB 0x00000000e5400000| Untracked 
|  85|0x00000000e5500000, 0x00000000e5600000, 0x00000000e5600000|100%| O|  |TAMS 0x00000000e5500000| PB 0x00000000e5500000| Untracked 
|  86|0x00000000e5600000, 0x00000000e5700000, 0x00000000e5700000|100%| O|  |TAMS 0x00000000e5600000| PB 0x00000000e5600000| Untracked 
|  87|0x00000000e5700000, 0x00000000e5800000, 0x00000000e5800000|100%| O|  |TAMS 0x00000000e5700000| PB 0x00000000e5700000| Untracked 
|  88|0x00000000e5800000, 0x00000000e5900000, 0x00000000e5900000|100%| O|  |TAMS 0x00000000e5800000| PB 0x00000000e5800000| Untracked 
|  89|0x00000000e5900000, 0x00000000e5a00000, 0x00000000e5a00000|100%| O|  |TAMS 0x00000000e5900000| PB 0x00000000e5900000| Untracked 
|  90|0x00000000e5a00000, 0x00000000e5b00000, 0x00000000e5b00000|100%| O|  |TAMS 0x00000000e5a00000| PB 0x00000000e5a00000| Untracked 
|  91|0x00000000e5b00000, 0x00000000e5c00000, 0x00000000e5c00000|100%| O|  |TAMS 0x00000000e5b00000| PB 0x00000000e5b00000| Untracked 
|  92|0x00000000e5c00000, 0x00000000e5d00000, 0x00000000e5d00000|100%| O|  |TAMS 0x00000000e5c00000| PB 0x00000000e5c00000| Untracked 
|  93|0x00000000e5d00000, 0x00000000e5e00000, 0x00000000e5e00000|100%| O|  |TAMS 0x00000000e5d00000| PB 0x00000000e5d00000| Untracked 
|  94|0x00000000e5e00000, 0x00000000e5f00000, 0x00000000e5f00000|100%| O|  |TAMS 0x00000000e5e00000| PB 0x00000000e5e00000| Untracked 
|  95|0x00000000e5f00000, 0x00000000e6000000, 0x00000000e6000000|100%| O|  |TAMS 0x00000000e5f00000| PB 0x00000000e5f00000| Untracked 
|  96|0x00000000e6000000, 0x00000000e6100000, 0x00000000e6100000|100%| O|  |TAMS 0x00000000e6000000| PB 0x00000000e6000000| Untracked 
|  97|0x00000000e6100000, 0x00000000e6200000, 0x00000000e6200000|100%| O|  |TAMS 0x00000000e6100000| PB 0x00000000e6100000| Untracked 
|  98|0x00000000e6200000, 0x00000000e6300000, 0x00000000e6300000|100%| O|  |TAMS 0x00000000e6200000| PB 0x00000000e6200000| Untracked 
|  99|0x00000000e6300000, 0x00000000e6400000, 0x00000000e6400000|100%| O|  |TAMS 0x00000000e6300000| PB 0x00000000e6300000| Untracked 
| 100|0x00000000e6400000, 0x00000000e6500000, 0x00000000e6500000|100%| O|  |TAMS 0x00000000e6400000| PB 0x00000000e6400000| Untracked 
| 101|0x00000000e6500000, 0x00000000e6600000, 0x00000000e6600000|100%| O|  |TAMS 0x00000000e6500000| PB 0x00000000e6500000| Untracked 
| 102|0x00000000e6600000, 0x00000000e6700000, 0x00000000e6700000|100%| O|  |TAMS 0x00000000e6600000| PB 0x00000000e6600000| Untracked 
| 103|0x00000000e6700000, 0x00000000e6800000, 0x00000000e6800000|100%| O|Cm|TAMS 0x00000000e6700000| PB 0x00000000e6700000| Complete 
| 104|0x00000000e6800000, 0x00000000e6900000, 0x00000000e6900000|100%| O|Cm|TAMS 0x00000000e6800000| PB 0x00000000e6800000| Complete 
| 105|0x00000000e6900000, 0x00000000e6a00000, 0x00000000e6a00000|100%|HS|  |TAMS 0x00000000e6900000| PB 0x00000000e6900000| Complete 
| 106|0x00000000e6a00000, 0x00000000e6b00000, 0x00000000e6b00000|100%|HC|  |TAMS 0x00000000e6a00000| PB 0x00000000e6a00000| Complete 
| 107|0x00000000e6b00000, 0x00000000e6c00000, 0x00000000e6c00000|100%|HS|  |TAMS 0x00000000e6b00000| PB 0x00000000e6b00000| Complete 
| 108|0x00000000e6c00000, 0x00000000e6d00000, 0x00000000e6d00000|100%|HC|  |TAMS 0x00000000e6c00000| PB 0x00000000e6c00000| Complete 
| 109|0x00000000e6d00000, 0x00000000e6e00000, 0x00000000e6e00000|100%|HC|  |TAMS 0x00000000e6d00000| PB 0x00000000e6d00000| Complete 
| 110|0x00000000e6e00000, 0x00000000e6f00000, 0x00000000e6f00000|100%|HC|  |TAMS 0x00000000e6e00000| PB 0x00000000e6e00000| Complete 
| 111|0x00000000e6f00000, 0x00000000e7000000, 0x00000000e7000000|100%|HC|  |TAMS 0x00000000e6f00000| PB 0x00000000e6f00000| Complete 
| 112|0x00000000e7000000, 0x00000000e7100000, 0x00000000e7100000|100%|HC|  |TAMS 0x00000000e7000000| PB 0x00000000e7000000| Complete 
| 113|0x00000000e7100000, 0x00000000e7200000, 0x00000000e7200000|100%|HS|  |TAMS 0x00000000e7100000| PB 0x00000000e7100000| Complete 
| 114|0x00000000e7200000, 0x00000000e7300000, 0x00000000e7300000|100%|HC|  |TAMS 0x00000000e7200000| PB 0x00000000e7200000| Complete 
| 115|0x00000000e7300000, 0x00000000e7400000, 0x00000000e7400000|100%|HC|  |TAMS 0x00000000e7300000| PB 0x00000000e7300000| Complete 
| 116|0x00000000e7400000, 0x00000000e7500000, 0x00000000e7500000|100%|HC|  |TAMS 0x00000000e7400000| PB 0x00000000e7400000| Complete 
| 117|0x00000000e7500000, 0x00000000e7600000, 0x00000000e7600000|100%|HS|  |TAMS 0x00000000e7500000| PB 0x00000000e7500000| Complete 
| 118|0x00000000e7600000, 0x00000000e7700000, 0x00000000e7700000|100%|HC|  |TAMS 0x00000000e7600000| PB 0x00000000e7600000| Complete 
| 119|0x00000000e7700000, 0x00000000e7800000, 0x00000000e7800000|100%|HS|  |TAMS 0x00000000e7700000| PB 0x00000000e7700000| Complete 
| 120|0x00000000e7800000, 0x00000000e7800000, 0x00000000e7900000|  0%| F|  |TAMS 0x00000000e7800000| PB 0x00000000e7800000| Untracked 
| 121|0x00000000e7900000, 0x00000000e7900000, 0x00000000e7a00000|  0%| F|  |TAMS 0x00000000e7900000| PB 0x00000000e7900000| Untracked 
| 122|0x00000000e7a00000, 0x00000000e7a00000, 0x00000000e7b00000|  0%| F|  |TAMS 0x00000000e7a00000| PB 0x00000000e7a00000| Untracked 
| 123|0x00000000e7b00000, 0x00000000e7b00000, 0x00000000e7c00000|  0%| F|  |TAMS 0x00000000e7b00000| PB 0x00000000e7b00000| Untracked 
| 124|0x00000000e7c00000, 0x00000000e7d00000, 0x00000000e7d00000|100%| O|  |TAMS 0x00000000e7c00000| PB 0x00000000e7c00000| Untracked 
| 125|0x00000000e7d00000, 0x00000000e7e00000, 0x00000000e7e00000|100%| O|  |TAMS 0x00000000e7d00000| PB 0x00000000e7d00000| Untracked 
| 126|0x00000000e7e00000, 0x00000000e7f00000, 0x00000000e7f00000|100%| O|  |TAMS 0x00000000e7e00000| PB 0x00000000e7e00000| Untracked 
| 127|0x00000000e7f00000, 0x00000000e8000000, 0x00000000e8000000|100%| O|  |TAMS 0x00000000e7f00000| PB 0x00000000e7f00000| Untracked 
| 128|0x00000000e8000000, 0x00000000e8100000, 0x00000000e8100000|100%| O|  |TAMS 0x00000000e8000000| PB 0x00000000e8000000| Untracked 
| 129|0x00000000e8100000, 0x00000000e8200000, 0x00000000e8200000|100%| O|  |TAMS 0x00000000e8100000| PB 0x00000000e8100000| Untracked 
| 130|0x00000000e8200000, 0x00000000e8300000, 0x00000000e8300000|100%| O|  |TAMS 0x00000000e8200000| PB 0x00000000e8200000| Untracked 
| 131|0x00000000e8300000, 0x00000000e8400000, 0x00000000e8400000|100%| O|  |TAMS 0x00000000e8300000| PB 0x00000000e8300000| Untracked 
| 132|0x00000000e8400000, 0x00000000e8500000, 0x00000000e8500000|100%| O|  |TAMS 0x00000000e8400000| PB 0x00000000e8400000| Untracked 
| 133|0x00000000e8500000, 0x00000000e8600000, 0x00000000e8600000|100%| O|  |TAMS 0x00000000e8500000| PB 0x00000000e8500000| Untracked 
| 134|0x00000000e8600000, 0x00000000e8600000, 0x00000000e8700000|  0%| F|  |TAMS 0x00000000e8600000| PB 0x00000000e8600000| Untracked 
| 135|0x00000000e8700000, 0x00000000e8700000, 0x00000000e8800000|  0%| F|  |TAMS 0x00000000e8700000| PB 0x00000000e8700000| Untracked 
| 136|0x00000000e8800000, 0x00000000e8800000, 0x00000000e8900000|  0%| F|  |TAMS 0x00000000e8800000| PB 0x00000000e8800000| Untracked 
| 137|0x00000000e8900000, 0x00000000e8900000, 0x00000000e8a00000|  0%| F|  |TAMS 0x00000000e8900000| PB 0x00000000e8900000| Untracked 
| 138|0x00000000e8a00000, 0x00000000e8b00000, 0x00000000e8b00000|100%| S|CS|TAMS 0x00000000e8a00000| PB 0x00000000e8a00000| Complete 
| 139|0x00000000e8b00000, 0x00000000e8c00000, 0x00000000e8c00000|100%| S|CS|TAMS 0x00000000e8b00000| PB 0x00000000e8b00000| Complete 
| 140|0x00000000e8c00000, 0x00000000e8d00000, 0x00000000e8d00000|100%| O|  |TAMS 0x00000000e8c00000| PB 0x00000000e8c00000| Untracked 
| 141|0x00000000e8d00000, 0x00000000e8e00000, 0x00000000e8e00000|100%| O|  |TAMS 0x00000000e8d00000| PB 0x00000000e8d00000| Untracked 
| 142|0x00000000e8e00000, 0x00000000e8f00000, 0x00000000e8f00000|100%| O|  |TAMS 0x00000000e8e00000| PB 0x00000000e8e00000| Untracked 
| 143|0x00000000e8f00000, 0x00000000e9000000, 0x00000000e9000000|100%| O|  |TAMS 0x00000000e8f00000| PB 0x00000000e8f00000| Untracked 
| 144|0x00000000e9000000, 0x00000000e9100000, 0x00000000e9100000|100%| S|CS|TAMS 0x00000000e9000000| PB 0x00000000e9000000| Complete 
| 145|0x00000000e9100000, 0x00000000e9200000, 0x00000000e9200000|100%| S|CS|TAMS 0x00000000e9100000| PB 0x00000000e9100000| Complete 
| 146|0x00000000e9200000, 0x00000000e9300000, 0x00000000e9300000|100%| S|CS|TAMS 0x00000000e9200000| PB 0x00000000e9200000| Complete 
| 147|0x00000000e9300000, 0x00000000e9400000, 0x00000000e9400000|100%| S|CS|TAMS 0x00000000e9300000| PB 0x00000000e9300000| Complete 
| 148|0x00000000e9400000, 0x00000000e9400000, 0x00000000e9500000|  0%| F|  |TAMS 0x00000000e9400000| PB 0x00000000e9400000| Untracked 
| 149|0x00000000e9500000, 0x00000000e9500000, 0x00000000e9600000|  0%| F|  |TAMS 0x00000000e9500000| PB 0x00000000e9500000| Untracked 
| 150|0x00000000e9600000, 0x00000000e9600000, 0x00000000e9700000|  0%| F|  |TAMS 0x00000000e9600000| PB 0x00000000e9600000| Untracked 
| 151|0x00000000e9700000, 0x00000000e9700000, 0x00000000e9800000|  0%| F|  |TAMS 0x00000000e9700000| PB 0x00000000e9700000| Untracked 
| 152|0x00000000e9800000, 0x00000000e9800000, 0x00000000e9900000|  0%| F|  |TAMS 0x00000000e9800000| PB 0x00000000e9800000| Untracked 
| 153|0x00000000e9900000, 0x00000000e9900000, 0x00000000e9a00000|  0%| F|  |TAMS 0x00000000e9900000| PB 0x00000000e9900000| Untracked 
| 154|0x00000000e9a00000, 0x00000000e9a00000, 0x00000000e9b00000|  0%| F|  |TAMS 0x00000000e9a00000| PB 0x00000000e9a00000| Untracked 
| 155|0x00000000e9b00000, 0x00000000e9b00000, 0x00000000e9c00000|  0%| F|  |TAMS 0x00000000e9b00000| PB 0x00000000e9b00000| Untracked 
| 156|0x00000000e9c00000, 0x00000000e9d00000, 0x00000000e9d00000|100%| S|CS|TAMS 0x00000000e9c00000| PB 0x00000000e9c00000| Complete 
| 157|0x00000000e9d00000, 0x00000000e9e00000, 0x00000000e9e00000|100%| S|CS|TAMS 0x00000000e9d00000| PB 0x00000000e9d00000| Complete 
| 158|0x00000000e9e00000, 0x00000000e9f00000, 0x00000000e9f00000|100%| S|CS|TAMS 0x00000000e9e00000| PB 0x00000000e9e00000| Complete 
| 159|0x00000000e9f00000, 0x00000000ea000000, 0x00000000ea000000|100%| S|CS|TAMS 0x00000000e9f00000| PB 0x00000000e9f00000| Complete 
| 160|0x00000000ea000000, 0x00000000ea100000, 0x00000000ea100000|100%| S|CS|TAMS 0x00000000ea000000| PB 0x00000000ea000000| Complete 
| 161|0x00000000ea100000, 0x00000000ea200000, 0x00000000ea200000|100%| S|CS|TAMS 0x00000000ea100000| PB 0x00000000ea100000| Complete 
| 162|0x00000000ea200000, 0x00000000ea300000, 0x00000000ea300000|100%| S|CS|TAMS 0x00000000ea200000| PB 0x00000000ea200000| Complete 
| 163|0x00000000ea300000, 0x00000000ea400000, 0x00000000ea400000|100%| S|CS|TAMS 0x00000000ea300000| PB 0x00000000ea300000| Complete 
| 164|0x00000000ea400000, 0x00000000ea400000, 0x00000000ea500000|  0%| F|  |TAMS 0x00000000ea400000| PB 0x00000000ea400000| Untracked 
| 165|0x00000000ea500000, 0x00000000ea500000, 0x00000000ea600000|  0%| F|  |TAMS 0x00000000ea500000| PB 0x00000000ea500000| Untracked 
| 166|0x00000000ea600000, 0x00000000ea600000, 0x00000000ea700000|  0%| F|  |TAMS 0x00000000ea600000| PB 0x00000000ea600000| Untracked 
| 167|0x00000000ea700000, 0x00000000ea700000, 0x00000000ea800000|  0%| F|  |TAMS 0x00000000ea700000| PB 0x00000000ea700000| Untracked 
| 168|0x00000000ea800000, 0x00000000ea800000, 0x00000000ea900000|  0%| F|  |TAMS 0x00000000ea800000| PB 0x00000000ea800000| Untracked 
| 169|0x00000000ea900000, 0x00000000ea900000, 0x00000000eaa00000|  0%| F|  |TAMS 0x00000000ea900000| PB 0x00000000ea900000| Untracked 
| 170|0x00000000eaa00000, 0x00000000eaa00000, 0x00000000eab00000|  0%| F|  |TAMS 0x00000000eaa00000| PB 0x00000000eaa00000| Untracked 
| 171|0x00000000eab00000, 0x00000000eab00000, 0x00000000eac00000|  0%| F|  |TAMS 0x00000000eab00000| PB 0x00000000eab00000| Untracked 
| 172|0x00000000eac00000, 0x00000000eac00000, 0x00000000ead00000|  0%| F|  |TAMS 0x00000000eac00000| PB 0x00000000eac00000| Untracked 
| 173|0x00000000ead00000, 0x00000000ead00000, 0x00000000eae00000|  0%| F|  |TAMS 0x00000000ead00000| PB 0x00000000ead00000| Untracked 
| 174|0x00000000eae00000, 0x00000000eae00000, 0x00000000eaf00000|  0%| F|  |TAMS 0x00000000eae00000| PB 0x00000000eae00000| Untracked 
| 175|0x00000000eaf00000, 0x00000000eaf00000, 0x00000000eb000000|  0%| F|  |TAMS 0x00000000eaf00000| PB 0x00000000eaf00000| Untracked 
| 176|0x00000000eb000000, 0x00000000eb000000, 0x00000000eb100000|  0%| F|  |TAMS 0x00000000eb000000| PB 0x00000000eb000000| Untracked 
| 177|0x00000000eb100000, 0x00000000eb100000, 0x00000000eb200000|  0%| F|  |TAMS 0x00000000eb100000| PB 0x00000000eb100000| Untracked 
| 178|0x00000000eb200000, 0x00000000eb200000, 0x00000000eb300000|  0%| F|  |TAMS 0x00000000eb200000| PB 0x00000000eb200000| Untracked 
| 179|0x00000000eb300000, 0x00000000eb300000, 0x00000000eb400000|  0%| F|  |TAMS 0x00000000eb300000| PB 0x00000000eb300000| Untracked 
| 180|0x00000000eb400000, 0x00000000eb400000, 0x00000000eb500000|  0%| F|  |TAMS 0x00000000eb400000| PB 0x00000000eb400000| Untracked 
| 181|0x00000000eb500000, 0x00000000eb500000, 0x00000000eb600000|  0%| F|  |TAMS 0x00000000eb500000| PB 0x00000000eb500000| Untracked 
| 182|0x00000000eb600000, 0x00000000eb600000, 0x00000000eb700000|  0%| F|  |TAMS 0x00000000eb600000| PB 0x00000000eb600000| Untracked 
| 183|0x00000000eb700000, 0x00000000eb700000, 0x00000000eb800000|  0%| F|  |TAMS 0x00000000eb700000| PB 0x00000000eb700000| Untracked 
| 184|0x00000000eb800000, 0x00000000eb800000, 0x00000000eb900000|  0%| F|  |TAMS 0x00000000eb800000| PB 0x00000000eb800000| Untracked 
| 185|0x00000000eb900000, 0x00000000eb900000, 0x00000000eba00000|  0%| F|  |TAMS 0x00000000eb900000| PB 0x00000000eb900000| Untracked 
| 186|0x00000000eba00000, 0x00000000eba00000, 0x00000000ebb00000|  0%| F|  |TAMS 0x00000000eba00000| PB 0x00000000eba00000| Untracked 
| 187|0x00000000ebb00000, 0x00000000ebb00000, 0x00000000ebc00000|  0%| F|  |TAMS 0x00000000ebb00000| PB 0x00000000ebb00000| Untracked 
| 188|0x00000000ebc00000, 0x00000000ebc00000, 0x00000000ebd00000|  0%| F|  |TAMS 0x00000000ebc00000| PB 0x00000000ebc00000| Untracked 
| 189|0x00000000ebd00000, 0x00000000ebd00000, 0x00000000ebe00000|  0%| F|  |TAMS 0x00000000ebd00000| PB 0x00000000ebd00000| Untracked 
| 190|0x00000000ebe00000, 0x00000000ebe00000, 0x00000000ebf00000|  0%| F|  |TAMS 0x00000000ebe00000| PB 0x00000000ebe00000| Untracked 
| 191|0x00000000ebf00000, 0x00000000ebf00000, 0x00000000ec000000|  0%| F|  |TAMS 0x00000000ebf00000| PB 0x00000000ebf00000| Untracked 
| 192|0x00000000ec000000, 0x00000000ec000000, 0x00000000ec100000|  0%| F|  |TAMS 0x00000000ec000000| PB 0x00000000ec000000| Untracked 
| 193|0x00000000ec100000, 0x00000000ec100000, 0x00000000ec200000|  0%| F|  |TAMS 0x00000000ec100000| PB 0x00000000ec100000| Untracked 
| 194|0x00000000ec200000, 0x00000000ec200000, 0x00000000ec300000|  0%| F|  |TAMS 0x00000000ec200000| PB 0x00000000ec200000| Untracked 
| 195|0x00000000ec300000, 0x00000000ec300000, 0x00000000ec400000|  0%| F|  |TAMS 0x00000000ec300000| PB 0x00000000ec300000| Untracked 
| 196|0x00000000ec400000, 0x00000000ec400000, 0x00000000ec500000|  0%| F|  |TAMS 0x00000000ec400000| PB 0x00000000ec400000| Untracked 
| 197|0x00000000ec500000, 0x00000000ec500000, 0x00000000ec600000|  0%| F|  |TAMS 0x00000000ec500000| PB 0x00000000ec500000| Untracked 
| 198|0x00000000ec600000, 0x00000000ec600000, 0x00000000ec700000|  0%| F|  |TAMS 0x00000000ec600000| PB 0x00000000ec600000| Untracked 
| 199|0x00000000ec700000, 0x00000000ec700000, 0x00000000ec800000|  0%| F|  |TAMS 0x00000000ec700000| PB 0x00000000ec700000| Untracked 
| 200|0x00000000ec800000, 0x00000000ec800000, 0x00000000ec900000|  0%| F|  |TAMS 0x00000000ec800000| PB 0x00000000ec800000| Untracked 
| 201|0x00000000ec900000, 0x00000000ec900000, 0x00000000eca00000|  0%| F|  |TAMS 0x00000000ec900000| PB 0x00000000ec900000| Untracked 
| 202|0x00000000eca00000, 0x00000000eca00000, 0x00000000ecb00000|  0%| F|  |TAMS 0x00000000eca00000| PB 0x00000000eca00000| Untracked 
| 203|0x00000000ecb00000, 0x00000000ecb00000, 0x00000000ecc00000|  0%| F|  |TAMS 0x00000000ecb00000| PB 0x00000000ecb00000| Untracked 
| 204|0x00000000ecc00000, 0x00000000ecc00000, 0x00000000ecd00000|  0%| F|  |TAMS 0x00000000ecc00000| PB 0x00000000ecc00000| Untracked 
| 205|0x00000000ecd00000, 0x00000000ecd00000, 0x00000000ece00000|  0%| F|  |TAMS 0x00000000ecd00000| PB 0x00000000ecd00000| Untracked 
| 206|0x00000000ece00000, 0x00000000ece00000, 0x00000000ecf00000|  0%| F|  |TAMS 0x00000000ece00000| PB 0x00000000ece00000| Untracked 
| 207|0x00000000ecf00000, 0x00000000ecf00000, 0x00000000ed000000|  0%| F|  |TAMS 0x00000000ecf00000| PB 0x00000000ecf00000| Untracked 
| 208|0x00000000ed000000, 0x00000000ed000000, 0x00000000ed100000|  0%| F|  |TAMS 0x00000000ed000000| PB 0x00000000ed000000| Untracked 
| 209|0x00000000ed100000, 0x00000000ed100000, 0x00000000ed200000|  0%| F|  |TAMS 0x00000000ed100000| PB 0x00000000ed100000| Untracked 
| 210|0x00000000ed200000, 0x00000000ed200000, 0x00000000ed300000|  0%| F|  |TAMS 0x00000000ed200000| PB 0x00000000ed200000| Untracked 
| 211|0x00000000ed300000, 0x00000000ed300000, 0x00000000ed400000|  0%| F|  |TAMS 0x00000000ed300000| PB 0x00000000ed300000| Untracked 
| 212|0x00000000ed400000, 0x00000000ed400000, 0x00000000ed500000|  0%| F|  |TAMS 0x00000000ed400000| PB 0x00000000ed400000| Untracked 
| 213|0x00000000ed500000, 0x00000000ed580000, 0x00000000ed600000| 50%| E|  |TAMS 0x00000000ed500000| PB 0x00000000ed500000| Complete 
| 214|0x00000000ed600000, 0x00000000ed700000, 0x00000000ed700000|100%| E|CS|TAMS 0x00000000ed600000| PB 0x00000000ed600000| Complete 
| 215|0x00000000ed700000, 0x00000000ed800000, 0x00000000ed800000|100%| E|CS|TAMS 0x00000000ed700000| PB 0x00000000ed700000| Complete 
| 216|0x00000000ed800000, 0x00000000ed900000, 0x00000000ed900000|100%| E|CS|TAMS 0x00000000ed800000| PB 0x00000000ed800000| Complete 
| 217|0x00000000ed900000, 0x00000000eda00000, 0x00000000eda00000|100%| E|  |TAMS 0x00000000ed900000| PB 0x00000000ed900000| Complete 
| 218|0x00000000eda00000, 0x00000000edb00000, 0x00000000edb00000|100%| E|CS|TAMS 0x00000000eda00000| PB 0x00000000eda00000| Complete 
| 219|0x00000000edb00000, 0x00000000edc00000, 0x00000000edc00000|100%| E|CS|TAMS 0x00000000edb00000| PB 0x00000000edb00000| Complete 
| 220|0x00000000edc00000, 0x00000000edd00000, 0x00000000edd00000|100%| E|CS|TAMS 0x00000000edc00000| PB 0x00000000edc00000| Complete 
| 221|0x00000000edd00000, 0x00000000ede00000, 0x00000000ede00000|100%| E|CS|TAMS 0x00000000edd00000| PB 0x00000000edd00000| Complete 
| 222|0x00000000ede00000, 0x00000000edf00000, 0x00000000edf00000|100%| E|CS|TAMS 0x00000000ede00000| PB 0x00000000ede00000| Complete 
| 223|0x00000000edf00000, 0x00000000ee000000, 0x00000000ee000000|100%| E|CS|TAMS 0x00000000edf00000| PB 0x00000000edf00000| Complete 
| 224|0x00000000ee000000, 0x00000000ee100000, 0x00000000ee100000|100%| E|CS|TAMS 0x00000000ee000000| PB 0x00000000ee000000| Complete 
| 225|0x00000000ee100000, 0x00000000ee200000, 0x00000000ee200000|100%| E|CS|TAMS 0x00000000ee100000| PB 0x00000000ee100000| Complete 
| 226|0x00000000ee200000, 0x00000000ee300000, 0x00000000ee300000|100%| E|CS|TAMS 0x00000000ee200000| PB 0x00000000ee200000| Complete 
| 227|0x00000000ee300000, 0x00000000ee400000, 0x00000000ee400000|100%| E|CS|TAMS 0x00000000ee300000| PB 0x00000000ee300000| Complete 
| 228|0x00000000ee400000, 0x00000000ee500000, 0x00000000ee500000|100%| E|CS|TAMS 0x00000000ee400000| PB 0x00000000ee400000| Complete 
| 229|0x00000000ee500000, 0x00000000ee600000, 0x00000000ee600000|100%| E|CS|TAMS 0x00000000ee500000| PB 0x00000000ee500000| Complete 
| 230|0x00000000ee600000, 0x00000000ee700000, 0x00000000ee700000|100%| E|CS|TAMS 0x00000000ee600000| PB 0x00000000ee600000| Complete 
| 231|0x00000000ee700000, 0x00000000ee800000, 0x00000000ee800000|100%| E|CS|TAMS 0x00000000ee700000| PB 0x00000000ee700000| Complete 
| 232|0x00000000ee800000, 0x00000000ee900000, 0x00000000ee900000|100%| E|CS|TAMS 0x00000000ee800000| PB 0x00000000ee800000| Complete 
| 233|0x00000000ee900000, 0x00000000eea00000, 0x00000000eea00000|100%| E|CS|TAMS 0x00000000ee900000| PB 0x00000000ee900000| Complete 
| 234|0x00000000eea00000, 0x00000000eeb00000, 0x00000000eeb00000|100%| E|CS|TAMS 0x00000000eea00000| PB 0x00000000eea00000| Complete 
| 235|0x00000000eeb00000, 0x00000000eec00000, 0x00000000eec00000|100%| E|CS|TAMS 0x00000000eeb00000| PB 0x00000000eeb00000| Complete 
| 236|0x00000000eec00000, 0x00000000eed00000, 0x00000000eed00000|100%| E|CS|TAMS 0x00000000eec00000| PB 0x00000000eec00000| Complete 
| 237|0x00000000eed00000, 0x00000000eee00000, 0x00000000eee00000|100%| E|CS|TAMS 0x00000000eed00000| PB 0x00000000eed00000| Complete 
| 238|0x00000000eee00000, 0x00000000eef00000, 0x00000000eef00000|100%| E|CS|TAMS 0x00000000eee00000| PB 0x00000000eee00000| Complete 
| 239|0x00000000eef00000, 0x00000000ef000000, 0x00000000ef000000|100%| E|CS|TAMS 0x00000000eef00000| PB 0x00000000eef00000| Complete 
| 240|0x00000000ef000000, 0x00000000ef100000, 0x00000000ef100000|100%| E|CS|TAMS 0x00000000ef000000| PB 0x00000000ef000000| Complete 
| 241|0x00000000ef100000, 0x00000000ef200000, 0x00000000ef200000|100%| E|CS|TAMS 0x00000000ef100000| PB 0x00000000ef100000| Complete 
| 242|0x00000000ef200000, 0x00000000ef300000, 0x00000000ef300000|100%| E|CS|TAMS 0x00000000ef200000| PB 0x00000000ef200000| Complete 
| 243|0x00000000ef300000, 0x00000000ef400000, 0x00000000ef400000|100%| E|CS|TAMS 0x00000000ef300000| PB 0x00000000ef300000| Complete 
| 244|0x00000000ef400000, 0x00000000ef500000, 0x00000000ef500000|100%| E|CS|TAMS 0x00000000ef400000| PB 0x00000000ef400000| Complete 
| 245|0x00000000ef500000, 0x00000000ef600000, 0x00000000ef600000|100%| E|CS|TAMS 0x00000000ef500000| PB 0x00000000ef500000| Complete 
| 246|0x00000000ef600000, 0x00000000ef700000, 0x00000000ef700000|100%| E|CS|TAMS 0x00000000ef600000| PB 0x00000000ef600000| Complete 
| 247|0x00000000ef700000, 0x00000000ef800000, 0x00000000ef800000|100%| E|CS|TAMS 0x00000000ef700000| PB 0x00000000ef700000| Complete 
| 248|0x00000000ef800000, 0x00000000ef900000, 0x00000000ef900000|100%| E|CS|TAMS 0x00000000ef800000| PB 0x00000000ef800000| Complete 
| 249|0x00000000ef900000, 0x00000000efa00000, 0x00000000efa00000|100%| E|CS|TAMS 0x00000000ef900000| PB 0x00000000ef900000| Complete 
| 250|0x00000000efa00000, 0x00000000efb00000, 0x00000000efb00000|100%| E|CS|TAMS 0x00000000efa00000| PB 0x00000000efa00000| Complete 
| 251|0x00000000efb00000, 0x00000000efc00000, 0x00000000efc00000|100%| E|CS|TAMS 0x00000000efb00000| PB 0x00000000efb00000| Complete 
| 252|0x00000000efc00000, 0x00000000efd00000, 0x00000000efd00000|100%| E|CS|TAMS 0x00000000efc00000| PB 0x00000000efc00000| Complete 
| 253|0x00000000efd00000, 0x00000000efe00000, 0x00000000efe00000|100%| E|CS|TAMS 0x00000000efd00000| PB 0x00000000efd00000| Complete 
| 254|0x00000000efe00000, 0x00000000eff00000, 0x00000000eff00000|100%| E|CS|TAMS 0x00000000efe00000| PB 0x00000000efe00000| Complete 
| 255|0x00000000eff00000, 0x00000000f0000000, 0x00000000f0000000|100%| E|CS|TAMS 0x00000000eff00000| PB 0x00000000eff00000| Complete 
| 256|0x00000000f0000000, 0x00000000f0100000, 0x00000000f0100000|100%| E|CS|TAMS 0x00000000f0000000| PB 0x00000000f0000000| Complete 
| 257|0x00000000f0100000, 0x00000000f0200000, 0x00000000f0200000|100%| E|CS|TAMS 0x00000000f0100000| PB 0x00000000f0100000| Complete 
| 258|0x00000000f0200000, 0x00000000f0300000, 0x00000000f0300000|100%| E|CS|TAMS 0x00000000f0200000| PB 0x00000000f0200000| Complete 
| 259|0x00000000f0300000, 0x00000000f0400000, 0x00000000f0400000|100%| E|CS|TAMS 0x00000000f0300000| PB 0x00000000f0300000| Complete 
| 260|0x00000000f0400000, 0x00000000f0500000, 0x00000000f0500000|100%| E|CS|TAMS 0x00000000f0400000| PB 0x00000000f0400000| Complete 
| 261|0x00000000f0500000, 0x00000000f0600000, 0x00000000f0600000|100%| E|CS|TAMS 0x00000000f0500000| PB 0x00000000f0500000| Complete 
| 262|0x00000000f0600000, 0x00000000f0700000, 0x00000000f0700000|100%| E|CS|TAMS 0x00000000f0600000| PB 0x00000000f0600000| Complete 
| 263|0x00000000f0700000, 0x00000000f0800000, 0x00000000f0800000|100%| E|CS|TAMS 0x00000000f0700000| PB 0x00000000f0700000| Complete 
| 264|0x00000000f0800000, 0x00000000f0900000, 0x00000000f0900000|100%| E|CS|TAMS 0x00000000f0800000| PB 0x00000000f0800000| Complete 
| 265|0x00000000f0900000, 0x00000000f0a00000, 0x00000000f0a00000|100%| E|CS|TAMS 0x00000000f0900000| PB 0x00000000f0900000| Complete 
| 266|0x00000000f0a00000, 0x00000000f0b00000, 0x00000000f0b00000|100%| E|CS|TAMS 0x00000000f0a00000| PB 0x00000000f0a00000| Complete 
| 267|0x00000000f0b00000, 0x00000000f0c00000, 0x00000000f0c00000|100%| E|CS|TAMS 0x00000000f0b00000| PB 0x00000000f0b00000| Complete 
| 508|0x00000000ffc00000, 0x00000000ffd00000, 0x00000000ffd00000|100%| O|Cm|TAMS 0x00000000ffc00000| PB 0x00000000ffc00000| Complete 
| 509|0x00000000ffd00000, 0x00000000ffe00000, 0x00000000ffe00000|100%| O|  |TAMS 0x00000000ffd00000| PB 0x00000000ffd00000| Untracked 
| 510|0x00000000ffe00000, 0x00000000fff00000, 0x00000000fff00000|100%| O|  |TAMS 0x00000000ffe00000| PB 0x00000000ffe00000| Untracked 
| 511|0x00000000fff00000, 0x0000000100000000, 0x0000000100000000|100%| O|  |TAMS 0x00000000fff00000| PB 0x00000000fff00000| Untracked 

Card table byte_map: [0x0000024177550000,0x0000024177650000] _byte_map_base: 0x0000024176e50000

Marking Bits: (CMBitMap*) 0x0000024164dc5cd0
 Bits: [0x0000024177650000, 0x0000024177e50000)

Polling page: 0x0000024162fa0000

Metaspace:

Usage:
  Non-class:     97.24 MB used.
      Class:     14.83 MB used.
       Both:    112.08 MB used.

Virtual space:
  Non-class space:      128.00 MB reserved,      98.38 MB ( 77%) committed,  2 nodes.
      Class space:      320.00 MB reserved,      15.94 MB (  5%) committed,  1 nodes.
             Both:      448.00 MB reserved,     114.31 MB ( 26%) committed. 

Chunk freelists:
   Non-Class:  12.74 MB
       Class:  40.00 KB
        Both:  12.78 MB

MaxMetaspaceSize: 384.00 MB
CompressedClassSpaceSize: 320.00 MB
Initial GC threshold: 21.00 MB
Current GC threshold: 184.19 MB
CDS: off
 - commit_granule_bytes: 65536.
 - commit_granule_words: 8192.
 - virtual_space_node_default_size: 8388608.
 - enlarge_chunks_in_place: 1.
 - use_allocation_guard: 0.


Internal statistics:

num_allocs_failed_limit: 18.
num_arena_births: 4200.
num_arena_deaths: 0.
num_vsnodes_births: 3.
num_vsnodes_deaths: 0.
num_space_committed: 1828.
num_space_uncommitted: 0.
num_chunks_returned_to_freelist: 18.
num_chunks_taken_from_freelist: 9227.
num_chunk_merges: 15.
num_chunk_splits: 5964.
num_chunks_enlarged: 3664.
num_inconsistent_stats: 0.

CodeHeap 'non-profiled nmethods': size=120000Kb used=6897Kb max_used=7036Kb free=113102Kb
 bounds [0x000002416f9c0000, 0x00000241700d0000, 0x0000024176ef0000]
CodeHeap 'profiled nmethods': size=120000Kb used=22724Kb max_used=23309Kb free=97275Kb
 bounds [0x0000024167ef0000, 0x00000241695c0000, 0x000002416f420000]
CodeHeap 'non-nmethods': size=5760Kb used=2887Kb max_used=2953Kb free=2872Kb
 bounds [0x000002416f420000, 0x000002416f710000, 0x000002416f9c0000]
 total_blobs=12742 nmethods=11751 adapters=892
 compilation: enabled
              stopped_count=0, restarted_count=0
 full_count=0

Compilation events (20 events):
Event: 20.680 Thread 0x000002417f0fbf10 13186       3       org.gradle.api.internal.artifacts.repositories.resolver.ExternalResourceResolver$LocalRepositoryAccess::resolveArtifact (1 bytes)
Event: 20.680 Thread 0x000002417f0fbf10 nmethod 13186 0x000002416828ea10 code [0x000002416828eba0, 0x000002416828eca8]
Event: 20.682 Thread 0x000002417f0fbf10 13187       1       org.gradle.tooling.internal.adapter.ProtocolToModelAdapter$TypeSpecificMappingAction::isNoOp (2 bytes)
Event: 20.682 Thread 0x000002417f0fbf10 nmethod 13187 0x000002416fda4090 code [0x000002416fda4220, 0x000002416fda42e8]
Event: 20.682 Thread 0x000002417f0fbf10 13188       1       com.amazon.ion.impl._Private_RecyclingStack::peek (5 bytes)
Event: 20.682 Thread 0x000002417f0fbf10 nmethod 13188 0x000002416fda3c90 code [0x000002416fda3e20, 0x000002416fda3ee8]
Event: 20.685 Thread 0x000002417f0fbf10 13189       3       org.gradle.api.internal.artifacts.ivyservice.modulecache.ModuleMetadataSerializer$Reader::readVariantConstraints (87 bytes)
Event: 20.685 Thread 0x000002417f0fbf10 nmethod 13189 0x00000241686e8590 code [0x00000241686e87e0, 0x00000241686e90d8]
Event: 20.685 Thread 0x000002417f0fbf10 13190       3       com.amazon.ion.impl._Private_RecyclingStack::isEmpty (13 bytes)
Event: 20.685 Thread 0x000002417f0fbf10 nmethod 13190 0x00000241683d8390 code [0x00000241683d8520, 0x00000241683d8680]
Event: 20.688 Thread 0x000002417f0fbf10 13191       1       com.amazon.ion.impl.bin.PooledBlockAllocatorProvider$PooledBlockAllocator::getBlockSize (5 bytes)
Event: 20.688 Thread 0x000002417f0fbf10 nmethod 13191 0x000002416fcfe790 code [0x000002416fcfe920, 0x000002416fcfe9e8]
Event: 20.695 Thread 0x000002417f0fbf10 13192       3       org.gradle.internal.component.external.model.DefaultImmutableCapability::defaultCapabilityForComponent (26 bytes)
Event: 20.695 Thread 0x000002417f0fbf10 nmethod 13192 0x000002416850fc90 code [0x000002416850fe80, 0x0000024168510318]
Event: 20.699 Thread 0x000002417f0fbf10 13193       3       java.lang.StringLatin1::regionMatchesCI (45 bytes)
Event: 20.699 Thread 0x000002417f0fbf10 nmethod 13193 0x0000024168990790 code [0x0000024168990960, 0x0000024168990c18]
Event: 20.707 Thread 0x000002417f0fbf10 13194       3       java.lang.String::regionMatches (150 bytes)
Event: 20.707 Thread 0x000002417f0fbf10 nmethod 13194 0x00000241681f0d10 code [0x00000241681f0f60, 0x00000241681f1728]
Event: 20.708 Thread 0x000002417f0fbf10 13195       2       org.gradle.internal.component.external.model.DefaultModuleComponentIdentifier::getModule (10 bytes)
Event: 20.708 Thread 0x000002417f0fbf10 nmethod 13195 0x0000024168562d90 code [0x0000024168562f40, 0x0000024168563078]

GC Heap History (20 events):
Event: 5.289 GC heap before
{Heap before GC invocations=7 (full 0):
 garbage-first heap   total 262144K, used 45041K [0x00000000e0000000, 0x0000000100000000)
  region size 1024K, 12 young (12288K), 10 survivors (10240K)
 Metaspace       used 35805K, committed 36736K, reserved 393216K
  class space    used 4819K, committed 5312K, reserved 327680K
}
Event: 5.292 GC heap after
{Heap after GC invocations=8 (full 0):
 garbage-first heap   total 262144K, used 44120K [0x00000000e0000000, 0x0000000100000000)
  region size 1024K, 10 young (10240K), 10 survivors (10240K)
 Metaspace       used 35805K, committed 36736K, reserved 393216K
  class space    used 4819K, committed 5312K, reserved 327680K
}
Event: 7.215 GC heap before
{Heap before GC invocations=9 (full 0):
 garbage-first heap   total 262144K, used 194648K [0x00000000e0000000, 0x0000000100000000)
  region size 1024K, 153 young (156672K), 10 survivors (10240K)
 Metaspace       used 54749K, committed 56192K, reserved 393216K
  class space    used 7371K, committed 8064K, reserved 327680K
}
Event: 7.245 GC heap after
{Heap after GC invocations=10 (full 0):
 garbage-first heap   total 262144K, used 54192K [0x00000000e0000000, 0x0000000100000000)
  region size 1024K, 20 young (20480K), 20 survivors (20480K)
 Metaspace       used 54749K, committed 56192K, reserved 393216K
  class space    used 7371K, committed 8064K, reserved 327680K
}
Event: 8.422 GC heap before
{Heap before GC invocations=10 (full 0):
 garbage-first heap   total 262144K, used 140208K [0x00000000e0000000, 0x0000000100000000)
  region size 1024K, 90 young (92160K), 20 survivors (20480K)
 Metaspace       used 59777K, committed 61376K, reserved 393216K
  class space    used 8019K, committed 8832K, reserved 327680K
}
Event: 8.436 GC heap after
{Heap after GC invocations=11 (full 0):
 garbage-first heap   total 262144K, used 77325K [0x00000000e0000000, 0x0000000100000000)
  region size 1024K, 20 young (20480K), 20 survivors (20480K)
 Metaspace       used 59777K, committed 61376K, reserved 393216K
  class space    used 8019K, committed 8832K, reserved 327680K
}
Event: 8.482 GC heap before
{Heap before GC invocations=11 (full 0):
 garbage-first heap   total 262144K, used 79373K [0x00000000e0000000, 0x0000000100000000)
  region size 1024K, 23 young (23552K), 20 survivors (20480K)
 Metaspace       used 60075K, committed 61696K, reserved 393216K
  class space    used 8069K, committed 8896K, reserved 327680K
}
Event: 8.489 GC heap after
{Heap after GC invocations=12 (full 0):
 garbage-first heap   total 262144K, used 78099K [0x00000000e0000000, 0x0000000100000000)
  region size 1024K, 10 young (10240K), 10 survivors (10240K)
 Metaspace       used 60075K, committed 61696K, reserved 393216K
  class space    used 8069K, committed 8896K, reserved 327680K
}
Event: 10.005 GC heap before
{Heap before GC invocations=13 (full 0):
 garbage-first heap   total 262144K, used 223507K [0x00000000e0000000, 0x0000000100000000)
  region size 1024K, 153 young (156672K), 10 survivors (10240K)
 Metaspace       used 66797K, committed 68544K, reserved 393216K
  class space    used 9005K, committed 9856K, reserved 327680K
}
Event: 10.013 GC heap after
{Heap after GC invocations=14 (full 0):
 garbage-first heap   total 262144K, used 85330K [0x00000000e0000000, 0x0000000100000000)
  region size 1024K, 17 young (17408K), 17 survivors (17408K)
 Metaspace       used 66797K, committed 68544K, reserved 393216K
  class space    used 9005K, committed 9856K, reserved 327680K
}
Event: 11.586 GC heap before
{Heap before GC invocations=14 (full 0):
 garbage-first heap   total 262144K, used 235858K [0x00000000e0000000, 0x0000000100000000)
  region size 1024K, 153 young (156672K), 17 survivors (17408K)
 Metaspace       used 78011K, committed 79872K, reserved 458752K
  class space    used 10419K, committed 11328K, reserved 327680K
}
Event: 11.597 GC heap after
{Heap after GC invocations=15 (full 0):
 garbage-first heap   total 269312K, used 107764K [0x00000000e0000000, 0x0000000100000000)
  region size 1024K, 20 young (20480K), 20 survivors (20480K)
 Metaspace       used 78011K, committed 79872K, reserved 458752K
  class space    used 10419K, committed 11328K, reserved 327680K
}
Event: 12.744 GC heap before
{Heap before GC invocations=15 (full 0):
 garbage-first heap   total 269312K, used 230644K [0x00000000e0000000, 0x0000000100000000)
  region size 1024K, 142 young (145408K), 20 survivors (20480K)
 Metaspace       used 85392K, committed 87360K, reserved 458752K
  class space    used 11407K, committed 12352K, reserved 327680K
}
Event: 12.754 GC heap after
{Heap after GC invocations=16 (full 0):
 garbage-first heap   total 269312K, used 113547K [0x00000000e0000000, 0x0000000100000000)
  region size 1024K, 10 young (10240K), 10 survivors (10240K)
 Metaspace       used 85392K, committed 87360K, reserved 458752K
  class space    used 11407K, committed 12352K, reserved 327680K
}
Event: 15.076 GC heap before
{Heap before GC invocations=17 (full 0):
 garbage-first heap   total 269312K, used 256907K [0x00000000e0000000, 0x0000000100000000)
  region size 1024K, 131 young (134144K), 10 survivors (10240K)
 Metaspace       used 97434K, committed 99456K, reserved 458752K
  class space    used 13125K, committed 14144K, reserved 327680K
}
Event: 15.095 GC heap after
{Heap after GC invocations=18 (full 0):
 garbage-first heap   total 278528K, used 138201K [0x00000000e0000000, 0x0000000100000000)
  region size 1024K, 17 young (17408K), 17 survivors (17408K)
 Metaspace       used 97434K, committed 99456K, reserved 458752K
  class space    used 13125K, committed 14144K, reserved 327680K
}
Event: 18.677 GC heap before
{Heap before GC invocations=18 (full 0):
 garbage-first heap   total 278528K, used 246745K [0x00000000e0000000, 0x0000000100000000)
  region size 1024K, 122 young (124928K), 17 survivors (17408K)
 Metaspace       used 109607K, committed 111744K, reserved 458752K
  class space    used 14577K, committed 15616K, reserved 327680K
}
Event: 18.687 GC heap after
{Heap after GC invocations=19 (full 0):
 garbage-first heap   total 278528K, used 145015K [0x00000000e0000000, 0x0000000100000000)
  region size 1024K, 8 young (8192K), 8 survivors (8192K)
 Metaspace       used 109607K, committed 111744K, reserved 458752K
  class space    used 14577K, committed 15616K, reserved 327680K
}
Event: 20.146 GC heap before
{Heap before GC invocations=19 (full 0):
 garbage-first heap   total 278528K, used 250487K [0x00000000e0000000, 0x0000000100000000)
  region size 1024K, 112 young (114688K), 8 survivors (8192K)
 Metaspace       used 110951K, committed 113088K, reserved 458752K
  class space    used 14720K, committed 15808K, reserved 327680K
}
Event: 20.154 GC heap after
{Heap after GC invocations=20 (full 0):
 garbage-first heap   total 278528K, used 153228K [0x00000000e0000000, 0x0000000100000000)
  region size 1024K, 14 young (14336K), 14 survivors (14336K)
 Metaspace       used 110951K, committed 113088K, reserved 458752K
  class space    used 14720K, committed 15808K, reserved 327680K
}

Dll operation events (3 events):
Event: 0.028 Loaded shared library C:\Program Files\Android\Android Studio\jbr\bin\java.dll
Event: 0.044 Loaded shared library C:\Program Files\Android\Android Studio\jbr\bin\zip.dll
Event: 0.664 Loaded shared library C:\Program Files\Android\Android Studio\jbr\bin\verify.dll

Deoptimization events (20 events):
Event: 20.604 Thread 0x00000241018b20e0 Uncommon trap: trap_request=0xffffffde fr.pc=0x00000241700b556c relative=0x000000000000438c
Event: 20.604 Thread 0x00000241018b20e0 Uncommon trap: reason=class_check action=maybe_recompile pc=0x00000241700b556c method=org.gradle.api.internal.attributes.DefaultCompatibilityRuleChain.execute(Lorg/gradle/api/internal/attributes/CompatibilityCheckResult;)V @ 25 c2
Event: 20.604 Thread 0x00000241018b20e0 DEOPT PACKING pc=0x00000241700b556c sp=0x00000071a6bf8d70
Event: 20.604 Thread 0x00000241018b20e0 DEOPT UNPACKING pc=0x000002416f4746a2 sp=0x00000071a6bf8b38 mode 2
Event: 20.604 Thread 0x00000241018b20e0 Uncommon trap: trap_request=0xffffffde fr.pc=0x00000241700ab01c relative=0x000000000000383c
Event: 20.604 Thread 0x00000241018b20e0 Uncommon trap: reason=class_check action=maybe_recompile pc=0x00000241700ab01c method=org.gradle.api.internal.attributes.DefaultCompatibilityRuleChain.execute(Lorg/gradle/api/internal/attributes/CompatibilityCheckResult;)V @ 25 c2
Event: 20.604 Thread 0x00000241018b20e0 DEOPT PACKING pc=0x00000241700ab01c sp=0x00000071a6bf8c40
Event: 20.604 Thread 0x00000241018b20e0 DEOPT UNPACKING pc=0x000002416f4746a2 sp=0x00000071a6bf8b90 mode 2
Event: 20.678 Thread 0x0000024104ee4e90 Uncommon trap: trap_request=0xffffff3d fr.pc=0x000002416fcbb09c relative=0x00000000000002dc
Event: 20.678 Thread 0x0000024104ee4e90 Uncommon trap: reason=unstable_fused_if action=reinterpret pc=0x000002416fcbb09c method=java.lang.CharacterDataLatin1.equalsIgnoreCase(BB)Z @ 16 c2
Event: 20.678 Thread 0x0000024104ee4e90 DEOPT PACKING pc=0x000002416fcbb09c sp=0x00000071acffd9c0
Event: 20.678 Thread 0x0000024104ee4e90 DEOPT UNPACKING pc=0x000002416f4746a2 sp=0x00000071acffd818 mode 2
Event: 20.678 Thread 0x0000024104ee4e90 Uncommon trap: trap_request=0xffffff3d fr.pc=0x000002416fad9984 relative=0x0000000000000164
Event: 20.678 Thread 0x0000024104ee4e90 Uncommon trap: reason=unstable_fused_if action=reinterpret pc=0x000002416fad9984 method=java.lang.CharacterDataLatin1.equalsIgnoreCase(BB)Z @ 16 c2
Event: 20.678 Thread 0x0000024104ee4e90 DEOPT PACKING pc=0x000002416fad9984 sp=0x00000071acffd8f0
Event: 20.678 Thread 0x0000024104ee4e90 DEOPT UNPACKING pc=0x000002416f4746a2 sp=0x00000071acffd810 mode 2
Event: 20.678 Thread 0x0000024104ee4e90 Uncommon trap: trap_request=0xffffff3d fr.pc=0x000002416faac708 relative=0x0000000000000068
Event: 20.678 Thread 0x0000024104ee4e90 Uncommon trap: reason=unstable_fused_if action=reinterpret pc=0x000002416faac708 method=java.lang.CharacterDataLatin1.equalsIgnoreCase(BB)Z @ 16 c2
Event: 20.678 Thread 0x0000024104ee4e90 DEOPT PACKING pc=0x000002416faac708 sp=0x00000071acffd880
Event: 20.678 Thread 0x0000024104ee4e90 DEOPT UNPACKING pc=0x000002416f4746a2 sp=0x00000071acffd810 mode 2

Classes loaded (20 events):
Event: 17.584 Loading class com/sun/org/apache/xerces/internal/util/NamespaceSupport$Prefixes
Event: 17.584 Loading class com/sun/org/apache/xerces/internal/util/NamespaceSupport$Prefixes done
Event: 17.585 Loading class com/sun/xml/internal/stream/events/CharacterEvent
Event: 17.585 Loading class javax/xml/stream/events/Characters
Event: 17.585 Loading class javax/xml/stream/events/Characters done
Event: 17.585 Loading class com/sun/xml/internal/stream/events/CharacterEvent done
Event: 17.585 Loading class com/sun/xml/internal/stream/events/CommentEvent
Event: 17.585 Loading class javax/xml/stream/events/Comment
Event: 17.585 Loading class javax/xml/stream/events/Comment done
Event: 17.585 Loading class com/sun/xml/internal/stream/events/CommentEvent done
Event: 17.585 Loading class com/sun/xml/internal/stream/events/EndElementEvent
Event: 17.585 Loading class javax/xml/stream/events/EndElement
Event: 17.585 Loading class javax/xml/stream/events/EndElement done
Event: 17.585 Loading class com/sun/xml/internal/stream/events/EndElementEvent done
Event: 18.122 Loading class java/io/SequenceInputStream
Event: 18.129 Loading class java/io/SequenceInputStream done
Event: 18.155 Loading class java/util/function/IntUnaryOperator
Event: 18.157 Loading class java/util/function/IntUnaryOperator done
Event: 20.324 Loading class java/util/zip/ZipOutputStream
Event: 20.325 Loading class java/util/zip/ZipOutputStream done

Classes unloaded (0 events):
No events

Classes redefined (0 events):
No events

Internal exceptions (20 events):
Event: 15.066 Thread 0x0000024104ee4e90 Exception <a 'java/lang/NoSuchMethodError'{0x00000000e8c634d0}: static Lorg/jetbrains/plugins/gradle/tooling/serialization/internal/adapter/kotlin/dsl/InternalKotlinDslScriptsModel;.<clinit>()V> (0x00000000e8c634d0) 
thrown [s\src\hotspot\share\prims\jni.cpp, line 1135]
Event: 15.072 Thread 0x00000241018b20e0 Exception <a 'java/lang/NoSuchMethodError'{0x00000000e8ca28b8}: 'java.lang.Object java.lang.invoke.DirectMethodHandle$Holder.invokeStatic(java.lang.Object, int, java.lang.Object)'> (0x00000000e8ca28b8) 
thrown [s\src\hotspot\share\interpreter\linkResolver.cpp, line 784]
Event: 16.139 Thread 0x00000241018b20e0 Exception <a 'java/lang/NullPointerException'{0x00000000ee55e418}> (0x00000000ee55e418) 
thrown [s\src\hotspot\share\interpreter\linkResolver.cpp, line 1471]
Event: 16.664 Thread 0x00000241018b20e0 Exception <a 'sun/nio/fs/WindowsException'{0x00000000ed19d1f0}> (0x00000000ed19d1f0) 
thrown [s\src\hotspot\share\prims\jni.cpp, line 535]
Event: 16.664 Thread 0x00000241018b20e0 Exception <a 'sun/nio/fs/WindowsException'{0x00000000ed19e858}> (0x00000000ed19e858) 
thrown [s\src\hotspot\share\prims\jni.cpp, line 535]
Event: 16.664 Thread 0x00000241018b20e0 Exception <a 'sun/nio/fs/WindowsException'{0x00000000ed19ff10}> (0x00000000ed19ff10) 
thrown [s\src\hotspot\share\prims\jni.cpp, line 535]
Event: 16.665 Thread 0x00000241018b20e0 Exception <a 'sun/nio/fs/WindowsException'{0x00000000ed1a15c8}> (0x00000000ed1a15c8) 
thrown [s\src\hotspot\share\prims\jni.cpp, line 535]
Event: 17.479 Thread 0x00000241018b20e0 Exception <a 'java/lang/NoSuchMethodError'{0x00000000ebdec8e8}: 'void java.lang.invoke.DirectMethodHandle$Holder.invokeSpecial(java.lang.Object, java.lang.Object, java.lang.Object, java.lang.Object, int, java.lang.Object, java.lang.Object)'> (0x00000000ebdec8e8) 
thrown [s\src\hotspot\share\interpreter\linkResolver.cpp, line 784]
Event: 17.970 Thread 0x00000241018b20e0 Exception <a 'java/lang/NoSuchMethodError'{0x00000000eaacfb28}: 'java.lang.Object java.lang.invoke.DirectMethodHandle$Holder.invokeStatic(java.lang.Object, int, java.lang.Object, java.lang.Object, java.lang.Object)'> (0x00000000eaacfb28) 
thrown [s\src\hotspot\share\interpreter\linkResolver.cpp, line 784]
Event: 17.970 Thread 0x00000241018b20e0 Exception <a 'java/lang/NoSuchMethodError'{0x00000000eaad77e0}: 'java.lang.Object java.lang.invoke.DirectMethodHandle$Holder.newInvokeSpecial(java.lang.Object, int, java.lang.Object, java.lang.Object)'> (0x00000000eaad77e0) 
thrown [s\src\hotspot\share\interpreter\linkResolver.cpp, line 784]
Event: 17.971 Thread 0x00000241018b20e0 Exception <a 'java/lang/NoSuchMethodError'{0x00000000eaadbad0}: 'java.lang.Object java.lang.invoke.DirectMethodHandle$Holder.invokeSpecial(java.lang.Object, java.lang.Object, int, java.lang.Object, java.lang.Object)'> (0x00000000eaadbad0) 
thrown [s\src\hotspot\share\interpreter\linkResolver.cpp, line 784]
Event: 18.157 Thread 0x00000241018b20e0 Exception <a 'java/lang/NoSuchMethodError'{0x00000000ea5bc958}: 'int java.lang.invoke.DirectMethodHandle$Holder.invokeSpecial(java.lang.Object, java.lang.Object, int)'> (0x00000000ea5bc958) 
thrown [s\src\hotspot\share\interpreter\linkResolver.cpp, line 784]
Event: 18.687 Thread 0x000002417f0f5250 Implicit null exception at 0x000002416fb4b0c8 to 0x000002416fb4b77c
Event: 19.929 Thread 0x00000241018b20e0 Exception <a 'java/lang/NoSuchMethodError'{0x00000000ebbf2690}: 'void java.lang.invoke.DirectMethodHandle$Holder.invokeStatic(java.lang.Object, java.lang.Object, java.lang.Object, java.lang.Object, java.lang.Object, java.lang.Object, java.lang.Object, java.lang.Object)'> (0x00000000ebbf2690) 
thrown [s\src\hotspot\share\interpreter\linkResolver.cpp, line 784]
Event: 20.023 Thread 0x000002410aa58900 Implicit null exception at 0x0000024170052ccd to 0x0000024170053444
Event: 20.023 Thread 0x000002410aa59620 Implicit null exception at 0x0000024170052ccd to 0x0000024170053444
Event: 20.023 Thread 0x000002410aa5bd80 Implicit null exception at 0x0000024170052ccd to 0x0000024170053444
Event: 20.396 Thread 0x00000241018b20e0 Exception <a 'java/lang/NoSuchMethodError'{0x00000000efa41718}: 'java.lang.Object java.lang.invoke.Invokers$Holder.linkToTargetMethod(java.lang.Object, java.lang.Object, java.lang.Object, java.lang.Object, java.lang.Object, java.lang.Object, java.lang.Object, java.lang.Object, java.lang.Object, java.lang.Object, java.lang.Object, java.lang.Object)'> (0x00000000efa41718) 
thrown [s\src\hotspot\share\interpreter\linkResolver.cpp, line 784]
Event: 20.548 Thread 0x00000241018b20e0 Exception <a 'java/lang/NoSuchMethodError'{0x00000000eeebba38}: 'java.lang.Object java.lang.invoke.DirectMethodHandle$Holder.invokeStatic(java.lang.Object, java.lang.Object, int, java.lang.Object, java.lang.Object, java.lang.Object)'> (0x00000000eeebba38) 
thrown [s\src\hotspot\share\interpreter\linkResolver.cpp, line 784]
Event: 20.585 Thread 0x0000024104ee4e90 Exception <a 'java/lang/NoSuchMethodError'{0x00000000eeb877b0}: static Lorg/jetbrains/kotlin/idea/gradleTooling/model/kapt/KaptGradleModelImpl;.<clinit>()V> (0x00000000eeb877b0) 
thrown [s\src\hotspot\share\prims\jni.cpp, line 1135]

ZGC Phase Switch (0 events):
No events

VM Operations (20 events):
Event: 19.936 Executing VM operation: HandshakeAllThreads (Deoptimize)
Event: 19.936 Executing VM operation: HandshakeAllThreads (Deoptimize) done
Event: 19.976 Executing VM operation: ICBufferFull
Event: 19.976 Executing VM operation: ICBufferFull done
Event: 20.017 Executing VM operation: HandshakeAllThreads (Deoptimize)
Event: 20.017 Executing VM operation: HandshakeAllThreads (Deoptimize) done
Event: 20.146 Executing VM operation: G1CollectForAllocation (G1 Evacuation Pause)
Event: 20.154 Executing VM operation: G1CollectForAllocation (G1 Evacuation Pause) done
Event: 20.202 Executing VM operation: G1PauseRemark
Event: 20.215 Executing VM operation: G1PauseRemark done
Event: 20.234 Executing VM operation: G1PauseCleanup
Event: 20.234 Executing VM operation: G1PauseCleanup done
Event: 20.316 Executing VM operation: HandshakeAllThreads (Deoptimize)
Event: 20.316 Executing VM operation: HandshakeAllThreads (Deoptimize) done
Event: 20.623 Executing VM operation: HandshakeAllThreads (Deoptimize)
Event: 20.623 Executing VM operation: HandshakeAllThreads (Deoptimize) done
Event: 20.626 Executing VM operation: HandshakeAllThreads (Deoptimize)
Event: 20.627 Executing VM operation: HandshakeAllThreads (Deoptimize) done
Event: 21.632 Executing VM operation: Cleanup
Event: 21.632 Executing VM operation: Cleanup done

Memory protections (0 events):
No events

Nmethod flushes (20 events):
Event: 20.214 Thread 0x000002417aaee280 flushing  nmethod 0x00000241685d9190
Event: 20.214 Thread 0x000002417aaee280 flushing  nmethod 0x00000241685d9710
Event: 20.214 Thread 0x000002417aaee280 flushing  nmethod 0x00000241685d9e90
Event: 20.214 Thread 0x000002417aaee280 flushing  nmethod 0x00000241685db490
Event: 20.214 Thread 0x000002417aaee280 flushing  nmethod 0x00000241685db810
Event: 20.214 Thread 0x000002417aaee280 flushing  nmethod 0x00000241685de890
Event: 20.214 Thread 0x000002417aaee280 flushing  nmethod 0x0000024168685590
Event: 20.214 Thread 0x000002417aaee280 flushing  nmethod 0x00000241686e7b90
Event: 20.214 Thread 0x000002417aaee280 flushing  nmethod 0x00000241686e8590
Event: 20.214 Thread 0x000002417aaee280 flushing  nmethod 0x00000241686e8990
Event: 20.214 Thread 0x000002417aaee280 flushing  nmethod 0x00000241687dc210
Event: 20.214 Thread 0x000002417aaee280 flushing  nmethod 0x00000241687de110
Event: 20.214 Thread 0x000002417aaee280 flushing  nmethod 0x0000024168854a10
Event: 20.214 Thread 0x000002417aaee280 flushing  nmethod 0x0000024168859090
Event: 20.214 Thread 0x000002417aaee280 flushing  nmethod 0x000002416885b910
Event: 20.214 Thread 0x000002417aaee280 flushing  nmethod 0x0000024168a12690
Event: 20.214 Thread 0x000002417aaee280 flushing  nmethod 0x0000024168b3e490
Event: 20.214 Thread 0x000002417aaee280 flushing  nmethod 0x0000024168be8810
Event: 20.214 Thread 0x000002417aaee280 flushing  nmethod 0x0000024168eab210
Event: 20.214 Thread 0x000002417aaee280 flushing  nmethod 0x0000024168eaba10

Events (20 events):
Event: 19.866 Thread 0x00000241018b20e0 Thread added: 0x000002410aa59cb0
Event: 19.866 Thread 0x00000241018b20e0 Thread added: 0x000002410aa5a340
Event: 19.866 Thread 0x00000241018b20e0 Thread added: 0x000002410aa5b060
Event: 19.866 Thread 0x00000241018b20e0 Thread added: 0x000002410aa57be0
Event: 19.866 Thread 0x00000241018b20e0 Thread added: 0x000002410aa58270
Event: 19.867 Thread 0x00000241018b20e0 Thread added: 0x000002410aa5b6f0
Event: 20.022 Thread 0x00000241018b20e0 Thread added: 0x000002410aa59620
Event: 20.022 Thread 0x00000241018b20e0 Thread added: 0x000002410aa5bd80
Event: 20.022 Thread 0x00000241018b20e0 Thread added: 0x000002410aa58900
Event: 20.023 Thread 0x00000241018b20e0 Thread added: 0x000002410aa58f90
Event: 20.023 Thread 0x00000241018b20e0 Thread added: 0x000002410aa5f890
Event: 20.023 Thread 0x00000241018b20e0 Thread added: 0x000002410aa5de50
Event: 20.023 Thread 0x00000241018b20e0 Thread added: 0x000002410aa5c410
Event: 20.023 Thread 0x00000241018b20e0 Thread added: 0x000002410aa5ff20
Event: 20.023 Thread 0x00000241018b20e0 Thread added: 0x000002410aa5d130
Event: 20.044 Thread 0x00000241018b20e0 Thread added: 0x000002410aa5caa0
Event: 20.045 Thread 0x00000241018b20e0 Thread added: 0x000002410aa5e4e0
Event: 20.045 Thread 0x00000241018b20e0 Thread added: 0x000002410aa60c40
Event: 20.045 Thread 0x00000241018b20e0 Thread added: 0x000002410aa605b0
Event: 20.057 Thread 0x000002417f0fbf10 Thread added: 0x0000024102d0ec30


Dynamic libraries:
0x00007ff7525c0000 - 0x00007ff7525ca000 	C:\Program Files\Android\Android Studio\jbr\bin\java.exe
0x00007ffe2bbc0000 - 0x00007ffe2be27000 	C:\WINDOWS\SYSTEM32\ntdll.dll
0x00007ffe2a960000 - 0x00007ffe2aa29000 	C:\WINDOWS\System32\KERNEL32.DLL
0x00007ffe294b0000 - 0x00007ffe298a1000 	C:\WINDOWS\System32\KERNELBASE.dll
0x00007ffe291e0000 - 0x00007ffe2932b000 	C:\WINDOWS\System32\ucrtbase.dll
0x00007ffe21c10000 - 0x00007ffe21c2b000 	C:\Program Files\Android\Android Studio\jbr\bin\VCRUNTIME140.dll
0x00007ffe0db60000 - 0x00007ffe0db78000 	C:\Program Files\Android\Android Studio\jbr\bin\jli.dll
0x00007ffe2b450000 - 0x00007ffe2b615000 	C:\WINDOWS\System32\USER32.dll
0x00007ffe284a0000 - 0x00007ffe284c7000 	C:\WINDOWS\System32\win32u.dll
0x00007ffe10290000 - 0x00007ffe10523000 	C:\WINDOWS\WinSxS\amd64_microsoft.windows.common-controls_6595b64144ccf1df_6.0.26100.8037_none_3e092faae333b53b\COMCTL32.dll
0x00007ffe2aaf0000 - 0x00007ffe2ab1b000 	C:\WINDOWS\System32\GDI32.dll
0x00007ffe29a40000 - 0x00007ffe29ae9000 	C:\WINDOWS\System32\msvcrt.dll
0x00007ffe28e00000 - 0x00007ffe28f2b000 	C:\WINDOWS\System32\gdi32full.dll
0x00007ffe298b0000 - 0x00007ffe29953000 	C:\WINDOWS\System32\msvcp_win.dll
0x00007ffe29fc0000 - 0x00007ffe29ff1000 	C:\WINDOWS\System32\IMM32.DLL
0x00007ffe21640000 - 0x00007ffe2164c000 	C:\Program Files\Android\Android Studio\jbr\bin\vcruntime140_1.dll
0x00007ffdc8930000 - 0x00007ffdc89bd000 	C:\Program Files\Android\Android Studio\jbr\bin\msvcp140.dll
0x00007ffd54450000 - 0x00007ffd550da000 	C:\Program Files\Android\Android Studio\jbr\bin\server\jvm.dll
0x00007ffe2aa30000 - 0x00007ffe2aaeb000 	C:\WINDOWS\System32\ADVAPI32.dll
0x00007ffe2b800000 - 0x00007ffe2b8a7000 	C:\WINDOWS\System32\sechost.dll
0x00007ffe2b9f0000 - 0x00007ffe2bb08000 	C:\WINDOWS\System32\RPCRT4.dll
0x00007ffe29bb0000 - 0x00007ffe29c24000 	C:\WINDOWS\System32\WS2_32.dll
0x00007ffe28300000 - 0x00007ffe2835e000 	C:\WINDOWS\SYSTEM32\POWRPROF.dll
0x00007ffe211e0000 - 0x00007ffe21215000 	C:\WINDOWS\SYSTEM32\WINMM.dll
0x00007ffe21220000 - 0x00007ffe2122b000 	C:\WINDOWS\SYSTEM32\VERSION.dll
0x00007ffe282e0000 - 0x00007ffe282f4000 	C:\WINDOWS\SYSTEM32\UMPDC.dll
0x00007ffe27230000 - 0x00007ffe2724b000 	C:\WINDOWS\SYSTEM32\kernel.appcore.dll
0x00007ffe21630000 - 0x00007ffe2163a000 	C:\Program Files\Android\Android Studio\jbr\bin\jimage.dll
0x00007ffe1ba30000 - 0x00007ffe1bc72000 	C:\WINDOWS\SYSTEM32\DBGHELP.DLL
0x00007ffe29c30000 - 0x00007ffe29fb2000 	C:\WINDOWS\System32\combase.dll
0x00007ffe2a020000 - 0x00007ffe2a0f7000 	C:\WINDOWS\System32\OLEAUT32.dll
0x00007ffe08170000 - 0x00007ffe081ab000 	C:\WINDOWS\SYSTEM32\dbgcore.DLL
0x00007ffe29130000 - 0x00007ffe291d5000 	C:\WINDOWS\System32\bcryptPrimitives.dll
0x00007ffe17f70000 - 0x00007ffe17f7e000 	C:\Program Files\Android\Android Studio\jbr\bin\instrument.dll
0x00007ffe21610000 - 0x00007ffe21630000 	C:\Program Files\Android\Android Studio\jbr\bin\java.dll
0x00007ffe1a7b0000 - 0x00007ffe1a7c8000 	C:\Program Files\Android\Android Studio\jbr\bin\zip.dll
0x00007ffe2ab80000 - 0x00007ffe2b2df000 	C:\WINDOWS\System32\SHELL32.dll
0x00007ffe28fc0000 - 0x00007ffe2912a000 	C:\WINDOWS\System32\wintypes.dll
0x00007ffe28590000 - 0x00007ffe28df4000 	C:\WINDOWS\System32\windows.storage.dll
0x00007ffe2a340000 - 0x00007ffe2a437000 	C:\WINDOWS\System32\SHCORE.dll
0x00007ffe2bb10000 - 0x00007ffe2bb77000 	C:\WINDOWS\System32\shlwapi.dll
0x00007ffe283c0000 - 0x00007ffe283e9000 	C:\WINDOWS\SYSTEM32\profapi.dll
0x00007ffe21600000 - 0x00007ffe21610000 	C:\Program Files\Android\Android Studio\jbr\bin\net.dll
0x00007ffe1eae0000 - 0x00007ffe1ec07000 	C:\WINDOWS\SYSTEM32\WINHTTP.dll
0x00007ffe277a0000 - 0x00007ffe2780b000 	C:\WINDOWS\system32\mswsock.dll
0x00007ffe1a790000 - 0x00007ffe1a7a6000 	C:\Program Files\Android\Android Studio\jbr\bin\nio.dll
0x00007ffe1a850000 - 0x00007ffe1a860000 	C:\Program Files\Android\Android Studio\jbr\bin\verify.dll
0x00007ffdcda10000 - 0x00007ffdcda37000 	C:\Users\nihar\.gradle\native\c067742578af261105cb4f569cf0c3c89f3d7b1fecec35dd04571415982c5e48\windows-amd64\native-platform.dll
0x00007ffd72c20000 - 0x00007ffd72d64000 	C:\Users\nihar\.gradle\native\100fb08df4bc3b14c8652ba06237920a3bd2aa13389f12d3474272988ae205f9\windows-amd64\native-platform-file-events.dll
0x00007ffe0dff0000 - 0x00007ffe0dff9000 	C:\Program Files\Android\Android Studio\jbr\bin\management.dll
0x00007ffe0dfe0000 - 0x00007ffe0dfeb000 	C:\Program Files\Android\Android Studio\jbr\bin\management_ext.dll
0x00007ffe2b8b0000 - 0x00007ffe2b8b8000 	C:\WINDOWS\System32\PSAPI.DLL
0x00007ffe27a80000 - 0x00007ffe27a9b000 	C:\WINDOWS\SYSTEM32\CRYPTSP.dll
0x00007ffe27190000 - 0x00007ffe271c9000 	C:\WINDOWS\system32\rsaenh.dll
0x00007ffe27850000 - 0x00007ffe27882000 	C:\WINDOWS\SYSTEM32\USERENV.dll
0x00007ffe28390000 - 0x00007ffe283ba000 	C:\WINDOWS\SYSTEM32\bcrypt.dll
0x00007ffe27aa0000 - 0x00007ffe27aac000 	C:\WINDOWS\SYSTEM32\CRYPTBASE.dll
0x00007ffe26c50000 - 0x00007ffe26c83000 	C:\WINDOWS\SYSTEM32\IPHLPAPI.DLL
0x00007ffe2a180000 - 0x00007ffe2a18a000 	C:\WINDOWS\System32\NSI.dll
0x00007ffe0e000000 - 0x00007ffe0e009000 	C:\Program Files\Android\Android Studio\jbr\bin\extnet.dll
0x00007ffdf71d0000 - 0x00007ffdf71d8000 	C:\WINDOWS\system32\wshunix.dll

dbghelp: loaded successfully - version: 4.0.5 - missing functions: none
symbol engine: initialized successfully - sym options: 0x614 - pdb path: .;C:\Program Files\Android\Android Studio\jbr\bin;C:\WINDOWS\SYSTEM32;C:\WINDOWS\WinSxS\amd64_microsoft.windows.common-controls_6595b64144ccf1df_6.0.26100.8037_none_3e092faae333b53b;C:\Program Files\Android\Android Studio\jbr\bin\server;C:\Users\nihar\.gradle\native\c067742578af261105cb4f569cf0c3c89f3d7b1fecec35dd04571415982c5e48\windows-amd64;C:\Users\nihar\.gradle\native\100fb08df4bc3b14c8652ba06237920a3bd2aa13389f12d3474272988ae205f9\windows-amd64

VM Arguments:
jvm_args: --add-opens=java.base/java.util=ALL-UNNAMED --add-opens=java.base/java.lang=ALL-UNNAMED --add-opens=java.base/java.lang.invoke=ALL-UNNAMED --add-opens=java.prefs/java.util.prefs=ALL-UNNAMED --add-exports=jdk.compiler/com.sun.tools.javac.api=ALL-UNNAMED --add-exports=jdk.compiler/com.sun.tools.javac.util=ALL-UNNAMED --add-opens=java.base/java.nio.charset=ALL-UNNAMED --add-opens=java.base/java.net=ALL-UNNAMED --add-opens=java.base/java.util.concurrent.atomic=ALL-UNNAMED -XX:MaxMetaspaceSize=384m -XX:+HeapDumpOnOutOfMemoryError -Xms256m -Xmx512m -Dfile.encoding=UTF-8 -Duser.country=IN -Duser.language=en -Duser.variant -javaagent:C:\Users\nihar\.gradle\wrapper\dists\gradle-8.10-bin\deqhafrv1ntovfmgh0nh3npr9\gradle-8.10\lib\agents\gradle-instrumentation-agent-8.10.jar 
java_command: org.gradle.launcher.daemon.bootstrap.GradleDaemon 8.10
java_class_path (initial): C:\Users\nihar\.gradle\wrapper\dists\gradle-8.10-bin\deqhafrv1ntovfmgh0nh3npr9\gradle-8.10\lib\gradle-daemon-main-8.10.jar
Launcher Type: SUN_STANDARD

[Global flags]
     intx CICompilerCount                          = 4                                         {product} {ergonomic}
   size_t CompressedClassSpaceSize                 = 335544320                                 {product} {ergonomic}
     uint ConcGCThreads                            = 3                                         {product} {ergonomic}
     uint G1ConcRefinementThreads                  = 10                                        {product} {ergonomic}
   size_t G1HeapRegionSize                         = 1048576                                   {product} {ergonomic}
    uintx GCDrainStackTargetSize                   = 64                                        {product} {ergonomic}
     bool HeapDumpOnOutOfMemoryError               = true                                   {manageable} {command line}
   size_t InitialHeapSize                          = 268435456                                 {product} {command line}
   size_t MarkStackSize                            = 4194304                                   {product} {ergonomic}
   size_t MaxHeapSize                              = 536870912                                 {product} {command line}
   size_t MaxMetaspaceSize                         = 402653184                                 {product} {command line}
   size_t MaxNewSize                               = 321912832                                 {product} {ergonomic}
   size_t MinHeapDeltaBytes                        = 1048576                                   {product} {ergonomic}
   size_t MinHeapSize                              = 268435456                                 {product} {command line}
    uintx NonNMethodCodeHeapSize                   = 5839372                                {pd product} {ergonomic}
    uintx NonProfiledCodeHeapSize                  = 122909434                              {pd product} {ergonomic}
    uintx ProfiledCodeHeapSize                     = 122909434                              {pd product} {ergonomic}
    uintx ReservedCodeCacheSize                    = 251658240                              {pd product} {ergonomic}
     bool SegmentedCodeCache                       = true                                      {product} {ergonomic}
   size_t SoftMaxHeapSize                          = 536870912                              {manageable} {ergonomic}
     bool UseCompressedOops                        = true                           {product lp64_product} {ergonomic}
     bool UseG1GC                                  = true                                      {product} {ergonomic}
     bool UseLargePagesIndividualAllocation        = false                                  {pd product} {ergonomic}

Logging:
Log output configuration:
 #0: stdout all=warning uptime,level,tags foldmultilines=false
 #1: stderr all=off uptime,level,tags foldmultilines=false

Environment Variables:
PATH=C:\Python313\Scripts\;C:\Python313\;C:\Program Files\Eclipse Adoptium\jdk-21.0.6.7-hotspot\bin;C:\Program Files\Common Files\Oracle\Java\javapath;C:\WINDOWS\system32;C:\WINDOWS;C:\WINDOWS\System32\Wbem;C:\WINDOWS\System32\WindowsPowerShell\v1.0\;C:\WINDOWS\System32\OpenSSH\;C:\Program Files\nodejs\;C:\ProgramData\chocolatey\bin;C:\Program Files\nodejs\;C:\Program Files\Java\jdk-24\bin;C:\Program Files\MySQL\MySQL Server 8.0\bin;C:\MinGW\bin;C:\Program Files\Git\cmd;C:\flutter\bin;c:\Users\nihar\AppData\Local\Programs\Trae\bin;C:\Program Files\MySQL\MySQL Shell 8.0\bin\;C:\Users\nihar\AppData\Local\Programs\Python\Launcher\;C:\Users\nihar\AppData\Local\Microsoft\WindowsApps;C:\Users\nihar\AppData\Local\Programs\cursor\resources\app\bin;C:\Users\nihar\AppData\Roaming\npm;C:\Users\nihar\AppData\Local\Programs\Microsoft VS Code\bin;C:\flutter\bin;C:\Users\nihar\AppData\Local\Programs\Antigravity\bin
USERNAME=nihar
OS=Windows_NT
PROCESSOR_IDENTIFIER=AMD64 Family 25 Model 80 Stepping 0, AuthenticAMD
TMP=C:\Users\nihar\AppData\Local\Temp
TEMP=C:\Users\nihar\AppData\Local\Temp




Periodic native trim disabled

JNI global refs:
JNI global refs: 30, weak refs: 10

JNI global refs memory usage: 835, weak refs: 833

Process memory usage:
Resident Set Size: 525212K (6% of 7698784K total physical memory with 1086900K free physical memory)

OOME stack traces (most recent first):
Classloader memory used:
Loader org.gradle.internal.classloader.VisitableURLClassLoader                         : 35533K
Loader org.gradle.internal.classloader.VisitableURLClassLoader$InstrumentingVisitableURLClassLoader: 28133K
Loader bootstrap                                                                       : 27610K
Loader org.gradle.initialization.MixInLegacyTypesClassLoader                           : 13342K
Loader org.gradle.internal.classloader.VisitableURLClassLoader                         : 8525K
Loader jdk.internal.reflect.DelegatingClassLoader                                      : 645K
Loader jdk.internal.loader.ClassLoaders$PlatformClassLoader                            : 522K
Loader org.gradle.groovy.scripts.internal.DefaultScriptCompilationHandler$ScriptClassLoader: 249K
Loader jdk.internal.loader.ClassLoaders$AppClassLoader                                 : 234K
Loader org.codehaus.groovy.runtime.callsite.CallSiteClassLoader                        : 63992B

Classes loaded by more than one classloader:
Class com.google.common.collect.Iterables                                             : loaded 3 times (x 67B)
Class com.google.common.collect.Iterators$MergingIterator                             : loaded 3 times (x 77B)
Class com.google.common.collect.ImmutableList$SubList                                 : loaded 3 times (x 204B)
Class com.google.common.collect.RegularImmutableMap$KeySet                            : loaded 3 times (x 146B)
Class com.google.common.collect.ImmutableSet$SetBuilderImpl                           : loaded 3 times (x 72B)
Class com.google.common.collect.ImmutableList                                         : loaded 3 times (x 202B)
Class com.google.common.base.CharMatcher$InRange                                      : loaded 3 times (x 107B)
Class com.google.common.collect.ImmutableSet$Builder                                  : loaded 3 times (x 81B)
Class com.google.common.collect.ImmutableMapEntrySet$RegularEntrySet                  : loaded 3 times (x 147B)
Class com.google.common.base.CharMatcher$NamedFastMatcher                             : loaded 3 times (x 108B)
Class com.google.common.base.CharMatcher$1                                            : loaded 3 times (x 109B)
Class com.google.common.base.CharMatcher$IsEither                                     : loaded 3 times (x 107B)
Class com.google.common.base.Joiner$2                                                 : loaded 3 times (x 75B)
Class com.google.common.base.CharMatcher                                              : loaded 3 times (x 107B)
Class com.google.common.collect.PeekingIterator                                       : loaded 3 times (x 66B)
Class com.google.common.base.Joiner$1                                                 : loaded 3 times (x 76B)
Class com.google.common.base.Preconditions                                            : loaded 3 times (x 67B)
Class com.google.common.base.CharMatcher$Negated                                      : loaded 3 times (x 109B)
Class com.google.common.base.CharMatcher$Is                                           : loaded 3 times (x 107B)
Class com.google.common.collect.RegularImmutableMap$BucketOverflowException           : loaded 3 times (x 78B)
Class com.google.common.collect.ImmutableSet$RegularSetBuilderImpl                    : loaded 3 times (x 73B)
Class org.gradle.internal.IoActions                                                   : loaded 3 times (x 67B)
Class org.gradle.api.GradleException                                                  : loaded 3 times (x 78B)
Class com.google.common.collect.ImmutableEntry                                        : loaded 3 times (x 78B)
Class com.google.common.collect.ImmutableList$1                                       : loaded 3 times (x 93B)
Class [Lcom.google.common.collect.AbstractMapEntry;                                   : loaded 3 times (x 65B)
Class com.google.common.base.CharMatcher$NegatedFastMatcher                           : loaded 3 times (x 109B)
Class com.google.common.base.Predicate                                                : loaded 3 times (x 66B)
Class com.google.common.collect.ImmutableMap                                          : loaded 3 times (x 116B)
Class com.google.common.base.CharMatcher$FastMatcher                                  : loaded 3 times (x 107B)
Class org.gradle.internal.Cast                                                        : loaded 3 times (x 67B)
Class org.gradle.api.Action                                                           : loaded 3 times (x 66B)
Class com.google.common.collect.RegularImmutableMap                                   : loaded 3 times (x 117B)
Class com.google.common.collect.ImmutableMap$MapViewOfValuesAsSingletonSets           : loaded 3 times (x 121B)
Class com.google.common.base.CharMatcher$Or                                           : loaded 3 times (x 108B)
Class com.google.common.base.CharMatcher$BitSetMatcher                                : loaded 3 times (x 108B)
Class com.google.common.collect.ImmutableSet                                          : loaded 3 times (x 141B)
Class com.google.common.collect.RegularImmutableMap$Values                            : loaded 3 times (x 203B)
Class [Lcom.google.common.collect.ImmutableEntry;                                     : loaded 3 times (x 65B)
Class com.google.common.collect.RegularImmutableList                                  : loaded 3 times (x 208B)
Class com.google.common.base.Function                                                 : loaded 3 times (x 66B)
Class com.google.common.collect.ImmutableMapEntry$NonTerminalImmutableMapEntry        : loaded 3 times (x 81B)
Class com.google.common.collect.ImmutableMultimap                                     : loaded 3 times (x 143B)
Class com.google.common.collect.ImmutableMapEntry                                     : loaded 3 times (x 81B)
Class com.google.common.base.CharMatcher$IsNot                                        : loaded 3 times (x 107B)
Class com.google.common.collect.UnmodifiableListIterator                              : loaded 3 times (x 91B)
Class com.google.common.collect.RegularImmutableSet                                   : loaded 3 times (x 144B)
Class com.google.common.collect.ImmutableAsList                                       : loaded 3 times (x 205B)
Class com.google.common.collect.Iterators$9                                           : loaded 3 times (x 77B)
Class com.google.common.collect.Lists                                                 : loaded 3 times (x 67B)
Class com.google.common.collect.ImmutableSet$CachingAsList                            : loaded 3 times (x 143B)
Class com.google.common.base.CharMatcher$AnyOf                                        : loaded 3 times (x 108B)
Class com.google.common.collect.ImmutableCollection                                   : loaded 3 times (x 121B)
Class com.google.common.base.CharMatcher$ForPredicate                                 : loaded 3 times (x 108B)
Class com.google.common.collect.Iterators$5                                           : loaded 3 times (x 78B)
Class com.google.common.collect.ImmutableBiMap                                        : loaded 3 times (x 139B)
Class com.google.common.collect.Iterators$4                                           : loaded 3 times (x 78B)
Class com.google.common.collect.ImmutableMap$IteratorBasedImmutableMap                : loaded 3 times (x 121B)
Class com.google.common.collect.SingletonImmutableSet                                 : loaded 3 times (x 142B)
Class com.google.common.collect.Iterators$1                                           : loaded 3 times (x 77B)
Class com.google.common.collect.ImmutableList$ReverseImmutableList                    : loaded 3 times (x 204B)
Class org.gradle.api.UncheckedIOException                                             : loaded 3 times (x 78B)
Class com.google.common.collect.SingletonImmutableList                                : loaded 3 times (x 203B)
Class com.google.common.collect.Multimap                                              : loaded 3 times (x 66B)
Class com.google.common.collect.ImmutableMap$Builder                                  : loaded 3 times (x 78B)
Class com.google.common.collect.ImmutableMapEntrySet                                  : loaded 3 times (x 147B)
Class com.google.common.collect.AbstractIndexedListIterator                           : loaded 3 times (x 92B)
Class [Lcom.google.common.collect.ImmutableMapEntry;                                  : loaded 3 times (x 65B)
Class com.google.common.collect.ObjectArrays                                          : loaded 3 times (x 67B)
Class com.google.common.collect.AbstractIterator                                      : loaded 3 times (x 78B)
Class com.google.common.collect.BiMap                                                 : loaded 3 times (x 66B)
Class com.google.common.collect.ImmutableMap$1                                        : loaded 3 times (x 77B)
Class com.google.common.collect.IndexedImmutableSet                                   : loaded 3 times (x 146B)
Class com.google.common.base.CharMatcher$And                                          : loaded 3 times (x 108B)
Class com.google.common.collect.Lists$StringAsImmutableList                           : loaded 3 times (x 203B)
Class com.google.common.collect.Iterators                                             : loaded 3 times (x 67B)
Class com.google.common.collect.RegularImmutableAsList                                : loaded 3 times (x 212B)
Class com.google.common.collect.AbstractMultimap                                      : loaded 3 times (x 119B)
Class com.google.common.collect.ImmutableList$Builder                                 : loaded 3 times (x 73B)
Class com.google.common.collect.AbstractMapEntry                                      : loaded 3 times (x 77B)
Class com.google.common.collect.UnmodifiableIterator                                  : loaded 3 times (x 76B)
Class com.google.common.collect.Platform                                              : loaded 3 times (x 67B)
Class com.google.common.base.Joiner                                                   : loaded 3 times (x 75B)
Class com.google.common.collect.BaseImmutableMultimap                                 : loaded 3 times (x 119B)
Class com.google.common.collect.ImmutableCollection$Builder                           : loaded 3 times (x 72B)
Class com.google.common.collect.Iterators$ArrayItr                                    : loaded 3 times (x 93B)
Class com.amazon.ion.impl._Private_RecyclingQueue$ElementFactory                      : loaded 2 times (x 66B)
Class com.amazon.ion.impl._Private_IonContainer                                       : loaded 2 times (x 66B)
Class com.intellij.gradle.toolingExtension.impl.model.buildScriptClasspathModel.GradleBuildScriptClasspathSerializationService$ReadContext: loaded 2 times (x 68B)
Class org.gradle.internal.impldep.gnu.trove.TObjectIntHashMap                         : loaded 2 times (x 105B)
Class org.jetbrains.kotlin.idea.gradleTooling.model.allopen.AllOpenModel              : loaded 2 times (x 66B)
Class kotlin.jvm.internal.ArrayIteratorKt                                             : loaded 2 times (x 67B)
Class com.google.common.collect.ComparatorOrdering                                    : loaded 2 times (x 111B)
Class org.gradle.api.internal.DefaultClassPathProvider                                : loaded 2 times (x 72B)
Class com.android.builder.model.v2.models.BasicAndroidProject                         : loaded 2 times (x 66B)
Class com.android.builder.model.AndroidProject                                        : loaded 2 times (x 66B)
Class com.google.common.collect.Sets$2                                                : loaded 2 times (x 135B)
Class com.amazon.ion.impl._Private_RecyclingStack$$Iterator                           : loaded 2 times (x 95B)
Class com.amazon.ion.impl.SharedSymbolTable                                           : loaded 2 times (x 89B)
Class com.amazon.ion.impl.bin.IonRawBinaryWriter                                      : loaded 2 times (x 165B)
Class com.amazon.ion.SymbolToken                                                      : loaded 2 times (x 66B)
Class kotlin.text.StringsKt__StringNumberConversionsJVMKt                             : loaded 2 times (x 67B)
Class com.google.common.collect.NaturalOrdering                                       : loaded 2 times (x 111B)
Class kotlin.sequences.SequenceScope                                                  : loaded 2 times (x 69B)
Class kotlin.sequences.Sequence                                                       : loaded 2 times (x 66B)
Class org.gradle.tooling.ToolingModelContract                                         : loaded 2 times (x 66B)
Class [Lorg.gradle.api.internal.ClassPathProvider;                                    : loaded 2 times (x 65B)
Class org.gradle.api.internal.ClassPathProvider                                       : loaded 2 times (x 66B)
Class [Lorg.objectweb.asm.AnnotationVisitor;                                          : loaded 2 times (x 65B)
Class com.google.common.collect.Sets$3                                                : loaded 2 times (x 135B)
Class com.google.common.util.concurrent.AbstractFuture$SafeAtomicHelper               : loaded 2 times (x 75B)
Class com.google.common.cache.LocalCache$LocalLoadingCache                            : loaded 2 times (x 130B)
Class com.google.common.base.AbstractIterator$State                                   : loaded 2 times (x 75B)
Class com.amazon.ion.impl.lite.IonBoolLite                                            : loaded 2 times (x 174B)
Class org.gradle.internal.impldep.gnu.trove.TObjectHash$NULL                          : loaded 2 times (x 67B)
Class kotlin.collections.CollectionsKt___CollectionsKt$asSequence$$inlined$Sequence$1 : loaded 2 times (x 71B)
Class org.gradle.internal.service.UnknownServiceException                             : loaded 2 times (x 79B)
Class com.google.common.collect.Sets$4                                                : loaded 2 times (x 135B)
Class org.objectweb.asm.ModuleVisitor                                                 : loaded 2 times (x 76B)
Class com.google.common.cache.LocalCache$Strength$1                                   : loaded 2 times (x 77B)
Class org.gradle.internal.impldep.gnu.trove.PrimeFinder                               : loaded 2 times (x 67B)
Class org.jetbrains.kotlin.idea.gradleTooling.model.kapt.KaptGradleModel              : loaded 2 times (x 66B)
Class org.jetbrains.kotlin.idea.gradleTooling.KotlinDslScriptAdditionalTask           : loaded 2 times (x 66B)
Class org.jetbrains.plugins.gradle.model.ClasspathEntryModel                          : loaded 2 times (x 66B)
Class sync_studio_tooling3_4sggypyqg8vouwl2n9utu7fcr                                  : loaded 2 times (x 175B)
Class com.google.common.util.concurrent.SettableFuture                                : loaded 2 times (x 110B)
Class com.google.common.cache.LocalCache$Strength$2                                   : loaded 2 times (x 77B)
Class com.amazon.ion.IonTimestamp                                                     : loaded 2 times (x 66B)
Class com.amazon.ion.impl.bin.PooledBlockAllocatorProvider$PooledBlockAllocator       : loaded 2 times (x 77B)
Class org.jetbrains.plugins.gradle.tooling.serialization.GradleExtensionsSerializationService: loaded 2 times (x 73B)
Class com.android.ide.gradle.model.AdditionalClassifierArtifactsModelParameter        : loaded 2 times (x 66B)
Class org.gradle.api.JavaVersion                                                      : loaded 2 times (x 75B)
Class org.gradle.tooling.model.Dependency                                             : loaded 2 times (x 66B)
Class com.android.builder.model.v2.ide.AbstractArtifact                               : loaded 2 times (x 66B)
Class com.google.common.cache.LocalCache$Strength$3                                   : loaded 2 times (x 77B)
Class com.google.common.collect.MapDifference                                         : loaded 2 times (x 66B)
Class com.google.common.base.Splitter$1                                               : loaded 2 times (x 73B)
Class com.amazon.ion.IonDatagram                                                      : loaded 2 times (x 66B)
Class com.amazon.ion.impl._Private_RecyclingStack$ElementFactory                      : loaded 2 times (x 66B)
Class com.amazon.ion.impl.bin.IonManagedBinaryWriter$ImportedSymbolResolverMode$1$1   : loaded 2 times (x 74B)
Class com.amazon.ion.impl._Private_ByteTransferSink                                   : loaded 2 times (x 66B)
Class com.intellij.openapi.externalSystem.model.project.dependencies.ResolutionState  : loaded 2 times (x 75B)
Class kotlin.text.StringsKt__RegexExtensionsJVMKt                                     : loaded 2 times (x 67B)
Class com.google.common.collect.AllEqualOrdering                                      : loaded 2 times (x 110B)
Class kotlin.collections.ArraysKt___ArraysJvmKt                                       : loaded 2 times (x 67B)
Class kotlin.collections.CollectionsKt__CollectionsKt                                 : loaded 2 times (x 67B)
Class org.objectweb.asm.FieldWriter                                                   : loaded 2 times (x 73B)
Class com.google.common.cache.CacheBuilder$NullListener                               : loaded 2 times (x 78B)
Class org.jetbrains.plugins.gradle.model.ExternalLibraryDependency                    : loaded 2 times (x 66B)
Class kotlin.text.Regex$Companion                                                     : loaded 2 times (x 67B)
Class org.gradle.internal.classpath.TransformedClassPath                              : loaded 2 times (x 92B)
Class org.gradle.internal.classloader.InstrumentingClassLoader                        : loaded 2 times (x 66B)
Class com.google.common.collect.ImmutableListMultimap                                 : loaded 2 times (x 172B)
Class com.google.common.cache.CacheLoader$FunctionToCacheLoader                       : loaded 2 times (x 71B)
Class com.google.common.base.Splitter                                                 : loaded 2 times (x 68B)
Class org.objectweb.asm.AnnotationVisitor                                             : loaded 2 times (x 73B)
Class com.amazon.ion.IonValue                                                         : loaded 2 times (x 66B)
Class com.google.common.collect.ImmutableRangeSet$AsSet                               : loaded 2 times (x 296B)
Class kotlin.jvm.internal.FunctionReference                                           : loaded 2 times (x 118B)
Class [Lkotlin.coroutines.intrinsics.CoroutineSingletons;                             : loaded 2 times (x 65B)
Class kotlin.jvm.internal.FunctionBase                                                : loaded 2 times (x 66B)
Class kotlin.enums.EnumEntriesList                                                    : loaded 2 times (x 219B)
Class com.google.common.collect.EmptyImmutableListMultimap                            : loaded 2 times (x 172B)
Class com.google.common.collect.Sets$1                                                : loaded 2 times (x 135B)
Class org.apache.commons.io.output.ByteArrayOutputStream                              : loaded 2 times (x 88B)
Class org.gradle.tooling.internal.gradle.DefaultProjectIdentifier                     : loaded 2 times (x 82B)
Class com.google.common.base.MoreObjects                                              : loaded 2 times (x 67B)
Class com.amazon.ion.impl.bin.IonRawBinaryWriter$ContainerType                        : loaded 2 times (x 75B)
Class com.amazon.ion.impl._Private_IonTextWriterBuilder$Mutable                       : loaded 2 times (x 98B)
Class kotlin.comparisons.ComparisonsKt___ComparisonsJvmKt                             : loaded 2 times (x 67B)
Class kotlin.collections.CollectionsKt__IteratorsJVMKt                                : loaded 2 times (x 67B)
Class com.android.builder.model.v2.ide.TestInfo$Execution                             : loaded 2 times (x 75B)
Class [Lorg.objectweb.asm.Type;                                                       : loaded 2 times (x 65B)
Class com.google.common.collect.ImmutableRangeSet                                     : loaded 2 times (x 111B)
Class kotlin.text.StringsKt__AppendableKt                                             : loaded 2 times (x 67B)
Class org.jetbrains.plugins.gradle.model.IntelliJSettings                             : loaded 2 times (x 66B)
Class org.jetbrains.kotlin.idea.gradleTooling.KotlinSourceSetContainer                : loaded 2 times (x 66B)
Class kotlin.Result                                                                   : loaded 2 times (x 68B)
Class org.gradle.internal.service.ServiceLocator                                      : loaded 2 times (x 66B)
Class com.google.common.base.Ascii                                                    : loaded 2 times (x 67B)
Class com.google.common.collect.SingletonImmutableBiMap                               : loaded 2 times (x 139B)
Class com.google.common.cache.LocalCache$1                                            : loaded 2 times (x 85B)
Class com.amazon.ion.IonWriter                                                        : loaded 2 times (x 66B)
Class com.amazon.ion.impl.IonWriterSystem                                             : loaded 2 times (x 167B)
Class com.amazon.ion.impl.bin.Symbols$2                                               : loaded 2 times (x 103B)
Class com.amazon.ion.impl.bin._Private_IonManagedWriter                               : loaded 2 times (x 66B)
Class org.jetbrains.kotlin.android.synthetic.idea.AndroidExtensionsGradleModel        : loaded 2 times (x 66B)
Class com.intellij.gradle.toolingExtension.util.GradleVersionUtil                     : loaded 2 times (x 67B)
Class com.android.ide.gradle.model.GradlePropertiesModel                              : loaded 2 times (x 66B)
Class kotlin.sequences.TransformingSequence$iterator$1                                : loaded 2 times (x 75B)
Class kotlin.Pair                                                                     : loaded 2 times (x 68B)
Class org.gradle.tooling.internal.adapter.ProtocolToModelAdapter$SupportedPropertyInvoker: loaded 2 times (x 72B)
Class org.gradle.tooling.model.UnsupportedMethodException                             : loaded 2 times (x 78B)
Class com.google.common.collect.Sets$ImprovedAbstractSet                              : loaded 2 times (x 131B)
Class com.amazon.ion.impl.bin._Private_IonRawWriter                                   : loaded 2 times (x 66B)
Class com.google.common.cache.LocalCache$2                                            : loaded 2 times (x 138B)
Class com.amazon.ion.impl.bin.IonRawBinaryWriter$PreallocationMode                    : loaded 2 times (x 78B)
Class com.amazon.ion.impl.lite.IonContainerLite                                       : loaded 2 times (x 244B)
Class com.amazon.ion.IonBufferConfiguration$OversizedSymbolTableHandler               : loaded 2 times (x 66B)
Class com.amazon.ion.system.IonWriterBuilder                                          : loaded 2 times (x 70B)
Class org.jetbrains.plugins.gradle.tooling.serialization.ToolingStreamApiUtils        : loaded 2 times (x 67B)
Class com.amazon.ion.facet.Faceted                                                    : loaded 2 times (x 66B)
Class kotlin.collections.CollectionsKt__MutableCollectionsKt                          : loaded 2 times (x 67B)
Class com.android.builder.model.v2.ide.CodeShrinker                                   : loaded 2 times (x 75B)
Class com.google.common.util.concurrent.AbstractFuture$UnsafeAtomicHelper$1           : loaded 2 times (x 72B)
Class com.amazon.ion.impl.lite.IonSystemLite                                          : loaded 2 times (x 271B)
Class com.amazon.ion.impl.bin.utf8.Poolable                                           : loaded 2 times (x 75B)
Class com.amazon.ion.IonSymbol                                                        : loaded 2 times (x 66B)
Class org.jetbrains.plugins.gradle.tooling.serialization.AnnotationProcessingModelSerializationService$WriteContext: loaded 2 times (x 68B)
Class org.gradle.internal.impldep.gnu.trove.THash                                     : loaded 2 times (x 77B)
Class kotlin.io.TerminateException                                                    : loaded 2 times (x 78B)
Class kotlin.io.FilesKt__FilePathComponentsKt                                         : loaded 2 times (x 67B)
Class com.google.common.collect.ImmutableRangeSet$1                                   : loaded 2 times (x 206B)
Class kotlin.reflect.KCallable                                                        : loaded 2 times (x 66B)
Class com.google.common.util.concurrent.AbstractFuture$Trusted                        : loaded 2 times (x 66B)
Class com.google.common.collect.ListMultimap                                          : loaded 2 times (x 66B)
Class com.google.common.base.CharMatcher$RangesMatcher                                : loaded 2 times (x 108B)
Class com.amazon.ion.impl.lite.IonStructLite                                          : loaded 2 times (x 294B)
Class com.amazon.ion.impl._Private_ReaderWriter                                       : loaded 2 times (x 66B)
Class com.amazon.ion.impl.bin.AbstractSymbolTable                                     : loaded 2 times (x 103B)
Class com.amazon.ion.Decimal                                                          : loaded 2 times (x 129B)
Class com.amazon.ion.impl.bin._Private_IonManagedBinaryWriterBuilder$AllocatorMode$1  : loaded 2 times (x 76B)
Class org.jetbrains.plugins.gradle.tooling.serialization.ProjectDependenciesSerializationService$WriteContext: loaded 2 times (x 68B)
Class org.jetbrains.plugins.gradle.tooling.serialization.ProjectDependenciesSerializationService: loaded 2 times (x 73B)
Class kotlin.text.CharsKt                                                             : loaded 2 times (x 67B)
Class com.google.common.collect.Range                                                 : loaded 2 times (x 83B)
Class org.gradle.tooling.internal.adapter.CollectionMapper                            : loaded 2 times (x 69B)
Class [Lcom.android.builder.model.v2.ide.LibraryType;                                 : loaded 2 times (x 65B)
Class com.android.builder.model.v2.ide.LibraryType                                    : loaded 2 times (x 75B)
Class com.google.common.util.concurrent.UncheckedExecutionException                   : loaded 2 times (x 78B)
Class com.google.common.collect.ImmutableEnumMap                                      : loaded 2 times (x 121B)
Class com.amazon.ion.impl.lite.IonFloatLite                                           : loaded 2 times (x 182B)
Class com.amazon.ion.impl._Private_IonTextWriterBuilder                               : loaded 2 times (x 98B)
Class com.amazon.ion.impl.bin._Private_IonManagedBinaryWriterBuilder$AllocatorMode$2  : loaded 2 times (x 76B)
Class org.gradle.internal.impldep.gnu.trove.Equality                                  : loaded 2 times (x 66B)
Class com.google.common.collect.ExplicitOrdering                                      : loaded 2 times (x 111B)
Class com.google.common.base.CharMatcher$JavaLetterOrDigit                            : loaded 2 times (x 107B)
Class org.jetbrains.plugins.gradle.ExternalDependencyId                               : loaded 2 times (x 66B)
Class com.amazon.ion.impl._Private_RecyclingStack                                     : loaded 2 times (x 75B)
Class com.amazon.ion.impl._Private_IonReaderBuilder                                   : loaded 2 times (x 91B)
Class com.amazon.ion.IonMutableCatalog                                                : loaded 2 times (x 66B)
Class com.intellij.gradle.toolingExtension.impl.model.buildScriptClasspathModel.GradleBuildScriptClasspathSerializationService$WriteContext: loaded 2 times (x 68B)
Class org.gradle.tooling.internal.adapter.ProtocolToModelAdapter                      : loaded 2 times (x 76B)
Class org.gradle.internal.InternalTransformer                                         : loaded 2 times (x 66B)
Class com.android.builder.model.v2.ide.AndroidGradlePluginProjectFlags$BooleanFlag    : loaded 2 times (x 75B)
Class com.google.common.collect.AbstractMapBasedMultimap$KeySet$1                     : loaded 2 times (x 78B)
Class org.objectweb.asm.ClassWriter                                                   : loaded 2 times (x 100B)
Class com.google.common.cache.CacheLoader$UnsupportedLoadingOperationException        : loaded 2 times (x 78B)
Class org.apache.commons.io.output.StringBuilderWriter                                : loaded 2 times (x 96B)
Class org.gradle.internal.impldep.gnu.trove.TObjectCanonicalHashingStrategy           : loaded 2 times (x 76B)
Class kotlin.collections.ArraysKt___ArraysKt$asSequence$$inlined$Sequence$1           : loaded 2 times (x 71B)
Class kotlin.collections.MapsKt__MapsJVMKt                                            : loaded 2 times (x 67B)
Class kotlin.collections.EmptyList                                                    : loaded 2 times (x 170B)
Class org.gradle.internal.time.DefaultTimer                                           : loaded 2 times (x 76B)
Class org.gradle.internal.classloader.ClasspathUtil$1                                 : loaded 2 times (x 72B)
Class com.google.common.base.Objects                                                  : loaded 2 times (x 67B)
Class org.objectweb.asm.FieldVisitor                                                  : loaded 2 times (x 72B)
Class com.android.builder.model.v2.models.AndroidDsl                                  : loaded 2 times (x 66B)
Class org.gradle.api.internal.classpath.EffectiveClassPath                            : loaded 2 times (x 86B)
Class kotlin.sequences.SequencesKt___SequencesKt$flatMap$2                            : loaded 2 times (x 121B)
Class com.amazon.ion.impl.bin.PooledBlockAllocatorProvider$PooledBlockAllocator$1     : loaded 2 times (x 75B)
Class com.amazon.ion.impl.lite.IonStringLite                                          : loaded 2 times (x 208B)
Class org.gradle.tooling.internal.adapter.ProtocolToModelAdapter$ViewKey              : loaded 2 times (x 68B)
Class org.gradle.api.internal.classpath.DefaultModuleRegistry$DefaultModule           : loaded 2 times (x 82B)
Class com.android.builder.model.v2.CustomSourceDirectory                              : loaded 2 times (x 66B)
Class com.google.common.primitives.Ints                                               : loaded 2 times (x 67B)
Class com.google.common.collect.Ordering                                              : loaded 2 times (x 110B)
Class com.amazon.ion.impl.bin.Block                                                   : loaded 2 times (x 75B)
Class org.jetbrains.kotlin.idea.gradleTooling.model.lombok.LombokModel                : loaded 2 times (x 66B)
Class com.google.common.collect.NullsFirstOrdering                                    : loaded 2 times (x 111B)
Class kotlin.ResultKt                                                                 : loaded 2 times (x 67B)
Class org.gradle.tooling.internal.adapter.ProtocolToModelAdapter$PropertyCachingMethodInvoker: loaded 2 times (x 72B)
Class com.android.builder.model.v2.models.ProjectSyncIssues                           : loaded 2 times (x 66B)
Class com.google.common.math.MathPreconditions                                        : loaded 2 times (x 67B)
Class com.google.common.collect.Multiset                                              : loaded 2 times (x 66B)
Class com.google.common.collect.ArrayListMultimapGwtSerializationDependencies         : loaded 2 times (x 168B)
Class org.jetbrains.plugins.gradle.tooling.serialization.internal.IdeaProjectSerializationService: loaded 2 times (x 73B)
Class org.gradle.internal.classloader.ClassLoaderVisitor                              : loaded 2 times (x 72B)
Class org.jetbrains.plugins.gradle.model.ExternalTask                                 : loaded 2 times (x 66B)
Class com.amazon.ion.impl.bin.utf8.Utf8StringEncoderPool$1                            : loaded 2 times (x 72B)
Class com.amazon.ion.impl.lite.IonLoaderLite                                          : loaded 2 times (x 78B)
Class com.amazon.ion.impl.lite.IonContext                                             : loaded 2 times (x 66B)
Class com.amazon.ion.impl.IonWriterSystemText                                         : loaded 2 times (x 186B)
Class [Lcom.amazon.ion.impl.bin.IonManagedBinaryWriter$ImportedSymbolResolverMode;    : loaded 2 times (x 65B)
Class com.amazon.ion.ValueFactory                                                     : loaded 2 times (x 66B)
Class kotlin.collections.ArraysKt__ArraysKt                                           : loaded 2 times (x 67B)
Class kotlin.Result$Failure                                                           : loaded 2 times (x 68B)
Class org.gradle.internal.time.DefaultCountdownTimer                                  : loaded 2 times (x 84B)
Class kotlin.collections.AbstractList$Companion                                       : loaded 2 times (x 67B)
Class settings_9jmx9v41srtcui1zpr40p44xl                                              : loaded 2 times (x 175B)
Class com.amazon.ion.impl._Private_IonReaderBuilder$TwoElementSequenceInputStream     : loaded 2 times (x 88B)
Class com.amazon.ion.impl.bin.IonManagedBinaryWriter$SymbolResolver                   : loaded 2 times (x 66B)
Class com.amazon.ion.impl._Private_SymbolToken                                        : loaded 2 times (x 66B)
Class com.amazon.ion.impl.bin._Private_IonManagedBinaryWriterBuilder$AllocatorMode    : loaded 2 times (x 76B)
Class org.jetbrains.plugins.gradle.tooling.util.ObjectCollector                       : loaded 2 times (x 68B)
Class org.jetbrains.plugins.gradle.model.GradleTaskModel                              : loaded 2 times (x 66B)
Class kotlin.collections.SetsKt__SetsJVMKt                                            : loaded 2 times (x 67B)
Class org.gradle.tooling.internal.adapter.ProtocolToModelAdapter$AdaptingMethodInvoker: loaded 2 times (x 72B)
Class org.gradle.tooling.internal.gradle.DefaultBuildIdentifier                       : loaded 2 times (x 75B)
Class kotlin.Function                                                                 : loaded 2 times (x 66B)
Class org.gradle.api.internal.classpath.Module                                        : loaded 2 times (x 66B)
Class com.google.common.cache.Weigher                                                 : loaded 2 times (x 66B)
Class com.amazon.ion.impl._Private_IonReaderBuilder$Mutable                           : loaded 2 times (x 91B)
Class com.intellij.openapi.externalSystem.model.project.IExternalSystemSourceType     : loaded 2 times (x 66B)
Class kotlin.io.FileAlreadyExistsException                                            : loaded 2 times (x 78B)
Class kotlin.internal.ProgressionUtilKt                                               : loaded 2 times (x 67B)
Class org.gradle.api.internal.classpath.UnknownModuleException                        : loaded 2 times (x 78B)
Class com.google.common.base.Stopwatch                                                : loaded 2 times (x 68B)
Class com.google.common.cache.LocalCache$Strength                                     : loaded 2 times (x 77B)
Class com.google.common.cache.Cache                                                   : loaded 2 times (x 66B)
Class org.jetbrains.plugins.gradle.tooling.serialization.ProjectDependenciesSerializationService$ReadContext: loaded 2 times (x 68B)
Class org.gradle.internal.impldep.gnu.trove.TObjectIdentityHashingStrategy            : loaded 2 times (x 74B)
Class com.intellij.openapi.externalSystem.model.project.dependencies.ProjectDependencies: loaded 2 times (x 66B)
Class com.google.common.util.concurrent.AbstractFuture$Cancellation                   : loaded 2 times (x 68B)
Class kotlin.sequences.SequencesKt___SequencesKt                                      : loaded 2 times (x 67B)
Class com.google.common.base.NullnessCasts                                            : loaded 2 times (x 67B)
Class com.android.builder.model.Variant                                               : loaded 2 times (x 66B)
Class com.google.common.cache.RemovalListener                                         : loaded 2 times (x 66B)
Class com.amazon.ion.IonBufferConfiguration                                           : loaded 2 times (x 69B)
Class com.amazon.ion.impl.bin.Symbols                                                 : loaded 2 times (x 67B)
Class org.jetbrains.plugins.gradle.tooling.serialization.RepositoriesModelSerializationService: loaded 2 times (x 78B)
Class com.android.ide.gradle.model.artifacts.AdditionalClassifierArtifactsModel       : loaded 2 times (x 66B)
Class org.gradle.tooling.internal.gradle.GradleProjectIdentity                        : loaded 2 times (x 66B)
Class org.gradle.api.internal.DefaultClassPathRegistry                                : loaded 2 times (x 72B)
Class com.google.common.collect.ImmutableMultimap$Keys                                : loaded 2 times (x 162B)
Class com.android.builder.model.v2.ide.JavaArtifact                                   : loaded 2 times (x 66B)
Class com.android.builder.model.ProjectSyncIssues                                     : loaded 2 times (x 66B)
Class com.google.common.primitives.IntsMethodsForWeb                                  : loaded 2 times (x 67B)
Class com.google.common.collect.ReverseNaturalOrdering                                : loaded 2 times (x 110B)
Class settings_9jmx9v41srtcui1zpr40p44xl$_run_closure1                                : loaded 2 times (x 135B)
Class [Lcom.amazon.ion.impl.bin.AbstractIonWriter$WriteValueOptimization;             : loaded 2 times (x 65B)
Class org.jetbrains.plugins.gradle.tooling.serialization.RepositoriesModelSerializationService$ReadContext: loaded 2 times (x 68B)
Class kotlin.ranges.ClosedRange                                                       : loaded 2 times (x 66B)
Class org.gradle.api.internal.ClassPathRegistry                                       : loaded 2 times (x 66B)
Class org.gradle.internal.classpath.DefaultClassPath$ImmutableUniqueList              : loaded 2 times (x 195B)
Class com.google.common.base.ExtraObjectsMethodsForWeb                                : loaded 2 times (x 67B)
Class org.apache.commons.io.IOUtils                                                   : loaded 2 times (x 67B)
Class com.amazon.ion.impl.bin.IonManagedBinaryWriter$UserState                        : loaded 2 times (x 81B)
Class org.jetbrains.plugins.gradle.tooling.serialization.internal.adapter.InternalBuildIdentifier: loaded 2 times (x 71B)
Class com.amazon.ion.impl._Private_IonWriter                                          : loaded 2 times (x 66B)
Class com.amazon.ion.impl.bin._Private_IonManagedBinaryWriterBuilder                  : loaded 2 times (x 68B)
Class com.intellij.gradle.toolingExtension.impl.model.projectModel.GradleExternalProjectSerializationService$WriteContext: loaded 2 times (x 69B)
Class kotlin.text.StringsKt__StringsJVMKt                                             : loaded 2 times (x 67B)
Class com.google.common.collect.NullnessCasts                                         : loaded 2 times (x 67B)
Class com.android.builder.model.v2.dsl.SigningConfig                                  : loaded 2 times (x 66B)
Class com.android.builder.model.v2.models.AndroidProject                              : loaded 2 times (x 66B)
Class com.android.builder.model.v2.AndroidModel                                       : loaded 2 times (x 66B)
Class com.google.common.cache.CacheBuilder                                            : loaded 2 times (x 68B)
Class com.amazon.ion.impl.bin.IonManagedBinaryWriter$ImportedSymbolResolverMode$2     : loaded 2 times (x 76B)
Class [Lcom.amazon.ion.SymbolToken;                                                   : loaded 2 times (x 65B)
Class kotlin.text.StringsKt__IndentKt                                                 : loaded 2 times (x 67B)
Class kotlin.collections.SetsKt                                                       : loaded 2 times (x 67B)
Class com.google.common.base.CharMatcher$None                                         : loaded 2 times (x 108B)
Class org.gradle.internal.classpath.ClassPath                                         : loaded 2 times (x 66B)
Class org.gradle.internal.classloader.DefaultClassLoaderFactory                       : loaded 2 times (x 78B)
Class com.google.common.base.JdkPattern                                               : loaded 2 times (x 71B)
Class org.jetbrains.plugins.gradle.model.ExternalProjectDependency                    : loaded 2 times (x 66B)
Class org.jetbrains.plugins.gradle.tooling.serialization.KotlinDslScriptsModelSerializationService: loaded 2 times (x 77B)
Class kotlin.reflect.KFunction                                                        : loaded 2 times (x 66B)
Class kotlin.collections.ArrayDeque                                                   : loaded 2 times (x 203B)
Class org.objectweb.asm.SymbolTable$Entry                                             : loaded 2 times (x 70B)
Class com.google.common.util.concurrent.AbstractFuture$AtomicHelper                   : loaded 2 times (x 74B)
Class com.amazon.ion.system.IonSystemBuilder$Mutable                                  : loaded 2 times (x 71B)
Class com.amazon.ion.impl.bin.IonManagedBinaryWriter$SymbolResolverBuilder            : loaded 2 times (x 66B)
Class org.jetbrains.plugins.gradle.tooling.serialization.ExternalTestsSerializationService$WriteContext: loaded 2 times (x 68B)
Class org.jetbrains.kotlin.idea.gradleTooling.KotlinGradleModel                       : loaded 2 times (x 66B)
Class kotlin.jvm.internal.Lambda                                                      : loaded 2 times (x 71B)
Class kotlin.collections.MapsKt__MapsKt                                               : loaded 2 times (x 67B)
Class com.android.builder.model.v2.ide.Variant                                        : loaded 2 times (x 66B)
Class org.objectweb.asm.Edge                                                          : loaded 2 times (x 68B)
Class com.google.common.base.Suppliers$SupplierOfInstance                             : loaded 2 times (x 75B)
Class org.jetbrains.kotlin.idea.gradleTooling.model.noarg.NoArgModel                  : loaded 2 times (x 66B)
Class com.amazon.ion.impl._Private_RecyclingStack$Recycler                            : loaded 2 times (x 66B)
Class com.amazon.ion.impl.bin.IonManagedBinaryWriter$LocalSymbolTableView             : loaded 2 times (x 103B)
Class com.amazon.ion.impl.bin.IonRawBinaryWriter$ThrowingRunnable                     : loaded 2 times (x 66B)
Class com.android.ide.gradle.model.ArtifactIdentifier                                 : loaded 2 times (x 66B)
Class org.gradle.tooling.model.Model                                                  : loaded 2 times (x 66B)
Class com.google.common.cache.LocalCache$ComputingValueReference                      : loaded 2 times (x 92B)
Class com.intellij.util.containers.IntObjectHashMap$ArrayProducer                     : loaded 2 times (x 66B)
Class com.amazon.ion.impl.bin.IonManagedBinaryWriter$ImportedSymbolResolverMode$1     : loaded 2 times (x 76B)
Class com.amazon.ion.UnknownSymbolException                                           : loaded 2 times (x 82B)
Class com.android.ide.gradle.model.composites.BuildMap                                : loaded 2 times (x 66B)
Class kotlin.Metadata                                                                 : loaded 2 times (x 66B)
Class kotlin.UninitializedPropertyAccessException                                     : loaded 2 times (x 78B)
Class com.android.builder.model.v2.ide.Library                                        : loaded 2 times (x 66B)
Class com.android.builder.model.v2.ide.ArtifactDependenciesAdjacencyList              : loaded 2 times (x 66B)
Class com.android.builder.model.v2.models.Versions                                    : loaded 2 times (x 66B)
Class com.google.common.cache.LocalCache$Segment                                      : loaded 2 times (x 150B)
Class org.jetbrains.plugins.gradle.model.IntelliJProjectSettings                      : loaded 2 times (x 66B)
Class org.jetbrains.kotlin.idea.gradleTooling.model.annotation.AnnotationBasedPluginModel: loaded 2 times (x 66B)
Class kotlin.sequences.SequencesKt___SequencesKt$filterNotNull$1                      : loaded 2 times (x 74B)
Class org.gradle.tooling.internal.adapter.ProtocolToModelAdapter$MethodInvocationCache: loaded 2 times (x 69B)
Class com.android.builder.model.v2.models.ndk.NativeModule                            : loaded 2 times (x 66B)
Class [Lorg.objectweb.asm.SymbolTable$Entry;                                          : loaded 2 times (x 65B)
Class com.google.common.cache.CacheLoader                                             : loaded 2 times (x 70B)
Class com.amazon.ion.impl.lite.IonSymbolLite                                          : loaded 2 times (x 242B)
Class [Lcom.amazon.ion.impl.bin.IonRawBinaryWriter$StreamCloseMode;                   : loaded 2 times (x 65B)
Class com.google.common.collect.AbstractListMultimap                                  : loaded 2 times (x 168B)
Class org.jetbrains.plugins.gradle.model.ExternalDependency                           : loaded 2 times (x 66B)
Class com.intellij.util.containers.IntObjectHashMap                                   : loaded 2 times (x 68B)
Class com.google.common.collect.SortedIterable                                        : loaded 2 times (x 66B)
Class org.gradle.internal.installation.GradleInstallation$1                           : loaded 2 times (x 71B)
Class org.gradle.api.internal.classpath.ModuleRegistry                                : loaded 2 times (x 66B)
Class com.android.builder.model.v2.ide.PrivacySandboxSdkInfo                          : loaded 2 times (x 66B)
Class com.google.common.util.concurrent.internal.InternalFutureFailureAccess          : loaded 2 times (x 68B)
Class org.jetbrains.kotlin.idea.gradleTooling.AndroidAwareGradleModelProvider$Companion: loaded 2 times (x 67B)
Class com.google.common.collect.ImmutableSet$JdkBackedSetBuilderImpl                  : loaded 2 times (x 72B)
Class com.google.common.base.Splitter$SplittingIterator                               : loaded 2 times (x 80B)
Class com.amazon.ion.impl.bin.IonManagedBinaryWriter$SymbolState$1                    : loaded 2 times (x 76B)
Class com.amazon.ion.impl.LocalSymbolTableAsStruct$Factory                            : loaded 2 times (x 75B)
Class [Lcom.amazon.ion.IonType;                                                       : loaded 2 times (x 65B)
Class com.intellij.gradle.toolingExtension.impl.model.sourceSetDependencyModel.GradleSourceSetDependencySerialisationService$SourceSetDependencyModelReadContext: loaded 2 times (x 68B)
Class com.intellij.gradle.toolingExtension.impl.model.dependencyModel.DependencyReadContext: loaded 2 times (x 68B)
Class org.jetbrains.plugins.gradle.model.VersionCatalogsModel                         : loaded 2 times (x 66B)
Class org.gradle.tooling.internal.adapter.ObjectGraphAdapter                          : loaded 2 times (x 66B)
Class com.google.common.collect.ImmutableMultimap$Values                              : loaded 2 times (x 122B)
Class com.google.common.util.concurrent.AbstractFuture$UnsafeAtomicHelper             : loaded 2 times (x 74B)
Class com.google.common.cache.LocalCache$LocalManualCache$1                           : loaded 2 times (x 71B)
Class com.google.common.base.Suppliers                                                : loaded 2 times (x 67B)
Class org.jetbrains.plugins.gradle.model.ProjectImportModelProvider                   : loaded 2 times (x 66B)
Class org.jetbrains.plugins.gradle.model.ExternalSourceSet                            : loaded 2 times (x 66B)
Class com.amazon.ion.impl.bin.IonManagedBinaryWriter$SymbolState$2                    : loaded 2 times (x 76B)
Class com.amazon.ion.IonNull                                                          : loaded 2 times (x 66B)
Class com.intellij.gradle.toolingExtension.impl.model.warmUp.GradleTaskWarmUpRequest  : loaded 2 times (x 66B)
Class com.android.ide.gradle.model.LegacyAndroidGradlePluginPropertiesModelParameters : loaded 2 times (x 66B)
Class com.google.common.collect.ImmutableSortedAsList                                 : loaded 2 times (x 217B)
Class kotlin.coroutines.intrinsics.IntrinsicsKt__IntrinsicsKt                         : loaded 2 times (x 67B)
Class com.android.builder.model.v2.models.ModelBuilderParameter                       : loaded 2 times (x 66B)
Class [Lcom.google.common.cache.CacheBuilder$OneWeigher;                              : loaded 2 times (x 65B)
Class com.google.common.base.Platform$JdkPatternCompiler                              : loaded 2 times (x 71B)
Class com.amazon.ion.impl.bin.IonRawBinaryWriter$ContainerInfo                        : loaded 2 times (x 70B)
Class com.amazon.ion.impl.bin.IonManagedBinaryWriter$SymbolState$3                    : loaded 2 times (x 76B)
Class com.amazon.ion.impl.bin.IonRawBinaryWriter$StreamFlushMode                      : loaded 2 times (x 75B)
Class com.amazon.ion.IonBinaryWriter                                                  : loaded 2 times (x 66B)
Class com.intellij.gradle.toolingExtension.impl.model.sourceSetArtifactIndex.GradleSourceSetArtifactBuildRequest: loaded 2 times (x 66B)
Class kotlin.io.FilesKt__UtilsKt                                                      : loaded 2 times (x 67B)
Class com.google.common.collect.Lists$TransformingRandomAccessList                    : loaded 2 times (x 195B)
Class kotlin.collections.CollectionsKt__CollectionsJVMKt                              : loaded 2 times (x 67B)
Class org.gradle.api.internal.classpath.DefaultModuleRegistry                         : loaded 2 times (x 82B)
Class com.google.common.util.concurrent.ListenableFuture                              : loaded 2 times (x 66B)
Class com.google.common.cache.ReferenceEntry                                          : loaded 2 times (x 66B)
Class org.objectweb.asm.MethodTooLargeException                                       : loaded 2 times (x 79B)
Class com.google.common.base.Converter                                                : loaded 2 times (x 86B)
Class org.gradle.internal.operations.MultipleBuildOperationFailures                   : loaded 2 times (x 91B)
Class com.google.common.base.CharMatcher$Any                                          : loaded 2 times (x 108B)
Class com.amazon.ion.impl.bin.IonManagedBinaryWriter$SymbolState$4                    : loaded 2 times (x 76B)
Class org.jetbrains.plugins.gradle.tooling.serialization.internal.IdeaProjectSerializationService$WriteContext$1: loaded 2 times (x 79B)
Class org.jetbrains.plugins.gradle.model.ExternalProject                              : loaded 2 times (x 66B)
Class kotlin.collections.CollectionsKt__IteratorsKt                                   : loaded 2 times (x 67B)
Class kotlin.sequences.SequencesKt                                                    : loaded 2 times (x 67B)
Class [Lcom.android.builder.model.v2.ide.CodeShrinker;                                : loaded 2 times (x 65B)
Class com.google.common.util.concurrent.AbstractFuture                                : loaded 2 times (x 102B)
Class com.google.common.base.FunctionalEquivalence                                    : loaded 2 times (x 79B)
Class org.gradle.tooling.internal.adapter.MethodInvocation                            : loaded 2 times (x 81B)
Class com.google.common.collect.AbstractMapBasedMultimap                              : loaded 2 times (x 135B)
Class kotlin.sequences.TransformingSequence                                           : loaded 2 times (x 71B)
Class com.amazon.ion.impl.bin.utf8.Pool                                               : loaded 2 times (x 70B)
Class com.amazon.ion.impl._Private_SymtabExtendsCache                                 : loaded 2 times (x 68B)
Class org.jetbrains.plugins.gradle.tooling.serialization.internal.IdeaProjectSerializationService$WriteContext$2: loaded 2 times (x 79B)
Class kotlin.text.StringsKt                                                           : loaded 2 times (x 67B)
Class com.google.common.collect.ImmutableMultiset                                     : loaded 2 times (x 159B)
Class org.objectweb.asm.RecordComponentVisitor                                        : loaded 2 times (x 73B)
Class com.google.common.cache.CacheLoader$SupplierToCacheLoader                       : loaded 2 times (x 71B)
Class com.amazon.ion.IonContainer                                                     : loaded 2 times (x 66B)
Class com.amazon.ion.impl._Private_IonSymbol                                          : loaded 2 times (x 66B)
Class com.amazon.ion.impl.lite.IonValueLite                                           : loaded 2 times (x 143B)
Class com.amazon.ion.impl.bin.PooledBlockAllocatorProvider                            : loaded 2 times (x 69B)
Class org.jetbrains.plugins.gradle.tooling.serialization.AnnotationProcessingModelSerializationService$ReadContext: loaded 2 times (x 68B)
Class org.jetbrains.plugins.gradle.tooling.serialization.internal.IdeaProjectSerializationService$WriteContext$3: loaded 2 times (x 79B)
Class org.gradle.util.internal.DefaultGradleVersion$Stage                             : loaded 2 times (x 71B)
Class kotlin.coroutines.jvm.internal.RestrictedContinuationImpl                       : loaded 2 times (x 83B)
Class com.google.common.collect.Maps$EntryTransformer                                 : loaded 2 times (x 66B)
Class org.jetbrains.kotlin.idea.gradleTooling.AndroidAwareGradleModelProvider         : loaded 2 times (x 79B)
Class org.jetbrains.plugins.gradle.tooling.serialization.internal.IdeaProjectSerializationService$WriteContext$4: loaded 2 times (x 79B)
Class com.intellij.gradle.toolingExtension.impl.model.sourceSetDependencyModel.GradleSourceSetDependencySerialisationService$Companion: loaded 2 times (x 67B)
Class [Lkotlin.Pair;                                                                  : loaded 2 times (x 65B)
Class kotlin.text.StringsKt__StringNumberConversionsKt                                : loaded 2 times (x 67B)
Class kotlin.io.FilesKt__FileReadWriteKt                                              : loaded 2 times (x 67B)
Class com.google.common.collect.UsingToStringOrdering                                 : loaded 2 times (x 110B)
Class kotlin.jvm.internal.markers.KMutableList                                        : loaded 2 times (x 66B)
Class com.intellij.util.ThrowableConsumer                                             : loaded 2 times (x 66B)
Class org.gradle.internal.service.ServiceLookupException                              : loaded 2 times (x 78B)
Class com.google.common.collect.Lists$ReverseList                                     : loaded 2 times (x 196B)
Class [Lcom.google.common.cache.LocalCache$EntryFactory;                              : loaded 2 times (x 65B)
Class com.google.common.base.CharMatcher$JavaLetter                                   : loaded 2 times (x 107B)
Class com.amazon.ion.BufferConfiguration$Builder                                      : loaded 2 times (x 74B)
Class org.jetbrains.plugins.gradle.tooling.serialization.internal.IdeaProjectSerializationService$WriteContext$5: loaded 2 times (x 79B)
Class com.intellij.gradle.toolingExtension.impl.model.sourceSetDependencyModel.GradleSourceSetDependencySerialisationService$SourceSetDependencyModelWriteContext: loaded 2 times (x 68B)
Class kotlin.sequences.SequencesKt___SequencesKt$sortedWith$1                         : loaded 2 times (x 71B)
Class com.google.common.collect.ImmutableSortedSet                                    : loaded 2 times (x 296B)
Class org.gradle.internal.classloader.ClassLoaderFactory                              : loaded 2 times (x 66B)
Class com.android.builder.model.v2.ide.LibraryInfo                                    : loaded 2 times (x 66B)
Class com.google.common.cache.LocalCache$LocalManualCache                             : loaded 2 times (x 95B)
Class org.objectweb.asm.ClassVisitor                                                  : loaded 2 times (x 83B)
Class com.google.common.base.CommonPattern                                            : loaded 2 times (x 70B)
Class com.amazon.ion.impl.bin.IntList                                                 : loaded 2 times (x 73B)
Class com.amazon.ion.impl._Private_RecyclingQueue$ElementIterator                     : loaded 2 times (x 78B)
Class com.amazon.ion.impl.lite._Private_LiteDomTrampoline                             : loaded 2 times (x 67B)
Class com.amazon.ion.IonType                                                          : loaded 2 times (x 75B)
Class org.jetbrains.plugins.gradle.tooling.serialization.internal.IdeaProjectSerializationService$WriteContext$6: loaded 2 times (x 79B)
Class org.jetbrains.plugins.gradle.tooling.util.IntObjectMap                          : loaded 2 times (x 69B)
Class org.gradle.internal.service.CachingServiceLocator                               : loaded 2 times (x 78B)
Class com.google.common.collect.AbstractMapBasedMultimap$KeySet                       : loaded 2 times (x 133B)
Class com.google.common.math.IntMath                                                  : loaded 2 times (x 67B)
Class settings_9jmx9v41srtcui1zpr40p44xl$_run_closure1$_closure2                      : loaded 2 times (x 135B)
Class com.amazon.ion.impl.lite.ValueFactoryLite                                       : loaded 2 times (x 214B)
Class org.jetbrains.plugins.gradle.tooling.serialization.internal.IdeaProjectSerializationService$WriteContext$7: loaded 2 times (x 79B)
Class org.jetbrains.plugins.gradle.model.RepositoryModels                             : loaded 2 times (x 66B)
Class com.google.common.collect.RegularImmutableSortedSet                             : loaded 2 times (x 296B)
Class kotlin.jvm.internal.CallableReference                                           : loaded 2 times (x 102B)
Class com.google.common.collect.Iterators$10                                          : loaded 2 times (x 77B)
Class [Lorg.objectweb.asm.Symbol;                                                     : loaded 2 times (x 65B)
Class com.google.common.base.CharMatcher$JavaDigit                                    : loaded 2 times (x 107B)
Class com.amazon.ion.impl.bin.WriteBuffer                                             : loaded 2 times (x 74B)
Class com.amazon.ion.impl.bin.IonManagedBinaryWriter                                  : loaded 2 times (x 162B)
Class org.jetbrains.plugins.gradle.tooling.serialization.internal.IdeaProjectSerializationService$WriteContext$8: loaded 2 times (x 79B)
Class [Lorg.gradle.api.JavaVersion;                                                   : loaded 2 times (x 65B)
Class kotlin.ranges.IntRange                                                          : loaded 2 times (x 89B)
Class org.gradle.tooling.model.idea.IdeaDependencyScope                               : loaded 2 times (x 66B)
Class org.gradle.internal.time.TimeSource                                             : loaded 2 times (x 66B)
Class org.gradle.tooling.model.kotlin.dsl.KotlinDslScriptsModel                       : loaded 2 times (x 66B)
Class com.android.utils.FileUtils                                                     : loaded 2 times (x 67B)
Class com.android.builder.model.v2.ide.TestInfo                                       : loaded 2 times (x 66B)
Class com.google.common.base.Equivalence                                              : loaded 2 times (x 78B)
Class com.android.builder.model.v2.ide.AaptOptions$Namespacing                        : loaded 2 times (x 75B)
Class org.gradle.tooling.internal.adapter.TargetTypeProvider                          : loaded 2 times (x 66B)
Class com.amazon.ion.impl.lite.IonBlobLite                                            : loaded 2 times (x 215B)
Class com.amazon.ion.impl.LocalSymbolTable                                            : loaded 2 times (x 117B)
Class org.jetbrains.plugins.gradle.tooling.serialization.SerializationService         : loaded 2 times (x 66B)
Class org.gradle.tooling.internal.gradle.GradleBuildIdentity                          : loaded 2 times (x 66B)
Class kotlin.enums.EnumEntries                                                        : loaded 2 times (x 66B)
Class com.android.builder.model.v2.ide.JavaCompileOptions                             : loaded 2 times (x 66B)
Class com.google.common.collect.IndexedImmutableSet$1                                 : loaded 2 times (x 208B)
Class com.google.common.cache.CacheBuilder$OneWeigher                                 : loaded 2 times (x 78B)
Class kotlin.ranges.IntProgression$Companion                                          : loaded 2 times (x 67B)
Class com.amazon.ion.IonList                                                          : loaded 2 times (x 66B)
Class org.jetbrains.plugins.gradle.tooling.serialization.internal.adapter.Supplier    : loaded 2 times (x 66B)
Class org.gradle.tooling.internal.adapter.ProtocolToModelAdapter$MixInMappingAction   : loaded 2 times (x 76B)
Class org.gradle.internal.exceptions.ResolutionProvider                               : loaded 2 times (x 66B)
Class com.google.common.collect.ImmutableBiMapFauxverideShim                          : loaded 2 times (x 116B)
Class com.amazon.ion.IonSystem                                                        : loaded 2 times (x 66B)
Class com.amazon.ion.impl.bin.IonManagedBinaryWriter$ImportedSymbolContext            : loaded 2 times (x 68B)
Class org.gradle.tooling.model.idea.IdeaCompilerOutput                                : loaded 2 times (x 66B)
Class org.gradle.tooling.model.ProjectIdentifier                                      : loaded 2 times (x 66B)
Class org.gradle.internal.classloader.ClasspathUtil                                   : loaded 2 times (x 67B)
Class com.android.builder.model.v2.ide.ComponentInfo                                  : loaded 2 times (x 66B)
Class com.google.common.base.Charsets                                                 : loaded 2 times (x 67B)
Class com.google.common.util.concurrent.Uninterruptibles                              : loaded 2 times (x 67B)
Class com.android.builder.model.v2.ide.ProjectType                                    : loaded 2 times (x 75B)
Class com.intellij.gradle.toolingExtension.impl.model.sourceSetModel.GradleSourceSetSerialisationService: loaded 2 times (x 73B)
Class kotlin.io.FileSystemException                                                   : loaded 2 times (x 78B)
Class com.android.builder.model.v2.dsl.BaseConfig                                     : loaded 2 times (x 66B)
Class com.google.common.collect.Maps                                                  : loaded 2 times (x 67B)
Class com.google.common.base.CharMatcher$JavaUpperCase                                : loaded 2 times (x 107B)
Class com.amazon.ion.impl.lite.IonIntLite                                             : loaded 2 times (x 185B)
Class com.amazon.ion.util._Private_FastAppendable                                     : loaded 2 times (x 66B)
Class [Lcom.amazon.ion.impl.bin.IonRawBinaryWriter$PreallocationMode;                 : loaded 2 times (x 65B)
Class org.gradle.internal.time.TimeSource$1                                           : loaded 2 times (x 73B)
Class kotlin.jvm.internal.DefaultConstructorMarker                                    : loaded 2 times (x 67B)
Class org.gradle.api.specs.Spec                                                       : loaded 2 times (x 66B)
Class org.jetbrains.plugins.gradle.model.AnnotationProcessingModel                    : loaded 2 times (x 66B)
Class com.amazon.ion.impl.lite.IonSexpLite                                            : loaded 2 times (x 486B)
Class com.amazon.ion.impl.lite.IonListLite                                            : loaded 2 times (x 486B)
Class com.amazon.ion.IonFloat                                                         : loaded 2 times (x 66B)
Class com.google.common.cache.LocalCache$LoadingValueReference                        : loaded 2 times (x 92B)
Class com.amazon.ion.impl.LocalSymbolTable$Factory                                    : loaded 2 times (x 73B)
Class com.amazon.ion.impl.bin.IonManagedBinaryWriter$ImportedSymbolResolverMode       : loaded 2 times (x 76B)
Class com.intellij.gradle.toolingExtension.impl.model.buildScriptClasspathModel.GradleBuildScriptClasspathSerializationService: loaded 2 times (x 73B)
Class kotlin.jvm.internal.ArrayIterator                                               : loaded 2 times (x 75B)
Class com.google.common.base.Platform                                                 : loaded 2 times (x 67B)
Class com.amazon.ion.impl.LocalSymbolTableAsStruct                                    : loaded 2 times (x 122B)
Class com.amazon.ion.impl.lite.IonTimestampLite                                       : loaded 2 times (x 188B)
Class org.jetbrains.plugins.gradle.model.FileCollectionDependency                     : loaded 2 times (x 66B)
Class org.gradle.internal.impldep.gnu.trove.TObjectHashingStrategy                    : loaded 2 times (x 66B)
Class com.intellij.gradle.toolingExtension.impl.model.utilDummyModel.DummyModel       : loaded 2 times (x 66B)
Class kotlin.collections.EmptyIterator                                                : loaded 2 times (x 85B)
Class kotlin.text.StringsKt__RegexExtensionsKt                                        : loaded 2 times (x 67B)
Class org.gradle.internal.time.Clock                                                  : loaded 2 times (x 66B)
Class com.android.builder.model.v2.dsl.ProductFlavor                                  : loaded 2 times (x 66B)
Class [Lcom.android.builder.model.v2.ide.TestInfo$Execution;                          : loaded 2 times (x 65B)
Class [Lorg.objectweb.asm.AnnotationWriter;                                           : loaded 2 times (x 65B)
Class com.google.common.primitives.Ints$IntConverter                                  : loaded 2 times (x 86B)
Class com.google.common.collect.Maps$8                                                : loaded 2 times (x 78B)
Class com.amazon.ion.IonString                                                        : loaded 2 times (x 66B)
Class org.jetbrains.plugins.gradle.model.GradleSourceSetDependencyModel               : loaded 2 times (x 66B)
Class com.google.common.collect.CompoundOrdering                                      : loaded 2 times (x 111B)
Class kotlin.sequences.SequencesKt__SequencesJVMKt                                    : loaded 2 times (x 67B)
Class kotlin.coroutines.jvm.internal.RestrictedSuspendLambda                          : loaded 2 times (x 87B)
Class org.gradle.tooling.internal.adapter.TypeInspector                               : loaded 2 times (x 69B)
Class org.gradle.tooling.internal.adapter.ProtocolToModelAdapter$NoOpDecoration       : loaded 2 times (x 75B)
Class org.gradle.tooling.model.Element                                                : loaded 2 times (x 66B)
Class kotlin.collections.AbstractList                                                 : loaded 2 times (x 193B)
Class kotlin.collections.AbstractCollection                                           : loaded 2 times (x 113B)
Class com.google.common.collect.Lists$ReverseList$1                                   : loaded 2 times (x 95B)
Class com.google.common.collect.Sets$SetView                                          : loaded 2 times (x 134B)
Class com.google.common.cache.LocalCache$StrongValueReference                         : loaded 2 times (x 86B)
Class com.google.common.util.concurrent.AbstractFuture$SynchronizedHelper             : loaded 2 times (x 74B)
Class com.google.common.base.CharMatcher$Invisible                                    : loaded 2 times (x 108B)
Class com.amazon.ion.BufferConfiguration                                              : loaded 2 times (x 69B)
Class com.amazon.ion.system.SimpleCatalog                                             : loaded 2 times (x 87B)
Class com.intellij.gradle.toolingExtension.impl.model.taskModel.GradleTaskSerialisationService: loaded 2 times (x 72B)
Class com.android.ide.gradle.model.LegacyV1AgpVersionModel                            : loaded 2 times (x 66B)
Class kotlin.text.StringsKt__StringBuilderJVMKt                                       : loaded 2 times (x 67B)
Class com.google.common.collect.ImmutableRangeSet$Builder                             : loaded 2 times (x 73B)
Class kotlin.text.Regex                                                               : loaded 2 times (x 68B)
Class kotlin.sequences.SequencesKt__SequenceBuilderKt$sequence$$inlined$Sequence$1    : loaded 2 times (x 71B)
Class org.objectweb.asm.Type                                                          : loaded 2 times (x 68B)
Class org.jetbrains.plugins.gradle.tooling.util.IntObjectMap$1                        : loaded 2 times (x 73B)
Class org.gradle.internal.impldep.com.google.common.base.Preconditions                : loaded 2 times (x 67B)
Class org.gradle.tooling.model.internal.ImmutableDomainObjectSet                      : loaded 2 times (x 151B)
Class org.gradle.internal.classloader.VisitableURLClassLoader$InstrumentingVisitableURLClassLoader: loaded 2 times (x 119B)
Class com.android.builder.model.v2.ide.AndroidGradlePluginProjectFlags                : loaded 2 times (x 66B)
Class [Lcom.android.builder.model.v2.ide.AndroidGradlePluginProjectFlags$BooleanFlag; : loaded 2 times (x 65B)
Class com.android.builder.model.v2.ide.BasicVariant                                   : loaded 2 times (x 66B)
Class org.objectweb.asm.ByteVector                                                    : loaded 2 times (x 74B)
Class [Lcom.google.common.cache.CacheBuilder$NullListener;                            : loaded 2 times (x 65B)
Class com.google.common.math.IntMath$1                                                : loaded 2 times (x 67B)
Class [Lcom.amazon.ion.impl.bin.IonRawBinaryWriter$StreamFlushMode;                   : loaded 2 times (x 65B)
Class com.amazon.ion.UnsupportedIonVersionException                                   : loaded 2 times (x 81B)
Class kotlin.comparisons.ComparisonsKt__ComparisonsKt                                 : loaded 2 times (x 67B)
Class kotlin.ranges.RangesKt__RangesKt                                                : loaded 2 times (x 67B)
Class kotlin.collections.SetsKt___SetsKt                                              : loaded 2 times (x 67B)
Class kotlin.sequences.SequencesKt__SequencesKt                                       : loaded 2 times (x 67B)
Class kotlin.coroutines.Continuation                                                  : loaded 2 times (x 66B)
Class org.gradle.internal.classloader.VisitableURLClassLoader$Spec                    : loaded 2 times (x 70B)
Class org.gradle.internal.classpath.DefaultClassPath                                  : loaded 2 times (x 86B)
Class com.android.builder.model.v2.ide.BundleInfo                                     : loaded 2 times (x 66B)
Class com.android.builder.model.v2.ide.SourceProvider                                 : loaded 2 times (x 66B)
Class org.objectweb.asm.Symbol                                                        : loaded 2 times (x 69B)
Class com.google.common.base.AbstractIterator                                         : loaded 2 times (x 76B)
Class com.amazon.ion.impl.bin.IonManagedBinaryWriter$SymbolState                      : loaded 2 times (x 76B)
Class com.amazon.ion.IonStruct                                                        : loaded 2 times (x 66B)
Class org.jetbrains.plugins.gradle.model.GradleBuildScriptClasspathModel              : loaded 2 times (x 66B)
Class kotlin.text.CharsKt__CharJVMKt                                                  : loaded 2 times (x 67B)
Class kotlin.sequences.FilteringSequence                                              : loaded 2 times (x 71B)
Class kotlin.comparisons.ComparisonsKt                                                : loaded 2 times (x 67B)
Class kotlin.comparisons.ComparisonsKt___ComparisonsKt                                : loaded 2 times (x 67B)
Class kotlin.coroutines.jvm.internal.BaseContinuationImpl                             : loaded 2 times (x 83B)
Class kotlin.Result$Companion                                                         : loaded 2 times (x 67B)
Class org.gradle.util.internal.DefaultGradleVersion                                   : loaded 2 times (x 80B)
Class org.jetbrains.plugins.gradle.model.GradleExtensions                             : loaded 2 times (x 66B)
Class com.amazon.ion.system.IonBinaryWriterBuilder                                    : loaded 2 times (x 95B)
Class com.google.common.base.CharMatcher$Ascii                                        : loaded 2 times (x 108B)
Class com.amazon.ion.impl.bin.IonManagedBinaryWriter$UserState$4                      : loaded 2 times (x 81B)
Class org.gradle.internal.classloader.ClassLoaderSpec                                 : loaded 2 times (x 67B)
Class org.objectweb.asm.AnnotationWriter                                              : loaded 2 times (x 74B)
Class com.google.common.cache.CacheStats                                              : loaded 2 times (x 67B)
Class com.amazon.ion.impl.IonWriterSystemTextMarkup                                   : loaded 2 times (x 188B)
Class com.amazon.ion.impl.bin.BlockAllocator                                          : loaded 2 times (x 76B)
Class kotlin.jvm.internal.FunctionReferenceImpl                                       : loaded 2 times (x 118B)
Class kotlin.collections.CollectionsKt___CollectionsJvmKt                             : loaded 2 times (x 67B)
Class com.google.common.collect.ImmutableMultisetGwtSerializationDependencies         : loaded 2 times (x 121B)
Class org.objectweb.asm.RecordComponentWriter                                         : loaded 2 times (x 74B)
Class [Lcom.android.builder.model.v2.ide.ProjectType;                                 : loaded 2 times (x 65B)
Class com.google.common.util.concurrent.AbstractFuture$Listener                       : loaded 2 times (x 68B)
Class org.jetbrains.plugins.gradle.model.UnresolvedExternalDependency                 : loaded 2 times (x 66B)
Class com.amazon.ion.impl._Private_RecyclingQueue                                     : loaded 2 times (x 76B)
Class com.amazon.ion.system.IonWriterBuilderBase                                      : loaded 2 times (x 79B)
Class kotlin.TuplesKt                                                                 : loaded 2 times (x 67B)
Class kotlin.jvm.internal.markers.KMutableIterable                                    : loaded 2 times (x 66B)
Class kotlin.sequences.SequencesKt___SequencesJvmKt                                   : loaded 2 times (x 67B)
Class org.gradle.tooling.internal.adapter.ProtocolToModelAdapter$DefaultViewBuilder   : loaded 2 times (x 76B)
Class kotlin.Unit                                                                     : loaded 2 times (x 67B)
Class [Lcom.android.builder.model.v2.ide.AaptOptions$Namespacing;                     : loaded 2 times (x 65B)
Class org.objectweb.asm.Attribute                                                     : loaded 2 times (x 73B)
Class com.google.common.base.Supplier                                                 : loaded 2 times (x 66B)
Class kotlin.ranges.RangesKt                                                          : loaded 2 times (x 67B)
Class org.gradle.tooling.internal.adapter.ProtocolToModelAdapter$ViewGraphDetails$1   : loaded 2 times (x 73B)
Class org.gradle.internal.classloader.VisitableURLClassLoader                         : loaded 2 times (x 113B)
Class build_c97nr23ix64pb6zn9bb0sm9oh                                                 : loaded 2 times (x 176B)
Class com.google.common.util.concurrent.AbstractFuture$Waiter                         : loaded 2 times (x 68B)
Class com.amazon.ion.impl.bin.IonRawBinaryWriter$1                                    : loaded 2 times (x 73B)
Class [Lcom.amazon.ion.SymbolTable;                                                   : loaded 2 times (x 65B)
Class com.amazon.ion.impl.bin.IonBinaryWriterAdapter$Factory                          : loaded 2 times (x 66B)
Class com.amazon.ion.impl.BlockedBuffer$BufferedOutputStream                          : loaded 2 times (x 86B)
Class org.jetbrains.plugins.gradle.tooling.serialization.ExternalTestsSerializationService$ReadContext: loaded 2 times (x 68B)
Class com.google.common.collect.ImmutableList$SerializedForm                          : loaded 2 times (x 69B)
Class kotlin.collections.ArraysUtilJVM                                                : loaded 2 times (x 67B)
Class kotlin.sequences.FlatteningSequence$iterator$1                                  : loaded 2 times (x 75B)
Class kotlin.jvm.functions.Function0                                                  : loaded 2 times (x 66B)
Class com.android.builder.model.v2.ide.AndroidArtifact                                : loaded 2 times (x 66B)
Class org.gradle.api.internal.classpath.ManifestUtil                                  : loaded 2 times (x 67B)
Class org.gradle.tooling.model.idea.IdeaDependency                                    : loaded 2 times (x 66B)
Class com.android.builder.model.v2.ide.AaptOptions                                    : loaded 2 times (x 66B)
Class com.google.common.collect.Sets                                                  : loaded 2 times (x 67B)
Class org.objectweb.asm.Handler                                                       : loaded 2 times (x 68B)
Class com.google.common.base.Strings                                                  : loaded 2 times (x 67B)
Class com.google.common.base.Ticker                                                   : loaded 2 times (x 68B)
Class org.gradle.tooling.internal.adapter.ProtocolToModelAdapter$InvocationHandlerImpl: loaded 2 times (x 73B)
Class com.amazon.ion.impl.bin.AbstractIonWriter$WriteValueOptimization                : loaded 2 times (x 75B)
Class kotlin.collections.AbstractMutableList                                          : loaded 2 times (x 202B)
Class kotlin.jvm.functions.Function1                                                  : loaded 2 times (x 66B)
Class com.android.builder.model.v2.models.ndk.NativeModelBuilderParameter             : loaded 2 times (x 66B)
Class [Lcom.google.common.cache.LocalCache$Segment;                                   : loaded 2 times (x 65B)
Class [Lcom.google.common.cache.LocalCache$Strength;                                  : loaded 2 times (x 65B)
Class com.google.common.cache.CacheBuilder$1                                          : loaded 2 times (x 81B)
Class org.gradle.tooling.model.build.GradleEnvironment                                : loaded 2 times (x 66B)
Class org.jetbrains.plugins.gradle.tooling.util.IntObjectMap$ObjectFactory            : loaded 2 times (x 66B)
Class com.amazon.ion.impl.bin.BlockAllocatorProvider                                  : loaded 2 times (x 68B)
Class org.jetbrains.plugins.gradle.tooling.serialization.internal.IdeaProjectSerializationService$WriteContext: loaded 2 times (x 68B)
Class com.intellij.gradle.toolingExtension.impl.model.sourceSetDependencyModel.GradleSourceSetDependencySerialisationService: loaded 2 times (x 73B)
Class org.jetbrains.plugins.gradle.model.GradleSourceSetModel                         : loaded 2 times (x 66B)
Class kotlin.KotlinNothingValueException                                              : loaded 2 times (x 78B)
Class kotlin.jvm.functions.Function2                                                  : loaded 2 times (x 66B)
Class org.gradle.internal.classpath.DefaultClassPath$ImmutableUniqueList$Builder      : loaded 2 times (x 71B)
Class com.google.common.cache.LocalCache                                              : loaded 2 times (x 183B)
Class com.google.common.cache.CacheBuilder$2                                          : loaded 2 times (x 75B)
Class com.amazon.ion.IonException                                                     : loaded 2 times (x 80B)
Class com.amazon.ion.impl.lite.IonSequenceLite                                        : loaded 2 times (x 428B)
Class com.amazon.ion.impl._Private_Utils$1                                            : loaded 2 times (x 85B)
Class com.amazon.ion.impl.SymbolTableAsStruct                                         : loaded 2 times (x 66B)
Class com.google.common.collect.AbstractRangeSet                                      : loaded 2 times (x 110B)
Class kotlin.collections.MapsKt___MapsJvmKt                                           : loaded 2 times (x 67B)
Class org.gradle.tooling.internal.adapter.WeakIdentityHashMap$AbsentValueProvider     : loaded 2 times (x 66B)
Class com.google.common.cache.CacheBuilder$3                                          : loaded 2 times (x 68B)
Class com.amazon.ion.impl.bin.IonManagedBinaryWriter$UserState$3                      : loaded 2 times (x 81B)
Class com.google.common.util.concurrent.ExecutionError                                : loaded 2 times (x 78B)
Class com.google.common.collect.ArrayListMultimap                                     : loaded 2 times (x 168B)
Class com.google.common.base.AbstractIterator$1                                       : loaded 2 times (x 67B)
Class com.google.common.base.CharMatcher$Digit                                        : loaded 2 times (x 108B)
Class com.amazon.ion.impl.bin.AbstractIonWriter                                       : loaded 2 times (x 157B)
Class org.jetbrains.plugins.gradle.tooling.util.ObjectCollector$Processor             : loaded 2 times (x 66B)
Class org.jetbrains.kotlin.idea.gradleTooling.model.samWithReceiver.SamWithReceiverModel: loaded 2 times (x 66B)
Class kotlin.collections.EmptySet                                                     : loaded 2 times (x 118B)
Class kotlin.collections.CollectionsKt___CollectionsKt                                : loaded 2 times (x 67B)
Class kotlin.annotation.Target                                                        : loaded 2 times (x 66B)
Class com.google.common.collect.ImmutableEnumSet                                      : loaded 2 times (x 142B)
Class org.gradle.internal.exceptions.NonGradleCauseExceptionsHolder                   : loaded 2 times (x 66B)
Class org.gradle.tooling.model.idea.IdeaModuleDependency                              : loaded 2 times (x 66B)
Class org.gradle.tooling.internal.adapter.ViewBuilder                                 : loaded 2 times (x 66B)
Class com.android.builder.model.v2.ide.AndroidLibraryData                             : loaded 2 times (x 66B)
Class com.android.builder.model.v2.ide.ApiVersion                                     : loaded 2 times (x 66B)
Class com.google.common.collect.CollectPreconditions                                  : loaded 2 times (x 67B)
Class com.google.common.base.CharMatcher$JavaIsoControl                               : loaded 2 times (x 108B)
Class com.amazon.ion.system.IonReaderBuilder                                          : loaded 2 times (x 89B)
Class org.jetbrains.plugins.gradle.model.AnnotationProcessingConfig                   : loaded 2 times (x 66B)
Class com.amazon.ion.IonReader                                                        : loaded 2 times (x 66B)
Class kotlin.text.StringsKt___StringsJvmKt                                            : loaded 2 times (x 67B)
Class kotlin.reflect.KDeclarationContainer                                            : loaded 2 times (x 66B)
Class kotlin.annotation.Retention                                                     : loaded 2 times (x 66B)
Class com.android.builder.model.v2.models.Versions$Version                            : loaded 2 times (x 66B)
Class com.google.common.collect.SortedMapDifference                                   : loaded 2 times (x 66B)
Class com.google.common.base.CharMatcher$JavaLowerCase                                : loaded 2 times (x 107B)
Class com.amazon.ion.IonClob                                                          : loaded 2 times (x 66B)
Class org.jetbrains.plugins.gradle.tooling.ModelBuilderService$Parameter              : loaded 2 times (x 66B)
Class kotlin.io.FilesKt                                                               : loaded 2 times (x 67B)
Class kotlin.collections.MapsKt___MapsKt                                              : loaded 2 times (x 67B)
Class kotlin.collections.ArraysKt___ArraysKt                                          : loaded 2 times (x 67B)
Class com.google.common.cache.LocalCache$WriteThroughEntry                            : loaded 2 times (x 75B)
Class com.google.common.cache.LocalCache$HashIterator                                 : loaded 2 times (x 82B)
Class com.google.common.cache.LocalCache$EntryFactory                                 : loaded 2 times (x 79B)
Class com.amazon.ion.impl.lite.IonLobLite                                             : loaded 2 times (x 180B)
Class com.amazon.ion.impl.lite.IonTextLite                                            : loaded 2 times (x 177B)
Class com.amazon.ion.IonNumber                                                        : loaded 2 times (x 66B)
Class org.gradle.internal.impldep.gnu.trove.TObjectIntProcedure                       : loaded 2 times (x 66B)
Class kotlin.collections.MapsKt__MapWithDefaultKt                                     : loaded 2 times (x 67B)
Class org.gradle.tooling.internal.adapter.ProtocolToModelAdapter$ReflectionMethodInvoker: loaded 2 times (x 72B)
Class com.google.common.cache.LocalCache$AbstractReferenceEntry                       : loaded 2 times (x 103B)
Class com.google.common.base.Splitter$1$1                                             : loaded 2 times (x 82B)
Class com.google.common.base.CharMatcher$Whitespace                                   : loaded 2 times (x 108B)
Class [Lcom.amazon.ion.impl.bin.IonManagedBinaryWriter$UserState;                     : loaded 2 times (x 65B)
Class com.amazon.ion.impl.bin.utf8.Utf8StringEncoder                                  : loaded 2 times (x 76B)
Class com.amazon.ion.IonBool                                                          : loaded 2 times (x 66B)
Class org.jetbrains.kotlin.idea.gradleTooling.model.assignment.AssignmentModel        : loaded 2 times (x 66B)
Class kotlin.text.StringsKt___StringsKt                                               : loaded 2 times (x 67B)
Class com.google.common.collect.NullsLastOrdering                                     : loaded 2 times (x 111B)
Class kotlin.collections.CollectionsKt__MutableCollectionsJVMKt                       : loaded 2 times (x 67B)
Class com.android.builder.model.v2.models.VariantDependenciesAdjacencyList            : loaded 2 times (x 66B)
Class kotlin.enums.EnumEntriesKt                                                      : loaded 2 times (x 67B)
Class com.android.builder.model.v2.models.VariantDependencies                         : loaded 2 times (x 66B)
Class org.objectweb.asm.SymbolTable                                                   : loaded 2 times (x 68B)
Class com.google.common.cache.CacheLoader$InvalidCacheLoadException                   : loaded 2 times (x 78B)
Class org.gradle.internal.classloader.ClassLoaderHierarchy                            : loaded 2 times (x 66B)
Class com.google.common.base.CharMatcher$SingleWidth                                  : loaded 2 times (x 108B)
Class com.amazon.ion.IonLoader                                                        : loaded 2 times (x 66B)
Class org.jetbrains.plugins.gradle.model.GradleProperty                               : loaded 2 times (x 66B)
Class com.google.common.collect.ImmutableRangeSet$ComplementRanges                    : loaded 2 times (x 203B)
Class org.gradle.internal.classloader.SystemClassLoaderSpec                           : loaded 2 times (x 67B)
Class com.android.builder.model.v2.ide.TestedTargetVariant                            : loaded 2 times (x 66B)
Class com.google.common.cache.LocalCache$StrongEntry                                  : loaded 2 times (x 104B)
Class com.google.common.util.concurrent.AbstractFuture$TrustedFuture                  : loaded 2 times (x 110B)
Class com.google.common.cache.LoadingCache                                            : loaded 2 times (x 66B)
Class com.amazon.ion.impl._Private_Utils                                              : loaded 2 times (x 67B)
Class kotlin.ranges.IntRange$Companion                                                : loaded 2 times (x 67B)
Class kotlin.collections.EmptyMap                                                     : loaded 2 times (x 105B)
Class kotlin.reflect.KAnnotatedElement                                                : loaded 2 times (x 66B)
Class kotlin.jvm.internal.markers.KMutableCollection                                  : loaded 2 times (x 66B)
Class kotlin.coroutines.intrinsics.IntrinsicsKt                                       : loaded 2 times (x 67B)
Class org.gradle.internal.exceptions.MultiCauseException                              : loaded 2 times (x 66B)
Class org.gradle.internal.time.CountdownTimer                                         : loaded 2 times (x 66B)
Class kotlin.jvm.internal.Intrinsics                                                  : loaded 2 times (x 67B)
Class org.objectweb.asm.MethodWriter                                                  : loaded 2 times (x 101B)
Class [Lcom.google.common.cache.Weigher;                                              : loaded 2 times (x 65B)
Class kotlin.sequences.SequencesKt__SequenceBuilderKt                                 : loaded 2 times (x 67B)
Class com.intellij.gradle.toolingExtension.impl.model.projectModel.GradleExternalProjectSerializationService$ReadContext: loaded 2 times (x 69B)
Class com.intellij.gradle.toolingExtension.impl.model.dependencyModel.DependencyWriteContext: loaded 2 times (x 68B)
Class org.jetbrains.kotlin.idea.gradleTooling.model.parcelize.ParcelizeGradleModel    : loaded 2 times (x 66B)
Class kotlin.collections.MapsKt                                                       : loaded 2 times (x 67B)
Class kotlin.collections.CollectionsKt__IterablesKt                                   : loaded 2 times (x 67B)
Class kotlin.coroutines.intrinsics.CoroutineSingletons                                : loaded 2 times (x 75B)
Class org.gradle.tooling.model.ProjectModel                                           : loaded 2 times (x 66B)
Class com.google.common.collect.ImmutableMultimap$1                                   : loaded 2 times (x 78B)
Class build_a4rihn3zx9cbc2kbjbsh9i3kz                                                 : loaded 2 times (x 176B)
Class com.amazon.ion.impl.bin.utf8.Utf8StringEncoderPool                              : loaded 2 times (x 70B)
Class org.jetbrains.plugins.gradle.model.GradleConfiguration                          : loaded 2 times (x 66B)
Class com.amazon.ion.impl._Private_IonSystem                                          : loaded 2 times (x 66B)
Class com.amazon.ion.BufferConfiguration$OversizedValueHandler                        : loaded 2 times (x 66B)
Class kotlin.ranges.OpenEndRange                                                      : loaded 2 times (x 66B)
Class kotlin.sequences.SequenceBuilderIterator                                        : loaded 2 times (x 81B)
Class kotlin.KotlinNullPointerException                                               : loaded 2 times (x 79B)
Class build_c97nr23ix64pb6zn9bb0sm9oh$_run_closure1                                   : loaded 2 times (x 135B)
Class com.google.common.collect.ImmutableMultimap$2                                   : loaded 2 times (x 77B)
Class com.google.common.collect.RegularImmutableBiMap                                 : loaded 2 times (x 144B)
Class com.google.common.cache.LocalCache$ValueReference                               : loaded 2 times (x 66B)
Class kotlin.collections.CollectionsKt__ReversedViewsKt                               : loaded 2 times (x 67B)
Class kotlin.jvm.internal.CollectionToArray                                           : loaded 2 times (x 67B)
Class build_a4rihn3zx9cbc2kbjbsh9i3kz$_run_closure1                                   : loaded 2 times (x 135B)
Class com.amazon.ion.IonDecimal                                                       : loaded 2 times (x 66B)
Class org.jetbrains.plugins.gradle.model.tests.ExternalTestsModel                     : loaded 2 times (x 66B)
Class kotlin.ranges.RangesKt___RangesKt                                               : loaded 2 times (x 67B)
Class org.gradle.tooling.model.idea.IdeaLanguageLevel                                 : loaded 2 times (x 66B)
Class org.gradle.tooling.internal.adapter.ProtocolToModelAdapter$SafeMethodInvoker    : loaded 2 times (x 72B)
Class org.gradle.tooling.internal.adapter.WeakIdentityHashMap$WeakKey                 : loaded 2 times (x 75B)
Class org.gradle.internal.exceptions.DefaultMultiCauseException                       : loaded 2 times (x 91B)
Class com.android.builder.model.v2.ide.ProjectInfo                                    : loaded 2 times (x 66B)
Class com.google.common.util.concurrent.AbstractFuture$Failure                        : loaded 2 times (x 68B)
Class com.google.common.base.PatternCompiler                                          : loaded 2 times (x 66B)
Class com.google.common.base.Equivalence$Equals                                       : loaded 2 times (x 78B)
Class com.google.common.collect.Hashing                                               : loaded 2 times (x 67B)
Class kotlin.io.FilesKt__FileTreeWalkKt                                               : loaded 2 times (x 67B)
Class com.amazon.ion.impl.bin.IonRawBinaryWriter$StreamCloseMode                      : loaded 2 times (x 75B)
Class com.amazon.ion.impl._Private_IonBinaryWriterBuilder$Mutable                     : loaded 2 times (x 111B)
Class com.intellij.gradle.toolingExtension.impl.model.projectModel.GradleExternalProjectSerializationService: loaded 2 times (x 73B)
Class kotlin.text.CharsKt__CharKt                                                     : loaded 2 times (x 67B)
Class kotlin.collections.ArraysKt                                                     : loaded 2 times (x 67B)
Class kotlin.collections.ArrayDeque$Companion                                         : loaded 2 times (x 67B)
Class org.gradle.tooling.model.HierarchicalElement                                    : loaded 2 times (x 66B)
Class com.android.builder.model.v2.dsl.DependenciesInfo                               : loaded 2 times (x 66B)
Class kotlin.sequences.FilteringSequence$iterator$1                                   : loaded 2 times (x 75B)
Class org.objectweb.asm.Label                                                         : loaded 2 times (x 69B)
Class org.objectweb.asm.CurrentFrame                                                  : loaded 2 times (x 69B)
Class org.objectweb.asm.ClassTooLargeException                                        : loaded 2 times (x 79B)
Class com.intellij.gradle.toolingExtension.impl.model.sourceSetModel.GradleSourceSetSerialisationService$Companion: loaded 2 times (x 67B)
Class com.amazon.ion.impl._Private_IonValue                                           : loaded 2 times (x 66B)
Class com.amazon.ion.impl.bin.IonRawBinaryWriter$PatchPoint                           : loaded 2 times (x 69B)
Class com.amazon.ion.IonSequence                                                      : loaded 2 times (x 66B)
Class com.amazon.ion.IonBlob                                                          : loaded 2 times (x 66B)
Class com.amazon.ion.IonLob                                                           : loaded 2 times (x 66B)
Class org.jetbrains.plugins.gradle.tooling.serialization.ExternalTestsSerializationService: loaded 2 times (x 73B)
Class com.google.common.collect.ByFunctionOrdering                                    : loaded 2 times (x 111B)
Class kotlin.collections.SetsKt__SetsKt                                               : loaded 2 times (x 67B)
Class kotlin.coroutines.EmptyCoroutineContext                                         : loaded 2 times (x 73B)
Class org.gradle.internal.time.Time                                                   : loaded 2 times (x 67B)
Class com.amazon.ion.impl.bin.IonManagedBinaryWriter$UserState$2                      : loaded 2 times (x 81B)
Class org.objectweb.asm.Frame                                                         : loaded 2 times (x 69B)
Class org.objectweb.asm.MethodVisitor                                                 : loaded 2 times (x 100B)
Class com.google.common.cache.LocalCache$EntryFactory$1                               : loaded 2 times (x 79B)
Class [Lcom.google.common.cache.RemovalListener;                                      : loaded 2 times (x 65B)
Class [Lcom.google.common.base.AbstractIterator$State;                                : loaded 2 times (x 65B)
Class org.gradle.internal.classloader.FilteringClassLoader                            : loaded 2 times (x 101B)
Class com.amazon.ion.system.IonTextWriterBuilder                                      : loaded 2 times (x 94B)
Class com.amazon.ion.impl.bin.IonManagedBinaryWriter$ImportedSymbolResolverMode$1$1$1 : loaded 2 times (x 72B)
Class com.amazon.ion.impl._Private_LocalSymbolTableFactory                            : loaded 2 times (x 66B)
Class org.jetbrains.plugins.gradle.tooling.serialization.AnnotationProcessingModelSerializationService: loaded 2 times (x 73B)
Class com.google.common.collect.RangeGwtSerializationDependencies                     : loaded 2 times (x 67B)
Class kotlin.collections.ArraysKt__ArraysJVMKt                                        : loaded 2 times (x 67B)
Class com.google.common.cache.LocalCache$EntryFactory$2                               : loaded 2 times (x 79B)
Class com.amazon.ion.impl.lite.IonNullLite                                            : loaded 2 times (x 171B)
Class [Lcom.intellij.openapi.externalSystem.model.project.dependencies.ResolutionState;: loaded 2 times (x 65B)
Class org.gradle.internal.impldep.gnu.trove.TObjectHash                               : loaded 2 times (x 90B)
Class org.jetbrains.plugins.gradle.model.DependencyAccessorsModel                     : loaded 2 times (x 66B)
Class kotlin.text.StringsKt__StringBuilderKt                                          : loaded 2 times (x 67B)
Class com.google.common.collect.RangeSet                                              : loaded 2 times (x 66B)
Class kotlin.jvm.internal.CallableReference$NoReceiver                                : loaded 2 times (x 67B)
Class org.gradle.api.internal.classpath.GlobalCacheRootsProvider                      : loaded 2 times (x 66B)
Class org.objectweb.asm.ModuleWriter                                                  : loaded 2 times (x 77B)
Class com.google.common.cache.LocalCache$EntryFactory$3                               : loaded 2 times (x 79B)
Class com.google.common.base.Ticker$1                                                 : loaded 2 times (x 68B)
Class kotlin.NotImplementedError                                                      : loaded 2 times (x 78B)
Class com.google.common.collect.Maps$BiMapConverter                                   : loaded 2 times (x 86B)
Class com.amazon.ion.impl.lite.IonClobLite                                            : loaded 2 times (x 216B)
Class com.amazon.ion.impl._Private_ValueFactory                                       : loaded 2 times (x 66B)
Class com.amazon.ion.impl.bin.IonRawBinaryWriter$PreallocationMode$1                  : loaded 2 times (x 78B)
Class [Lcom.amazon.ion.impl.bin._Private_IonManagedBinaryWriterBuilder$AllocatorMode; : loaded 2 times (x 65B)
Class org.jetbrains.kotlin.idea.gradleTooling.KotlinMPPGradleModel                    : loaded 2 times (x 66B)
Class com.intellij.gradle.toolingExtension.impl.model.dependencyDownloadPolicyModel.GradleDependencyDownloadPolicy: loaded 2 times (x 66B)
Class kotlin.NoWhenBranchMatchedException                                             : loaded 2 times (x 78B)
Class org.gradle.tooling.model.BuildIdentifier                                        : loaded 2 times (x 66B)
Class com.android.builder.model.v2.ide.VectorDrawablesOptions                         : loaded 2 times (x 66B)
Class com.google.common.cache.LocalCache$EntryFactory$4                               : loaded 2 times (x 79B)
Class kotlin.sequences.FlatteningSequence                                             : loaded 2 times (x 71B)
Class kotlin.text.StringsKt__StringsKt                                                : loaded 2 times (x 67B)
Class com.amazon.ion.IonInt                                                           : loaded 2 times (x 66B)
Class com.amazon.ion.impl.bin.IonRawBinaryWriter$PreallocationMode$2                  : loaded 2 times (x 78B)
Class org.jetbrains.kotlin.idea.gradleTooling.PrepareKotlinIdeImportTaskModel         : loaded 2 times (x 66B)
Class com.google.common.collect.SetMultimap                                           : loaded 2 times (x 66B)
Class com.android.builder.model.v2.ide.Edge                                           : loaded 2 times (x 66B)
Class com.google.common.cache.LocalCache$EntryFactory$5                               : loaded 2 times (x 79B)
Class com.amazon.ion.impl.bin.IonRawBinaryWriter$PreallocationMode$3                  : loaded 2 times (x 78B)
Class com.android.ide.gradle.model.GradlePluginModel                                  : loaded 2 times (x 66B)
Class com.google.common.collect.ReverseOrdering                                       : loaded 2 times (x 111B)
Class org.gradle.tooling.model.build.JavaEnvironment                                  : loaded 2 times (x 66B)
Class com.android.builder.model.v2.ide.SourceSetContainer                             : loaded 2 times (x 66B)
Class com.google.common.cache.LocalCache$EntryFactory$6                               : loaded 2 times (x 79B)
Class org.jetbrains.plugins.gradle.model.GradleExtension                              : loaded 2 times (x 66B)
Class com.amazon.ion.impl.lite.IonDecimalLite                                         : loaded 2 times (x 184B)
Class com.amazon.ion.IonBufferConfiguration$Builder                                   : loaded 2 times (x 74B)
Class ijInit1_aigjrxuf3snavayjjbwvdbo7u                                               : loaded 2 times (x 175B)
Class org.gradle.internal.time.Timer                                                  : loaded 2 times (x 66B)
Class kotlin.jvm.internal.markers.KMappedMarker                                       : loaded 2 times (x 66B)
Class org.gradle.internal.installation.CurrentGradleInstallationLocator               : loaded 2 times (x 67B)
Class com.google.common.collect.ImmutableMultimap$Builder                             : loaded 2 times (x 79B)
Class com.android.builder.model.v2.ide.LintOptions                                    : loaded 2 times (x 66B)
Class com.google.common.collect.Maps$KeySet                                           : loaded 2 times (x 133B)
Class com.google.common.cache.LocalCache$EntryFactory$7                               : loaded 2 times (x 79B)
Class com.google.common.collect.ImmutableSet$EmptySetBuilderImpl                      : loaded 2 times (x 72B)
Class org.jetbrains.plugins.gradle.tooling.serialization.internal.IdeaProjectSerializationService$ReadContext: loaded 2 times (x 68B)
Class [Lcom.amazon.ion.impl.bin.IonRawBinaryWriter$ContainerType;                     : loaded 2 times (x 65B)
Class org.gradle.tooling.internal.adapter.ProtocolToModelAdapter$ViewGraphDetails     : loaded 2 times (x 68B)
Class org.gradle.tooling.model.idea.IdeaProject                                       : loaded 2 times (x 66B)
Class org.gradle.tooling.model.DomainObjectSet                                        : loaded 2 times (x 66B)
Class org.gradle.internal.service.DefaultServiceLocator                               : loaded 2 times (x 79B)
Class com.google.common.collect.ImmutableMultimap$EntryCollection                     : loaded 2 times (x 123B)
Class com.android.builder.model.v2.ide.BasicArtifact                                  : loaded 2 times (x 66B)
Class com.google.common.cache.LocalCache$EntryFactory$8                               : loaded 2 times (x 79B)
Class com.amazon.ion.impl.bin.IonManagedBinaryWriter$UserState$1                      : loaded 2 times (x 81B)
Class com.amazon.ion.impl.bin.utf8.Utf8StringEncoder$Result                           : loaded 2 times (x 70B)
Class com.amazon.ion.impl.bin.utf8.Pool$Allocator                                     : loaded 2 times (x 66B)
Class com.amazon.ion.IonText                                                          : loaded 2 times (x 66B)
Class com.amazon.ion.impl.SymbolTokenImpl                                             : loaded 2 times (x 77B)
Class com.amazon.ion.SubstituteSymbolTableException                                   : loaded 2 times (x 80B)
Class kotlin.coroutines.jvm.internal.SuspendFunction                                  : loaded 2 times (x 66B)
Class org.gradle.util.GradleVersion                                                   : loaded 2 times (x 79B)
Class org.gradle.internal.installation.CurrentGradleInstallation                      : loaded 2 times (x 69B)
Class com.google.common.cache.CacheLoader$1                                           : loaded 2 times (x 71B)
Class com.google.common.collect.ForwardingObject                                      : loaded 2 times (x 68B)
Class com.google.common.base.PairwiseEquivalence                                      : loaded 2 times (x 79B)
Class com.amazon.ion.impl.bin.IonManagedBinaryWriter$ImportDescriptor                 : loaded 2 times (x 72B)
Class com.amazon.ion.SymbolTable                                                      : loaded 2 times (x 66B)
Class org.jetbrains.plugins.gradle.tooling.serialization.GradleExtensionsSerializationService$WriteContext: loaded 2 times (x 68B)
Class com.intellij.gradle.toolingExtension.impl.model.taskModel.GradleTaskSerialisationService$Companion: loaded 2 times (x 67B)
Class org.jetbrains.plugins.gradle.javaModel.JavaGradleManifestModel                  : loaded 2 times (x 66B)
Class kotlin.jvm.internal.Ref$BooleanRef                                              : loaded 2 times (x 67B)
Class kotlin.coroutines.intrinsics.IntrinsicsKt__IntrinsicsJvmKt                      : loaded 2 times (x 67B)
Class kotlin.coroutines.jvm.internal.CoroutineStackFrame                              : loaded 2 times (x 66B)
Class org.gradle.tooling.internal.adapter.ProtocolToModelAdapter$MethodInvocationCache$MethodInvocationKey: loaded 2 times (x 69B)
Class org.gradle.util.internal.GUtil                                                  : loaded 2 times (x 67B)
Class com.android.utils.StringHelper                                                  : loaded 2 times (x 67B)
Class com.google.common.util.concurrent.AbstractFuture$SetFuture                      : loaded 2 times (x 71B)
Class com.google.common.cache.AbstractCache$StatsCounter                              : loaded 2 times (x 66B)
Class [Lcom.amazon.ion.impl.bin.IonManagedBinaryWriter$SymbolState;                   : loaded 2 times (x 65B)
Class com.amazon.ion.impl._Private_IonWriterBase                                      : loaded 2 times (x 158B)
Class com.amazon.ion.system.IonSystemBuilder                                          : loaded 2 times (x 71B)
Class com.amazon.ion.IonCatalog                                                       : loaded 2 times (x 66B)
Class com.intellij.gradle.toolingExtension.impl.model.sourceSetModel.GradleSourceSetSerialisationService$SourceSetModelReadContext: loaded 2 times (x 68B)
Class com.intellij.gradle.toolingExtension.impl.model.utilTurnOffDefaultTasksModel.TurnOffDefaultTasks: loaded 2 times (x 66B)
Class kotlin.io.NoSuchFileException                                                   : loaded 2 times (x 78B)
Class kotlin.collections.CollectionsKt                                                : loaded 2 times (x 67B)
Class com.android.builder.model.v2.dsl.BuildType                                      : loaded 2 times (x 66B)
Class com.google.common.base.Equivalence$Identity                                     : loaded 2 times (x 78B)
Class org.gradle.internal.time.MonotonicClock                                         : loaded 2 times (x 73B)
Class com.intellij.gradle.toolingExtension.impl.model.sourceSetModel.GradleSourceSetSerialisationService$SourceSetModelWriteContext: loaded 2 times (x 68B)
Class kotlin.coroutines.CoroutineContext                                              : loaded 2 times (x 66B)
Class kotlin.coroutines.jvm.internal.DebugProbesKt                                    : loaded 2 times (x 67B)
Class org.gradle.tooling.internal.adapter.WeakIdentityHashMap                         : loaded 2 times (x 72B)
Class org.gradle.tooling.GradleConnectionException                                    : loaded 2 times (x 78B)
Class org.gradle.tooling.internal.adapter.ProtocolToModelAdapter$1                    : loaded 2 times (x 71B)
Class org.gradle.tooling.internal.adapter.ProtocolToModelAdapter$ViewDecoration       : loaded 2 times (x 66B)
Class org.gradle.internal.installation.GradleInstallation                             : loaded 2 times (x 71B)
Class com.android.builder.model.v2.ide.ViewBindingOptions                             : loaded 2 times (x 66B)
Class com.google.common.base.Splitter$Strategy                                        : loaded 2 times (x 66B)
Class com.amazon.ion.impl._Private_RecyclingQueue$Recycler                            : loaded 2 times (x 66B)
Class com.amazon.ion.impl.lite.ContainerlessContext                                   : loaded 2 times (x 76B)
Class org.jetbrains.plugins.gradle.tooling.serialization.GradleExtensionsSerializationService$ReadContext: loaded 2 times (x 68B)
Class com.google.common.collect.LexicographicalOrdering                               : loaded 2 times (x 111B)
Class org.gradle.tooling.internal.adapter.MethodInvoker                               : loaded 2 times (x 66B)
Class com.google.common.collect.Lists$RandomAccessReverseList                         : loaded 2 times (x 196B)
Class com.amazon.ion.UnexpectedEofException                                           : loaded 2 times (x 80B)
Class com.amazon.ion.IonSexp                                                          : loaded 2 times (x 66B)
Class com.amazon.ion.ReadOnlyValueException                                           : loaded 2 times (x 80B)
Class com.amazon.ion.impl._Private_LocalSymbolTable                                   : loaded 2 times (x 66B)
Class com.amazon.ion.BufferConfiguration$DataHandler                                  : loaded 2 times (x 66B)
Class com.amazon.ion.impl._Private_IonBinaryWriterBuilder                             : loaded 2 times (x 111B)
Class org.jetbrains.plugins.gradle.tooling.serialization.RepositoriesModelSerializationService$WriteContext: loaded 2 times (x 68B)
Class com.android.ide.gradle.model.LegacyAndroidGradlePluginProperties                : loaded 2 times (x 66B)
Class kotlin.ranges.IntProgression                                                    : loaded 2 times (x 77B)
Class kotlin.jvm.KotlinReflectionNotSupportedError                                    : loaded 2 times (x 78B)
Class org.gradle.tooling.model.gradle.GradleScript                                    : loaded 2 times (x 66B)

---------------  S Y S T E M  ---------------

OS:
 Windows 11 , 64 bit Build 26100 (10.0.26100.7920)
OS uptime: 3 days 12:10 hours
Hyper-V role detected

CPU: total 12 (initial active 12) (12 cores per cpu, 2 threads per core) family 25 model 80 stepping 0 microcode 0xa50000f, cx8, cmov, fxsr, ht, mmx, 3dnowpref, sse, sse2, sse3, ssse3, sse4a, sse4.1, sse4.2, popcnt, lzcnt, tsc, tscinvbit, avx, avx2, aes, erms, clmul, bmi1, bmi2, adx, sha, fma, vzeroupper, clflush, clflushopt, hv, rdtscp, rdpid, fsrm, f16c, cet_ss
Processor Information for processor 0
  Max Mhz: 3301, Current Mhz: 670, Mhz Limit: 660
Processor Information for processor 1
  Max Mhz: 3301, Current Mhz: 670, Mhz Limit: 660
Processor Information for processor 2
  Max Mhz: 3301, Current Mhz: 2630, Mhz Limit: 3301
Processor Information for processor 3
  Max Mhz: 3301, Current Mhz: 3301, Mhz Limit: 3301
Processor Information for processor 4
  Max Mhz: 3301, Current Mhz: 2630, Mhz Limit: 3301
Processor Information for processor 5
  Max Mhz: 3301, Current Mhz: 3301, Mhz Limit: 3301
Processor Information for processor 6
  Max Mhz: 3301, Current Mhz: 2630, Mhz Limit: 3301
Processor Information for processor 7
  Max Mhz: 3301, Current Mhz: 3301, Mhz Limit: 3301
Processor Information for processor 8
  Max Mhz: 3301, Current Mhz: 3301, Mhz Limit: 3301
Processor Information for processor 9
  Max Mhz: 3301, Current Mhz: 3301, Mhz Limit: 3301
Processor Information for processor 10
  Max Mhz: 3301, Current Mhz: 2630, Mhz Limit: 3301
Processor Information for processor 11
  Max Mhz: 3301, Current Mhz: 3301, Mhz Limit: 3301

Memory: 4k page, system-wide physical 7518M (1050M free)
TotalPageFile size 31070M (AvailPageFile size 12M)
current process WorkingSet (physical memory assigned to process): 514M, peak: 514M
current process commit charge ("private bytes"): 650M, peak: 650M

vm_info: OpenJDK 64-Bit Server VM (21.0.5+-13047016-b750.29) for windows-amd64 JRE (21.0.5+-13047016-b750.29), built on 2025-02-11T21:12:39Z by "builder" with MS VC++ 16.10 / 16.11 (VS2019)

END.
